Date,Location,MinTemp,MaxTemp,Temperature,Humidity,Pressure,WindSpeed,WindDir,CloudCover,SunshineHours,Rainfall,RainToday,RainTomorrow
2014-01-01,Mysuru,19.3,30.3,24.1,49.4,1012.7,21.6,NE,57.9,5.6,0.0,No,Yes
2014-01-02,Bengaluru,17.1,25.1,21.7,59.1,1010.3,9.3,S,49.2,6.2,0.0,No,Yes
2014-01-03,Mysuru,18.3,29.3,25.0,59.4,1011.8,15.4,SE,35.1,6.0,6.8,Yes,Yes
2014-01-04,Belagavi,23.7,34.7,28.6,64.6,1016.2,16.5,SE,43.9,7.0,11.8,Yes,Yes
2014-01-05,Hubballi,16.8,28.6,21.8,42.3,1018.9,16.6,NE,47.1,4.3,0.0,No,No
2014-01-06,Bengaluru,17.9,28.0,21.9,65.6,1015.2,17.2,N,78.5,2.7,5.9,Yes,Yes
2014-01-07,Mangaluru,26.1,33.0,29.3,25.7,1012.8,18.8,NW,28.0,5.3,0.0,No,No
2014-01-08,Hubballi,22.0,32.5,26.2,50.4,1019.7,16.2,NE,,7.1,0.7,No,No
2014-01-09,Belagavi,18.2,26.3,21.4,51.8,1010.5,14.8,NW,40.8,6.3,1.6,Yes,Yes
2014-01-10,Hubballi,19.2,31.7,25.5,65.0,1017.1,14.5,E,52.7,8.2,7.9,Yes,Yes
2014-01-11,Hubballi,17.8,25.6,21.7,57.5,1010.4,13.6,W,70.7,5.1,5.6,Yes,Yes
2014-01-12,Belagavi,15.1,26.1,21.8,40.1,1013.9,19.1,SW,52.5,6.2,0.0,No,No
2014-01-13,Hubballi,18.2,31.3,24.7,44.9,1011.1,13.3,SE,24.3,7.3,0.0,No,No
2014-01-14,Mysuru,10.6,22.9,16.3,58.8,1011.3,19.2,SW,39.9,5.4,0.0,No,No
2014-01-15,Bengaluru,10.7,21.3,17.1,55.2,1009.6,15.8,SW,,5.1,7.3,Yes,Yes
2014-01-16,Belagavi,15.4,25.3,21.9,49.0,1018.1,13.6,,46.7,6.0,2.5,Yes,Yes
2014-01-17,Bengaluru,14.1,27.0,20.3,49.9,1007.6,18.0,W,27.7,6.1,0.0,No,No
2014-01-18,Mysuru,20.7,29.9,25.7,63.8,1007.5,12.6,SW,38.2,5.0,3.3,Yes,Yes
2014-01-19,Belagavi,14.1,24.4,20.9,49.0,1021.7,17.9,E,55.1,4.3,0.0,No,Yes
2014-01-20,Mysuru,12.8,23.4,19.0,53.9,1015.9,16.2,W,61.5,7.1,0.0,No,Yes
2014-01-21,Mangaluru,27.2,34.8,30.7,80.7,999.0,12.8,SE,57.6,7.9,20.6,Yes,Yes
2014-01-22,Mangaluru,19.4,27.4,24.1,37.4,1008.0,17.3,SW,77.1,3.8,0.0,No,Yes
2014-01-23,Mangaluru,20.2,32.3,25.4,32.0,1001.6,17.3,SE,50.2,6.0,4.5,Yes,Yes
2014-01-24,Bengaluru,14.4,23.7,19.5,63.4,1005.8,19.6,W,46.7,5.7,8.7,Yes,Yes
2014-01-25,Mangaluru,18.6,27.2,23.2,45.6,994.8,18.8,SW,31.0,6.3,0.0,No,Yes
2014-01-26,Mangaluru,20.8,30.6,25.9,49.7,1009.7,16.8,E,30.3,9.1,4.7,Yes,Yes
2014-01-27,Mysuru,17.6,25.6,21.0,43.9,1004.6,10.2,NE,47.6,8.3,0.0,No,No
2014-01-28,Hubballi,21.6,31.9,27.2,49.9,1010.5,24.5,SW,37.6,5.8,0.0,No,No
2014-01-29,Hubballi,18.4,30.1,23.4,72.0,1002.0,9.0,S,78.9,3.3,24.2,Yes,Yes
2014-01-30,Mangaluru,18.6,28.0,24.8,62.2,1010.5,18.3,NW,71.9,3.5,12.0,Yes,Yes
2014-01-31,Hubballi,17.9,30.4,23.7,62.7,1007.9,16.2,S,59.6,4.5,0.0,No,Yes
2014-02-01,Mangaluru,30.1,39.3,33.6,35.2,1017.4,,NE,21.4,9.6,0.0,No,No
2014-02-02,Mangaluru,21.8,32.0,26.2,38.1,1016.8,13.8,N,30.2,5.9,0.0,No,No
2014-02-03,Bengaluru,16.2,25.8,22.2,17.6,1013.6,13.9,W,50.9,6.3,0.0,No,Yes
2014-02-04,Belagavi,25.5,34.1,29.8,41.8,1008.0,19.4,NE,33.3,8.1,0.0,No,No
2014-02-05,Hubballi,16.5,25.0,21.8,62.8,1019.4,11.2,NE,66.9,4.3,5.3,Yes,No
2014-02-06,Mangaluru,20.7,33.2,27.6,57.3,1001.7,13.0,NE,55.0,6.5,0.0,No,Yes
2014-02-07,Hubballi,15.7,23.4,19.0,48.2,1002.3,4.6,S,45.1,6.4,2.3,Yes,No
2014-02-08,Bengaluru,17.9,26.9,21.7,,1008.9,20.8,NW,34.6,8.6,0.0,No,No
2014-02-09,Bengaluru,22.9,33.9,27.9,42.2,1020.5,9.5,SE,40.5,4.8,0.0,No,No
2014-02-10,Mangaluru,24.2,35.4,30.1,52.7,1008.1,15.1,NW,48.9,5.5,6.4,Yes,Yes
2014-02-11,Hubballi,23.7,31.3,28.0,59.3,1008.1,13.3,N,64.2,4.6,12.0,Yes,Yes
2014-02-12,Hubballi,23.5,30.2,26.9,30.5,1001.7,13.2,W,23.9,4.8,0.0,No,No
2014-02-13,Hubballi,22.0,32.8,26.3,53.3,1013.6,16.8,N,42.4,5.2,0.0,No,No
2014-02-14,Bengaluru,16.1,25.7,21.7,60.7,1013.6,20.2,NW,50.0,4.9,6.1,Yes,Yes
2014-02-15,Mysuru,18.6,29.3,24.8,44.3,1012.7,14.4,N,52.7,6.7,0.0,No,No
2014-02-16,Mysuru,19.0,29.8,25.9,57.6,1005.5,16.0,E,34.4,6.3,0.0,No,No
2014-02-17,Hubballi,26.1,37.9,32.1,82.8,1005.1,14.6,SW,38.4,5.8,12.9,Yes,Yes
2014-02-18,Hubballi,24.4,33.9,29.3,47.5,1002.1,17.3,NE,54.1,,0.0,No,Yes
2014-02-19,Belagavi,16.8,25.8,21.0,53.4,1008.9,11.4,SE,23.6,,0.0,No,No
2014-02-20,Mangaluru,22.7,35.1,29.4,39.6,1003.0,17.5,SE,60.1,2.5,9.9,Yes,Yes
2014-02-21,Bengaluru,21.6,32.2,26.7,50.5,1002.4,17.5,E,42.9,6.0,0.1,No,Yes
2014-02-22,Belagavi,19.9,31.7,25.6,53.7,1006.1,17.4,S,23.3,6.3,0.0,No,Yes
2014-02-23,Hubballi,26.0,36.8,30.9,50.3,1005.7,10.4,E,37.9,5.1,1.3,Yes,No
2014-02-24,Mysuru,28.6,37.4,32.6,35.6,1005.4,12.3,E,44.9,6.9,0.0,No,No
2014-02-25,Mysuru,27.1,36.1,32.3,50.2,1010.4,13.9,NE,37.1,8.0,0.0,No,No
2014-02-26,Belagavi,18.9,29.2,25.3,65.1,1008.4,7.4,S,51.3,6.7,5.3,Yes,Yes
2014-02-27,Mysuru,23.0,33.3,27.5,52.8,1006.5,19.2,SW,57.2,6.6,3.8,Yes,No
2014-02-28,Mysuru,24.4,34.2,30.1,58.8,1008.8,12.7,SW,45.5,7.7,3.5,Yes,Yes
2014-03-01,Mangaluru,29.6,37.5,32.8,44.3,1002.9,13.8,E,28.7,5.1,0.0,No,No
2014-03-02,Hubballi,20.3,30.5,27.0,56.0,1008.3,10.4,SW,42.9,7.0,16.0,Yes,No
2014-03-03,Belagavi,21.4,31.8,28.3,50.2,1008.5,7.3,NW,66.3,3.8,0.0,No,Yes
2014-03-04,Bengaluru,20.1,28.6,24.6,35.3,,10.2,SE,64.4,3.7,7.7,Yes,Yes
2014-03-05,Bengaluru,19.4,27.7,24.3,50.4,1012.6,13.4,NE,14.9,9.4,0.0,No,Yes
2014-03-06,Hubballi,28.8,36.5,32.4,34.6,1003.2,15.2,SW,55.2,3.3,1.0,Yes,Yes
2014-03-07,Bengaluru,30.9,40.0,34.7,38.8,1008.0,13.1,S,44.3,4.2,0.0,No,No
2014-03-08,Mysuru,23.6,35.0,29.0,48.6,1013.3,13.8,SE,58.3,5.9,9.7,Yes,Yes
2014-03-09,Mangaluru,27.9,36.5,33.4,,1012.1,11.0,N,36.6,7.5,0.0,No,No
2014-03-10,Belagavi,26.5,36.3,30.9,31.8,1007.6,14.3,NE,11.2,9.2,0.0,No,No
2014-03-11,Belagavi,22.4,31.3,26.9,58.6,1005.6,18.3,SE,57.2,4.2,13.1,Yes,Yes
2014-03-12,Mysuru,25.9,34.9,31.0,52.8,1012.1,15.1,E,32.0,8.2,0.0,No,No
2014-03-13,Hubballi,29.0,38.8,35.7,37.4,1010.7,15.5,E,19.1,9.2,0.0,No,No
2014-03-14,Mangaluru,25.9,33.8,29.5,27.3,1004.2,13.4,NE,16.1,8.8,0.0,No,No
2014-03-15,Bengaluru,30.7,42.1,35.9,43.9,1003.3,6.2,S,51.6,4.3,0.0,No,Yes
2014-03-16,Belagavi,16.0,24.3,19.2,40.2,996.9,,W,43.2,5.9,0.0,No,Yes
2014-03-17,Belagavi,28.2,39.1,33.0,46.9,1008.0,14.0,E,55.5,6.4,3.0,Yes,No
2014-03-18,Hubballi,25.5,34.8,30.1,41.1,1006.8,12.1,SE,51.5,7.3,0.0,No,No
2014-03-19,Mangaluru,24.9,35.0,28.6,21.3,1012.8,13.9,N,27.2,7.3,0.0,No,No
2014-03-20,Bengaluru,26.5,33.8,30.2,40.7,1008.9,18.8,S,40.2,6.3,2.7,Yes,Yes
2014-03-21,Belagavi,17.1,28.2,21.9,41.6,1013.8,15.0,W,34.0,7.0,0.1,No,No
2014-03-22,Belagavi,25.5,33.9,29.0,52.8,1003.6,17.1,NE,43.0,6.7,0.0,No,No
2014-03-23,Bengaluru,27.1,37.3,31.3,36.8,1012.8,12.4,E,25.2,7.2,0.0,No,No
2014-03-24,Mangaluru,32.5,39.8,35.8,65.3,1004.4,8.8,S,57.0,1.8,0.0,No,No
2014-03-25,Mangaluru,23.7,32.8,27.9,22.2,1010.9,11.8,NW,50.0,7.3,0.0,No,No
2014-03-26,Mangaluru,21.6,32.7,26.7,60.8,999.7,8.8,N,37.1,9.1,8.0,Yes,Yes
2014-03-27,Belagavi,22.0,32.9,28.0,,1008.2,18.3,NW,61.2,4.2,0.7,No,No
2014-03-28,Mysuru,27.3,38.5,33.6,,997.1,15.2,NW,48.8,4.6,5.8,Yes,Yes
2014-03-29,Belagavi,27.0,37.5,31.3,46.0,1005.7,14.1,NW,47.0,5.9,0.0,No,No
2014-03-30,Hubballi,21.1,31.5,27.9,58.7,1009.2,16.9,S,23.0,7.9,0.0,No,No
2014-03-31,Hubballi,28.1,37.0,32.1,40.4,1004.4,3.9,S,14.0,10.0,0.0,No,No
2014-04-01,Belagavi,27.1,36.7,30.4,31.8,1001.7,14.4,NE,39.9,6.7,0.0,No,No
2014-04-02,Belagavi,27.2,40.3,33.9,62.0,1011.2,6.8,W,61.7,3.9,5.6,Yes,Yes
2014-04-03,Bengaluru,22.0,30.7,27.2,43.6,1006.5,12.0,N,32.4,5.7,0.0,No,Yes
2014-04-04,Mangaluru,24.3,35.1,28.7,47.7,1004.6,10.8,NW,69.1,5.3,0.0,No,Yes
2014-04-05,Bengaluru,21.8,31.5,28.4,59.8,1007.2,14.7,N,60.0,5.7,0.0,No,Yes
2014-04-06,Hubballi,18.0,30.5,24.1,32.7,,12.9,S,24.4,9.2,0.0,No,No
2014-04-07,Hubballi,24.8,35.2,31.1,52.2,1012.8,17.4,E,,5.0,0.6,No,No
2014-04-08,Mysuru,26.8,36.3,31.0,38.0,1012.9,9.6,S,77.4,5.8,9.7,Yes,No
2014-04-09,Mangaluru,23.5,33.0,30.0,43.5,1009.2,14.9,SE,23.8,5.9,0.0,No,Yes
2014-04-10,Mangaluru,23.4,34.9,29.0,46.0,1007.9,12.7,E,51.3,6.6,0.0,No,No
2014-04-11,Hubballi,18.3,29.0,24.2,27.2,995.1,5.5,NE,31.0,5.1,0.0,No,Yes
2014-04-12,Bengaluru,23.9,34.6,28.2,35.9,1003.7,8.4,NW,50.0,4.9,0.0,No,Yes
2014-04-13,Belagavi,24.5,33.7,28.5,61.5,1004.7,11.5,NW,68.6,6.2,3.0,Yes,Yes
2014-04-14,Mangaluru,22.0,32.9,26.6,56.0,997.8,16.6,N,41.6,7.5,7.8,Yes,No
2014-04-15,Belagavi,23.8,34.6,29.1,44.7,1001.4,14.0,SW,59.6,4.4,4.6,Yes,Yes
2014-04-16,Hubballi,25.7,37.3,31.4,48.4,997.3,7.5,E,77.7,2.9,14.4,Yes,Yes
2014-04-17,Mysuru,32.3,43.2,37.3,42.0,1007.0,11.6,NE,42.8,6.6,0.0,No,Yes
2014-04-18,Hubballi,24.6,34.4,30.4,61.9,1011.3,20.3,S,61.5,5.5,10.7,Yes,No
2014-04-19,Belagavi,24.8,36.0,30.7,43.3,1012.8,12.7,NE,33.5,8.7,0.0,No,No
2014-04-20,Hubballi,23.6,35.8,29.3,48.6,1009.4,10.9,NW,44.7,5.7,4.6,Yes,Yes
2014-04-21,Mangaluru,17.9,28.4,21.9,59.6,1002.5,14.3,SE,46.2,4.2,6.9,Yes,No
2014-04-22,Belagavi,24.6,33.9,29.4,36.6,997.7,15.4,SW,51.6,5.9,0.0,No,Yes
2014-04-23,Belagavi,23.6,34.0,29.7,64.7,998.6,10.5,NE,69.0,3.7,15.2,Yes,Yes
2014-04-24,Mysuru,32.7,44.9,39.3,27.8,1001.1,14.4,NW,34.5,5.6,0.0,No,No
2014-04-25,Mangaluru,23.6,34.7,28.6,65.8,1003.0,11.1,SW,74.3,4.2,23.4,Yes,Yes
2014-04-26,Bengaluru,23.5,33.6,30.5,41.9,1006.7,15.3,NW,64.7,4.4,3.1,Yes,Yes
2014-04-27,Mysuru,25.4,32.5,29.1,43.5,1002.5,13.2,SW,55.1,5.8,1.5,Yes,Yes
2014-04-28,Mangaluru,20.6,30.6,24.5,23.9,1009.3,14.4,E,26.8,6.7,0.0,No,No
2014-04-29,Bengaluru,28.8,38.4,33.7,41.2,1006.5,9.5,W,32.3,7.9,0.0,No,No
2014-04-30,Belagavi,27.0,37.7,32.1,,1007.8,9.3,N,26.5,6.2,0.0,No,No
2014-05-01,Mysuru,27.4,38.4,32.1,39.6,1013.5,16.4,NW,55.1,4.4,0.0,No,Yes
2014-05-02,Belagavi,20.6,31.3,25.3,45.4,1001.9,12.4,E,25.0,7.6,0.0,No,No
2014-05-03,Belagavi,29.5,40.7,34.5,58.7,1010.0,13.9,NW,58.6,7.2,0.0,No,Yes
2014-05-04,Belagavi,18.9,28.2,23.2,49.8,1007.9,11.5,E,28.7,8.5,0.0,No,No
2014-05-05,Mangaluru,27.5,34.7,31.0,51.1,1006.3,16.4,N,57.8,6.5,11.4,Yes,Yes
2014-05-06,Bengaluru,30.6,42.3,37.4,34.4,1012.5,10.4,SE,39.0,8.4,0.0,No,No
2014-05-07,Mangaluru,18.4,31.4,24.6,37.2,1012.5,12.4,E,59.9,9.3,0.0,No,Yes
2014-05-08,Belagavi,19.9,30.4,26.2,69.5,1003.4,16.1,NW,69.9,4.2,3.3,Yes,Yes
2014-05-09,Mysuru,24.3,33.5,28.8,39.2,1007.3,17.7,N,62.2,6.5,8.9,Yes,Yes
2014-05-10,Belagavi,21.7,32.3,26.3,68.1,1009.7,11.0,N,74.1,5.0,15.4,Yes,Yes
2014-05-11,Bengaluru,15.3,25.3,22.0,45.4,1007.0,21.0,E,45.3,7.4,2.7,Yes,Yes
2014-05-12,Mangaluru,21.5,34.4,28.4,48.6,1011.3,14.4,SW,,9.9,0.0,No,No
2014-05-13,Bengaluru,17.0,27.9,23.8,61.5,1009.9,9.1,N,33.8,6.7,0.0,No,No
2014-05-14,Mangaluru,24.3,33.9,29.8,64.1,1017.7,14.8,SW,19.3,7.8,0.0,No,No
2014-05-15,Bengaluru,20.2,29.5,24.2,47.7,1001.0,11.8,S,27.8,8.1,5.7,Yes,No
2014-05-16,Bengaluru,28.5,38.0,34.0,,1008.1,15.1,E,43.9,6.1,0.0,No,Yes
2014-05-17,Mangaluru,19.2,30.1,24.5,48.7,1004.2,,SW,36.1,7.4,1.4,Yes,No
2014-05-18,Mangaluru,19.6,32.9,26.3,53.6,1011.9,13.8,SE,43.8,8.2,3.6,Yes,Yes
2014-05-19,Mangaluru,26.5,35.3,30.7,60.5,1000.8,9.9,S,56.6,4.7,12.3,Yes,Yes
2014-05-20,Hubballi,18.6,29.2,22.4,50.0,1010.7,17.6,W,40.4,6.3,0.0,No,No
2014-05-21,Bengaluru,24.1,34.9,28.2,57.6,1005.9,9.1,SE,31.2,7.6,0.0,No,Yes
2014-05-22,Hubballi,28.4,36.2,32.4,70.0,1005.5,9.3,SW,52.2,5.4,13.5,Yes,Yes
2014-05-23,Hubballi,15.0,25.3,20.6,55.1,1002.0,15.3,W,33.6,4.9,5.0,Yes,Yes
2014-05-24,Belagavi,21.4,34.6,27.7,54.5,1007.0,20.3,NW,42.7,5.7,7.4,Yes,Yes
2014-05-25,Hubballi,23.4,31.4,27.9,32.7,1014.8,12.6,E,58.2,6.0,0.0,No,No
2014-05-26,Hubballi,26.1,34.7,29.8,19.6,1009.3,16.9,NE,28.8,9.3,0.0,No,No
2014-05-27,Mangaluru,17.3,26.4,21.7,56.0,1012.7,18.4,NW,74.0,2.4,3.8,Yes,Yes
2014-05-28,Mangaluru,16.0,27.4,21.2,50.4,1018.0,17.5,N,66.7,3.1,0.0,No,Yes
2014-05-29,Mysuru,22.8,32.1,28.5,45.6,1011.0,13.0,S,34.6,7.2,0.0,No,No
2014-05-30,Bengaluru,22.2,31.3,27.4,54.9,1007.0,10.0,E,30.3,5.0,0.0,No,Yes
2014-05-31,Hubballi,23.1,30.8,27.1,51.5,1012.2,,N,44.8,5.7,0.0,No,Yes
2014-06-01,Hubballi,20.7,31.1,27.4,66.0,1007.3,13.4,SW,68.7,2.2,19.1,Yes,Yes
2014-06-02,Bengaluru,18.4,27.2,23.2,53.7,1007.6,19.3,NE,39.1,8.4,6.3,Yes,Yes
2014-06-03,Mangaluru,21.9,31.8,26.7,43.9,1002.6,10.1,SE,56.2,4.4,3.7,Yes,Yes
2014-06-04,Mangaluru,20.0,32.7,26.8,65.0,1014.9,17.5,NW,69.1,6.2,5.8,Yes,Yes
2014-06-05,Bengaluru,16.2,27.2,22.7,50.8,1008.4,11.0,NW,33.7,8.5,0.0,No,No
2014-06-06,Bengaluru,26.7,37.7,32.9,59.9,1011.4,15.3,E,,6.0,4.8,Yes,No
2014-06-07,Mangaluru,23.5,33.4,27.2,48.1,1005.4,17.8,E,54.9,4.1,1.7,Yes,Yes
2014-06-08,Bengaluru,14.0,25.5,20.4,46.3,1012.8,12.4,SW,45.8,6.0,0.0,No,Yes
2014-06-09,Mangaluru,22.8,33.0,27.7,55.3,1006.9,15.8,NE,36.8,6.8,6.5,Yes,Yes
2014-06-10,Bengaluru,17.2,26.1,21.0,54.7,1010.1,13.5,W,,6.9,0.0,No,Yes
2014-06-11,Mangaluru,21.0,34.1,27.9,60.5,1015.3,18.1,SE,48.2,5.1,0.0,No,Yes
2014-06-12,Mysuru,25.6,33.0,29.3,51.8,1015.0,16.3,E,22.3,9.0,0.0,No,No
2014-06-13,Mangaluru,14.5,28.2,21.2,33.2,1011.0,15.7,NW,49.8,6.2,0.0,No,No
2014-06-14,Mangaluru,25.2,34.8,28.2,50.3,1002.4,21.7,SW,38.0,6.4,0.0,No,No
2014-06-15,Hubballi,21.2,30.5,25.9,65.3,1026.3,18.2,NW,9.4,8.4,0.0,No,No
2014-06-16,Mangaluru,24.3,32.1,27.4,52.4,1020.1,12.9,W,45.6,6.0,0.0,No,No
2014-06-17,Bengaluru,24.9,38.0,31.6,53.3,1015.1,15.4,N,35.2,6.1,0.0,No,No
2014-06-18,Belagavi,19.4,27.7,22.9,68.4,1007.8,15.5,SW,77.7,3.6,17.4,Yes,Yes
2014-06-19,Bengaluru,15.0,25.7,20.7,48.2,1011.1,16.2,NE,35.5,7.1,0.0,No,No
2014-06-20,Hubballi,14.5,26.0,20.0,38.5,1009.1,26.1,W,23.9,8.3,0.0,No,No
2014-06-21,Bengaluru,14.1,24.7,20.2,55.3,1018.2,17.6,E,54.8,7.6,5.4,Yes,No
2014-06-22,Mysuru,17.0,27.8,23.0,51.7,1013.3,8.0,SW,35.8,6.9,0.0,No,No
2014-06-23,Belagavi,21.4,27.7,24.5,46.2,1008.2,14.1,W,31.8,8.6,0.0,No,No
2014-06-24,Belagavi,19.6,27.7,24.2,55.9,1009.9,8.6,NW,55.0,5.7,2.0,Yes,Yes
2014-06-25,Hubballi,21.9,31.1,26.2,64.2,1017.9,15.1,SE,35.1,6.8,0.0,No,No
2014-06-26,Belagavi,15.9,26.0,22.8,58.4,1020.4,8.6,NW,26.5,7.6,2.3,Yes,No
2014-06-27,Mangaluru,22.4,32.7,28.4,62.5,1020.2,13.1,S,75.9,3.6,24.5,Yes,No
2014-06-28,Hubballi,15.6,26.2,21.4,80.8,1016.4,10.6,E,66.0,4.8,1.9,Yes,Yes
2014-06-29,Mysuru,28.5,36.6,33.2,55.2,1011.5,18.3,SE,43.1,5.3,4.9,Yes,Yes
2014-06-30,Belagavi,18.2,28.0,24.7,62.9,996.6,16.9,NE,50.1,4.1,8.4,Yes,Yes
2014-07-01,Belagavi,15.6,21.7,18.7,53.7,1014.4,18.2,SE,54.1,6.3,6.3,Yes,Yes
2014-07-02,Hubballi,13.8,22.6,17.7,49.9,1013.0,16.6,SE,59.6,6.1,6.4,Yes,No
2014-07-03,Belagavi,18.0,27.3,23.7,53.3,1013.8,11.5,W,35.0,8.0,3.8,Yes,Yes
2014-07-04,Belagavi,15.7,26.5,20.8,54.9,1013.5,19.3,NE,52.4,5.8,2.1,Yes,Yes
2014-07-05,Mysuru,19.3,29.4,24.4,65.2,1006.7,25.0,S,43.5,7.3,0.0,No,No
2014-07-06,Mysuru,18.6,26.4,23.3,89.3,1016.2,,SW,57.9,6.0,18.3,Yes,Yes
2014-07-07,Hubballi,17.3,24.2,21.0,52.8,1016.7,15.8,NW,48.5,6.9,0.0,No,No
2014-07-08,Belagavi,14.1,24.4,17.7,56.6,1017.1,11.8,N,47.6,5.0,0.0,No,No
2014-07-09,Bengaluru,10.8,18.4,14.9,61.1,1018.5,14.0,S,60.5,3.6,0.0,No,Yes
2014-07-10,Hubballi,14.2,25.1,19.1,66.9,1016.9,19.5,N,59.1,4.6,10.9,Yes,Yes
2014-07-11,Mysuru,17.8,28.1,24.1,65.6,1011.9,22.1,N,28.6,7.6,8.4,Yes,No
2014-07-12,Bengaluru,16.6,25.7,21.4,,1013.7,18.9,N,35.9,6.7,0.0,No,Yes
2014-07-13,Belagavi,8.9,18.6,15.5,33.8,1014.6,21.2,E,33.0,5.0,0.0,No,No
2014-07-14,Hubballi,17.5,26.2,21.0,34.5,1014.8,20.9,NW,66.2,6.5,0.0,No,No
2014-07-15,Hubballi,17.6,26.6,21.7,57.5,1019.4,20.2,S,35.2,6.7,0.0,No,No
2014-07-16,Mysuru,13.2,22.5,16.5,76.8,1017.7,15.6,SE,52.6,5.8,7.3,Yes,Yes
2014-07-17,Mangaluru,15.5,27.1,20.5,45.1,1025.0,19.0,W,35.0,8.6,0.0,No,Yes
2014-07-18,Mangaluru,16.6,25.2,20.0,28.1,1025.7,15.0,E,27.9,4.9,0.0,No,No
2014-07-19,Mangaluru,8.9,21.9,15.1,71.3,1015.2,18.5,W,56.2,4.7,1.7,Yes,Yes
2014-07-20,Hubballi,17.8,24.5,20.9,67.6,,19.9,NE,73.0,3.4,10.9,Yes,Yes
2014-07-21,Mysuru,16.7,26.0,21.6,51.8,1021.1,25.4,NE,52.6,5.2,0.0,No,Yes
2014-07-22,Mysuru,18.9,29.9,23.6,53.3,1012.4,13.5,N,34.3,6.9,0.0,No,No
2014-07-23,Mangaluru,19.5,28.6,23.3,53.8,1011.1,20.7,,87.8,4.4,7.4,Yes,Yes
2014-07-24,Bengaluru,8.1,18.7,13.5,67.0,1013.3,24.8,SW,53.0,6.4,0.5,No,No
2014-07-25,Mangaluru,10.6,20.0,15.1,58.4,1013.1,22.0,W,39.7,7.8,0.8,No,Yes
2014-07-26,Hubballi,17.0,23.9,20.8,72.0,1018.5,22.4,SW,75.0,3.8,13.6,Yes,Yes
2014-07-27,Bengaluru,14.4,24.0,20.7,32.1,1007.7,21.5,E,30.8,5.8,0.0,No,No
2014-07-28,Mysuru,14.9,23.9,20.6,56.3,1010.2,24.4,NE,72.5,1.5,5.8,Yes,Yes
2014-07-29,Belagavi,30.7,37.5,33.8,53.3,1017.4,14.9,SE,33.3,5.4,0.0,No,No
2014-07-30,Bengaluru,15.5,23.9,20.5,64.0,1018.9,13.8,S,72.0,4.4,1.3,Yes,Yes
2014-07-31,Mysuru,18.6,26.1,22.7,60.8,1019.1,19.4,,52.3,5.7,0.0,No,Yes
2014-08-01,Bengaluru,15.2,27.4,21.8,77.1,1012.1,10.9,NW,75.2,3.5,18.6,Yes,Yes
2014-08-02,Mangaluru,14.6,24.0,20.5,45.4,1011.2,24.5,N,71.7,3.6,0.0,No,Yes
2014-08-03,Bengaluru,11.1,21.4,16.5,68.5,1013.6,24.5,W,35.4,9.5,0.3,No,No
2014-08-04,Bengaluru,17.3,23.9,20.7,74.8,1017.5,18.0,N,74.1,2.8,9.2,Yes,Yes
2014-08-05,Bengaluru,7.7,18.5,14.4,90.6,1023.8,18.3,N,40.1,7.8,9.3,Yes,No
2014-08-06,Hubballi,12.9,23.2,16.5,62.8,1006.2,19.6,NE,34.4,7.1,0.0,No,Yes
2014-08-07,Hubballi,10.6,18.5,15.4,72.7,1015.4,20.1,NE,42.0,6.4,3.3,Yes,Yes
2014-08-08,Mangaluru,11.8,24.0,17.5,47.3,1009.9,20.5,NW,51.5,7.1,1.0,No,Yes
2014-08-09,Belagavi,21.4,32.4,26.4,40.5,1008.4,22.3,SW,41.7,8.3,0.0,No,Yes
2014-08-10,Hubballi,3.0,16.2,9.5,79.5,1021.6,19.4,NW,54.3,5.2,0.0,No,No
2014-08-11,Belagavi,13.3,25.8,19.6,69.5,1019.6,24.0,S,55.0,6.4,3.2,Yes,Yes
2014-08-12,Hubballi,6.8,16.6,10.3,83.9,1019.2,22.0,SW,67.4,4.8,15.1,Yes,Yes
2014-08-13,Mysuru,9.3,18.2,14.8,53.5,1021.6,17.9,SW,56.4,5.3,0.0,No,Yes
2014-08-14,Mysuru,17.7,27.3,20.9,76.4,1014.7,25.7,N,72.0,4.2,15.7,Yes,Yes
2014-08-15,Bengaluru,10.8,21.6,16.7,92.8,1015.0,15.0,SW,89.4,1.7,15.8,Yes,Yes
2014-08-16,Belagavi,6.1,16.5,12.1,75.6,1028.2,20.1,E,54.9,5.1,0.0,No,No
2014-08-17,Bengaluru,9.0,17.0,13.4,74.1,1016.1,24.4,,46.8,5.4,5.2,Yes,Yes
2014-08-18,Bengaluru,12.8,21.9,18.9,71.0,1021.0,17.7,W,62.6,5.9,0.0,No,Yes
2014-08-19,Hubballi,7.6,18.7,13.2,52.2,1017.5,21.9,,28.7,7.5,0.0,No,Yes
2014-08-20,Hubballi,11.8,22.8,16.9,87.5,1008.3,22.9,NE,49.8,4.3,18.8,Yes,Yes
2014-08-21,Bengaluru,11.3,20.6,16.1,64.1,1007.3,17.4,SW,65.6,3.7,10.5,Yes,Yes
2014-08-22,Hubballi,9.8,16.9,13.2,77.7,1014.7,20.6,W,54.2,1.6,4.9,Yes,Yes
2014-08-23,Mysuru,19.2,27.9,24.3,53.0,1023.0,20.3,N,28.1,7.1,0.0,No,No
2014-08-24,Mysuru,14.6,21.9,18.2,57.8,1021.7,18.8,NW,25.8,7.9,0.0,No,Yes
2014-08-25,Belagavi,1.8,10.7,7.5,89.3,1022.4,30.2,NW,61.4,4.7,12.4,Yes,Yes
2014-08-26,Mysuru,10.8,20.7,16.2,68.1,1013.0,18.0,W,69.4,6.6,2.1,Yes,Yes
2014-08-27,Bengaluru,8.6,18.2,12.8,89.8,,25.1,N,77.9,4.2,2.2,Yes,Yes
2014-08-28,Mangaluru,14.7,23.5,18.7,71.6,,19.6,NE,55.3,6.0,18.3,Yes,Yes
2014-08-29,Hubballi,7.2,15.6,12.1,50.6,1019.1,16.9,S,75.4,1.7,0.0,No,Yes
2014-08-30,Bengaluru,9.7,21.0,14.7,83.5,1018.1,21.7,S,56.8,4.8,12.8,Yes,Yes
2014-08-31,Hubballi,10.9,21.3,17.1,65.8,1017.3,23.9,W,49.3,5.3,11.0,Yes,No
2014-09-01,Belagavi,14.3,23.9,18.5,81.4,1024.9,25.0,S,19.1,7.5,0.0,No,Yes
2014-09-02,Bengaluru,5.6,14.2,10.2,,1014.7,27.6,S,47.7,5.1,1.6,Yes,Yes
2014-09-03,Bengaluru,9.2,18.9,13.6,54.8,1011.6,33.2,E,59.7,2.9,0.0,No,No
2014-09-04,Bengaluru,8.4,16.5,12.9,75.4,1018.5,22.5,N,78.6,1.9,3.5,Yes,Yes
2014-09-05,Belagavi,6.9,17.8,12.2,99.9,1016.4,18.9,S,52.5,6.7,17.2,Yes,Yes
2014-09-06,Bengaluru,16.6,27.1,21.8,79.6,1035.3,23.4,NW,63.8,4.5,11.8,Yes,Yes
2014-09-07,Hubballi,11.8,21.4,16.3,73.1,1021.9,20.5,W,69.9,3.6,5.4,Yes,Yes
2014-09-08,Mangaluru,4.2,13.4,9.6,86.8,1016.5,25.3,W,59.9,5.0,8.8,Yes,Yes
2014-09-09,Bengaluru,12.8,23.4,18.2,76.5,1013.3,16.5,W,21.3,9.6,4.4,Yes,Yes
2014-09-10,Belagavi,17.9,29.6,23.0,76.6,1009.2,31.2,,59.3,,7.3,Yes,Yes
2014-09-11,Belagavi,13.8,22.1,18.6,61.0,1013.5,25.1,NW,60.8,5.6,6.3,Yes,Yes
2014-09-12,Bengaluru,5.0,14.2,8.3,77.0,1019.3,15.0,NW,41.6,5.5,3.4,Yes,Yes
2014-09-13,Belagavi,7.3,15.9,12.4,86.7,1025.9,18.9,SW,55.9,4.6,5.0,Yes,Yes
2014-09-14,Mysuru,13.6,23.8,19.4,64.3,1024.4,25.1,W,33.4,7.6,0.0,No,No
2014-09-15,Belagavi,7.6,17.2,11.5,91.5,1019.9,26.5,NW,23.1,10.3,13.9,Yes,Yes
2014-09-16,Mangaluru,9.9,21.3,16.0,,1017.2,16.7,SE,69.8,5.9,13.3,Yes,No
2014-09-17,Mysuru,12.0,23.0,17.3,63.9,1020.2,24.7,SE,50.5,6.5,6.9,Yes,Yes
2014-09-18,Hubballi,6.5,17.3,10.5,86.6,1016.3,14.1,W,83.6,3.2,12.6,Yes,Yes
2014-09-19,Mysuru,10.3,20.8,13.9,71.2,1027.5,21.5,N,66.4,6.2,10.6,Yes,Yes
2014-09-20,Mangaluru,-2.8,7.8,1.2,83.8,1017.9,26.4,SW,53.2,6.5,12.8,Yes,Yes
2014-09-21,Mysuru,4.0,15.0,10.0,71.3,1018.5,19.7,NE,52.3,2.9,0.0,No,Yes
2014-09-22,Bengaluru,9.1,17.4,13.1,74.1,1007.9,15.9,S,63.1,3.5,15.3,Yes,Yes
2014-09-23,Belagavi,3.4,13.2,9.1,80.8,1018.0,,E,71.8,4.4,9.4,Yes,Yes
2014-09-24,Bengaluru,15.4,25.9,20.6,78.4,1023.1,19.5,SE,61.2,2.8,0.0,No,No
2014-09-25,Bengaluru,3.1,13.1,8.3,51.0,1013.6,24.5,S,62.0,3.8,2.1,Yes,Yes
2014-09-26,Bengaluru,5.9,19.2,12.3,61.5,1015.2,18.4,NE,45.1,5.4,3.4,Yes,No
2014-09-27,Mysuru,8.0,19.7,14.5,86.1,1022.9,18.9,E,44.5,6.0,6.4,Yes,Yes
2014-09-28,Hubballi,14.6,24.1,19.8,73.4,1011.6,13.9,SE,53.4,5.2,7.2,Yes,Yes
2014-09-29,Belagavi,5.0,13.8,8.3,68.7,1024.3,22.7,SW,55.6,5.0,0.0,No,Yes
2014-09-30,Mysuru,15.0,21.8,18.7,58.7,1016.3,21.4,NE,30.5,8.5,9.9,Yes,Yes
2014-10-01,Bengaluru,7.2,17.5,14.0,62.0,1017.1,17.2,NE,29.8,7.2,0.0,No,Yes
2014-10-02,Mangaluru,6.5,15.7,10.1,50.7,1013.4,22.8,NW,52.0,5.2,4.1,Yes,Yes
2014-10-03,Mangaluru,9.5,19.3,15.9,73.8,1020.9,26.1,SW,48.4,4.3,3.1,Yes,Yes
2014-10-04,Bengaluru,9.6,20.8,14.8,67.8,1031.3,21.1,E,49.6,7.1,0.0,No,No
2014-10-05,Hubballi,8.2,14.9,11.6,63.4,,23.1,E,45.0,5.4,0.0,No,No
2014-10-06,Belagavi,7.6,19.7,14.3,,1014.7,23.1,SE,77.5,2.2,4.5,Yes,Yes
2014-10-07,Mysuru,5.8,18.2,12.5,79.3,1024.6,17.2,E,75.6,4.0,6.7,Yes,Yes
2014-10-08,Hubballi,9.1,20.6,14.5,100.0,1017.4,30.2,S,46.4,5.2,12.8,Yes,Yes
2014-10-09,Mangaluru,12.2,23.3,16.7,56.7,1025.8,20.1,E,39.7,6.1,0.0,No,No
2014-10-10,Bengaluru,15.0,24.7,20.4,88.7,1023.0,24.6,SW,73.2,4.2,16.7,Yes,No
2014-10-11,Mysuru,3.7,15.0,9.2,86.5,1004.2,25.0,NE,68.6,3.9,13.4,Yes,Yes
2014-10-12,Hubballi,17.2,26.0,22.7,65.4,1013.9,21.4,E,50.5,8.6,0.0,No,No
2014-10-13,Hubballi,0.4,12.7,6.4,77.1,1023.6,24.3,W,38.8,6.7,0.0,No,No
2014-10-14,Hubballi,10.3,20.2,13.6,69.1,1019.6,22.9,NW,42.4,7.2,13.5,Yes,Yes
2014-10-15,Mysuru,13.2,22.6,16.6,76.8,1013.7,16.2,SE,48.0,3.7,0.0,No,No
2014-10-16,Belagavi,11.3,19.5,15.4,92.6,,20.5,S,66.2,3.5,18.8,Yes,Yes
2014-10-17,Mysuru,7.4,15.1,11.8,81.7,1009.2,19.4,E,83.2,1.8,14.6,Yes,Yes
2014-10-18,Bengaluru,8.0,18.2,13.5,80.5,1018.3,19.9,S,46.9,4.9,3.9,Yes,No
2014-10-19,Mysuru,8.7,16.5,12.4,69.1,1029.8,16.5,E,37.3,7.4,0.0,No,No
2014-10-20,Hubballi,6.9,17.2,12.1,56.4,1022.7,26.2,S,45.9,7.4,0.0,No,No
2014-10-21,Belagavi,14.1,22.4,17.9,71.6,1029.6,28.1,W,69.1,4.7,0.0,No,Yes
2014-10-22,Belagavi,11.5,19.5,15.9,88.5,1023.0,25.6,E,38.7,6.5,0.0,No,Yes
2014-10-23,Bengaluru,5.1,18.1,11.8,55.6,1023.7,26.7,E,69.0,3.5,4.4,Yes,Yes
2014-10-24,Bengaluru,11.6,24.7,18.2,61.2,1028.4,20.2,N,46.9,7.4,0.0,No,No
2014-10-25,Mangaluru,9.1,22.2,15.9,75.2,1020.4,19.0,NE,44.1,8.8,0.9,No,No
2014-10-26,Mangaluru,12.6,21.8,18.0,61.8,1017.5,18.4,SE,25.7,8.0,0.0,No,No
2014-10-27,Mangaluru,12.3,22.0,17.3,64.0,1023.6,24.1,SE,61.2,6.0,0.0,No,Yes
2014-10-28,Mysuru,5.1,15.2,11.5,68.3,1025.6,22.4,N,49.8,6.3,0.0,No,Yes
2014-10-29,Belagavi,9.4,18.3,12.7,56.9,1015.9,21.1,E,50.3,6.7,0.0,No,No
2014-10-30,Bengaluru,11.1,24.2,18.0,61.5,1014.7,26.6,NE,36.1,5.6,1.2,Yes,Yes
2014-10-31,Mangaluru,12.6,22.8,17.5,81.5,1018.9,23.0,S,52.8,5.0,9.5,Yes,Yes
2014-11-01,Bengaluru,9.3,20.2,15.0,,1022.3,17.9,N,40.6,7.1,0.0,No,No
2014-11-02,Mangaluru,9.7,21.5,15.7,53.6,1022.1,18.5,SE,44.9,7.7,0.0,No,No
2014-11-03,Mysuru,14.9,23.8,20.4,65.1,1010.9,23.9,SE,41.0,5.6,11.6,Yes,No
2014-11-04,Mysuru,6.4,17.0,13.0,81.3,1027.6,25.3,SW,34.5,4.7,0.0,No,No
2014-11-05,Hubballi,13.4,21.9,17.6,70.0,1014.7,23.3,W,93.9,1.6,14.8,Yes,Yes
2014-11-06,Bengaluru,9.6,19.8,14.7,66.6,1016.6,28.7,SW,,8.6,0.0,No,No
2014-11-07,Hubballi,10.0,21.6,14.7,72.6,1013.3,27.6,SE,,3.4,6.6,Yes,Yes
2014-11-08,Mysuru,14.2,26.5,20.0,50.9,1031.3,22.7,E,18.8,,0.0,No,No
2014-11-09,Mysuru,14.5,23.0,19.0,77.7,,17.6,,26.1,8.0,4.2,Yes,Yes
2014-11-10,Bengaluru,12.5,23.0,19.1,76.2,1013.4,15.6,S,56.9,5.1,18.4,Yes,Yes
2014-11-11,Hubballi,16.2,25.9,21.1,66.5,1021.9,19.3,S,54.2,6.2,4.6,Yes,Yes
2014-11-12,Hubballi,10.9,23.0,16.1,83.3,1021.3,23.8,S,77.2,,15.0,Yes,Yes
2014-11-13,Hubballi,13.9,22.4,18.8,57.5,1016.5,28.0,E,54.0,5.1,0.0,No,Yes
2014-11-14,Bengaluru,9.5,21.8,14.9,84.4,1021.6,22.3,W,56.5,6.7,4.5,Yes,Yes
2014-11-15,Bengaluru,12.5,21.3,17.6,72.6,1013.2,25.2,SE,39.8,5.3,9.4,Yes,Yes
2014-11-16,Bengaluru,9.1,22.4,15.9,66.5,1014.7,19.5,SW,74.1,5.6,15.1,Yes,Yes
2014-11-17,Belagavi,13.3,23.2,16.9,70.1,1007.1,22.9,W,67.0,3.1,5.4,Yes,Yes
2014-11-18,Mysuru,15.9,25.5,19.0,68.9,1010.4,23.7,W,33.9,8.2,6.2,Yes,No
2014-11-19,Belagavi,8.3,20.0,13.4,84.6,1026.0,12.4,SW,59.4,4.6,11.4,Yes,Yes
2014-11-20,Belagavi,19.1,29.0,25.2,56.9,1025.1,18.6,SE,49.9,4.5,0.0,No,Yes
2014-11-21,Mysuru,7.3,19.0,12.9,60.4,1017.2,24.0,E,44.0,5.7,2.0,Yes,Yes
2014-11-22,Mangaluru,5.3,17.9,12.1,81.8,1025.1,21.2,NE,69.3,4.9,3.1,Yes,Yes
2014-11-23,Mangaluru,18.0,28.3,21.7,62.0,1015.9,15.3,E,62.3,4.8,0.0,No,No
2014-11-24,Mangaluru,14.6,25.3,20.4,79.8,1015.4,10.3,E,54.1,,7.8,Yes,Yes
2014-11-25,Bengaluru,13.6,24.5,19.8,89.2,1016.8,18.5,SE,56.4,7.0,13.6,Yes,Yes
2014-11-26,Bengaluru,13.3,25.9,20.0,63.7,1015.8,19.6,S,73.0,2.5,7.0,Yes,Yes
2014-11-27,Hubballi,12.4,21.6,17.5,76.5,1015.3,16.2,W,69.6,2.7,28.7,Yes,Yes
2014-11-28,Hubballi,9.6,20.4,14.1,54.3,1022.0,20.3,SE,47.8,4.5,0.0,No,No
2014-11-29,Belagavi,11.3,22.2,18.1,77.0,1016.9,21.7,SW,31.3,6.3,2.3,Yes,Yes
2014-11-30,Hubballi,9.0,18.4,15.2,70.1,1019.6,22.2,NE,58.2,6.5,7.2,Yes,Yes
2014-12-01,Bengaluru,17.0,27.1,21.9,73.1,1021.1,10.1,N,64.7,5.3,4.1,Yes,Yes
2014-12-02,Belagavi,11.9,23.9,17.6,59.5,1017.8,,SW,7.5,8.7,0.0,No,No
2014-12-03,Hubballi,10.8,20.7,15.0,47.1,1011.0,18.1,N,47.6,6.0,0.0,No,No
2014-12-04,Hubballi,11.6,24.1,17.1,72.8,1008.9,21.5,E,47.9,7.7,9.2,Yes,Yes
2014-12-05,Mangaluru,15.0,23.7,20.2,41.8,,21.1,N,38.4,9.1,0.0,No,No
2014-12-06,Bengaluru,13.2,20.8,16.4,,1014.7,21.0,W,36.4,7.3,0.0,No,Yes
2014-12-07,Belagavi,9.0,20.0,15.5,,1015.9,17.5,SW,53.7,2.3,4.6,Yes,Yes
2014-12-08,Mysuru,14.9,23.1,19.9,68.1,1015.3,17.6,S,73.1,4.3,11.2,Yes,Yes
2014-12-09,Hubballi,15.1,23.2,20.0,89.0,1028.2,16.0,SE,53.9,6.6,4.1,Yes,Yes
2014-12-10,Bengaluru,13.0,20.2,17.1,77.7,1008.5,21.9,NE,70.5,4.4,16.6,Yes,Yes
2014-12-11,Belagavi,13.6,22.0,17.4,57.3,1005.1,15.0,NE,35.8,7.9,0.0,No,No
2014-12-12,Bengaluru,16.2,26.7,20.3,65.2,1016.6,22.0,NE,62.5,5.2,7.8,Yes,No
2014-12-13,Bengaluru,8.1,19.6,13.7,64.1,1013.0,19.4,SW,50.7,4.3,0.0,No,No
2014-12-14,Belagavi,10.6,18.8,14.0,45.4,1016.3,18.3,SW,48.4,4.9,0.0,No,Yes
2014-12-15,Mangaluru,12.6,21.0,16.9,52.9,1017.6,15.8,NW,46.2,5.8,0.0,No,No
2014-12-16,Mangaluru,12.2,22.1,19.1,57.2,1021.0,12.9,NW,57.5,6.5,0.0,No,No
2014-12-17,Hubballi,17.2,25.0,21.3,39.2,1006.9,15.6,SE,2.2,8.9,0.0,No,No
2014-12-18,Mangaluru,19.2,30.6,26.1,64.0,1011.6,16.8,S,29.3,8.1,7.7,Yes,Yes
2014-12-19,Hubballi,20.3,28.2,23.8,60.1,1016.4,8.6,NE,,,0.0,No,Yes
2014-12-20,Hubballi,13.6,23.9,19.8,42.8,1018.0,17.2,N,11.5,10.9,0.0,No,No
2014-12-21,Belagavi,15.8,27.5,20.5,67.5,1025.0,21.6,S,44.0,6.3,2.9,Yes,Yes
2014-12-22,Bengaluru,12.9,21.5,16.7,71.0,1018.7,20.1,S,52.6,3.5,17.7,Yes,Yes
2014-12-23,Mysuru,14.6,24.9,20.8,64.8,1013.6,15.7,SW,38.5,7.6,0.0,No,No
2014-12-24,Mysuru,16.8,24.5,19.9,58.0,1009.3,17.8,SW,37.8,9.4,0.0,No,Yes
2014-12-25,Mangaluru,18.0,26.6,22.4,68.7,1010.8,15.3,S,56.6,6.1,0.3,No,Yes
2014-12-26,Belagavi,12.6,22.4,18.0,69.5,1010.6,18.0,NE,67.9,3.4,17.4,Yes,Yes
2014-12-27,Mysuru,19.6,27.0,23.5,64.8,1016.7,23.5,S,36.5,5.7,0.0,No,No
2014-12-28,Bengaluru,23.4,30.7,27.7,50.9,1014.6,21.2,SW,36.8,5.8,0.0,No,No
2014-12-29,Hubballi,17.9,26.2,21.3,63.9,1006.6,19.3,NE,39.6,9.1,0.0,No,No
2014-12-30,Hubballi,17.0,28.4,23.4,74.7,1010.9,15.1,,18.5,8.1,5.1,Yes,Yes
2014-12-31,Belagavi,20.0,28.4,24.7,52.9,1017.4,20.0,NW,48.3,5.2,4.0,Yes,No
2015-01-01,Mangaluru,17.0,26.9,20.5,84.9,1014.7,10.2,SW,73.0,3.7,20.6,Yes,Yes
2015-01-02,Bengaluru,19.4,26.9,23.2,,1015.6,15.8,N,61.5,4.5,0.0,No,Yes
2015-01-03,Mangaluru,18.4,28.5,22.5,59.6,1014.6,19.1,N,35.8,8.9,1.1,Yes,Yes
2015-01-04,Mangaluru,19.0,26.7,22.9,50.9,1020.7,19.6,SW,26.6,6.6,0.0,No,No
2015-01-05,Belagavi,14.6,23.7,19.6,61.4,1013.7,19.3,SW,49.9,7.3,2.3,Yes,Yes
2015-01-06,Hubballi,16.3,27.0,22.9,37.5,1010.5,17.7,N,52.5,5.8,0.0,No,No
2015-01-07,Mangaluru,21.2,28.9,25.0,51.6,1007.7,15.6,S,48.0,7.5,2.3,Yes,Yes
2015-01-08,Mangaluru,24.1,35.7,28.9,44.8,1013.4,18.5,S,47.3,8.0,0.0,No,No
2015-01-09,Bengaluru,21.4,31.1,27.1,59.3,999.9,12.4,W,65.9,4.6,10.7,Yes,Yes
2015-01-10,Hubballi,28.2,36.9,32.0,69.4,1011.1,12.8,NE,41.7,6.2,0.0,No,No
2015-01-11,Mangaluru,16.8,26.4,20.4,64.9,1010.8,16.3,,47.7,6.1,7.0,Yes,Yes
2015-01-12,Mysuru,23.5,31.4,27.1,28.5,1004.9,16.7,N,60.9,4.8,0.0,No,No
2015-01-13,Mysuru,18.0,27.6,24.5,81.2,1007.0,8.6,E,,3.5,7.3,Yes,Yes
2015-01-14,Hubballi,26.8,38.7,32.7,60.0,1015.6,17.6,NW,30.0,9.4,0.0,No,No
2015-01-15,Hubballi,16.5,24.9,20.8,46.9,1012.6,18.8,N,33.7,7.5,2.5,Yes,Yes
2015-01-16,Belagavi,14.2,27.3,20.8,57.8,1011.9,15.3,SE,34.1,5.8,4.8,Yes,Yes
2015-01-17,Mangaluru,15.1,26.9,21.9,57.8,1012.8,25.1,E,53.5,3.1,6.2,Yes,Yes
2015-01-18,Mysuru,11.3,21.4,15.9,47.4,1011.6,12.7,SE,30.5,4.7,0.0,No,No
2015-01-19,Mysuru,17.4,29.3,22.5,57.6,1017.3,14.0,E,52.1,6.6,0.0,No,No
2015-01-20,Hubballi,17.2,28.1,21.7,47.7,1011.6,,SW,33.0,6.5,0.0,No,No
2015-01-21,Hubballi,21.5,31.6,25.4,49.8,1003.6,14.9,NE,13.1,8.4,0.0,No,No
2015-01-22,Bengaluru,20.2,31.4,26.3,46.2,1018.9,13.8,W,48.1,6.6,0.0,No,No
2015-01-23,Bengaluru,27.0,36.3,32.6,37.0,1012.5,9.4,S,42.0,5.9,0.0,No,No
2015-01-24,Hubballi,24.5,35.4,29.0,55.7,1007.6,12.8,NE,55.1,6.1,8.8,Yes,Yes
2015-01-25,Bengaluru,20.0,26.4,23.0,60.8,1004.2,14.5,E,39.2,,3.9,Yes,Yes
2015-01-26,Hubballi,15.8,28.4,21.9,59.7,1012.4,19.8,N,37.2,6.8,0.0,No,Yes
2015-01-27,Hubballi,22.6,33.6,27.6,63.1,1009.7,23.6,NE,56.3,3.4,6.0,Yes,Yes
2015-01-28,Belagavi,17.1,26.6,20.4,,1018.1,20.0,E,70.6,3.1,7.9,Yes,Yes
2015-01-29,Bengaluru,29.7,37.7,33.2,46.4,1008.4,11.5,N,43.7,7.1,0.0,No,Yes
2015-01-30,Mangaluru,25.2,34.0,30.7,62.7,1005.9,,S,56.4,4.5,9.7,Yes,Yes
2015-01-31,Mangaluru,19.0,30.1,24.2,36.1,1014.4,13.8,E,34.6,8.6,0.0,No,No
2015-02-01,Belagavi,15.4,26.2,19.3,41.3,1014.5,21.5,SE,18.4,11.3,0.0,No,No
2015-02-02,Mangaluru,28.2,38.2,31.7,40.4,1010.6,13.6,SE,55.7,6.1,0.4,No,No
2015-02-03,Mangaluru,19.4,32.3,26.0,64.7,1013.1,8.9,NW,64.5,6.4,2.9,Yes,Yes
2015-02-04,Belagavi,27.9,37.0,31.5,62.8,1009.4,12.2,SE,60.8,5.8,7.4,Yes,Yes
2015-02-05,Mysuru,16.9,23.7,20.3,57.1,1010.7,17.1,N,45.1,5.6,0.0,No,No
2015-02-06,Belagavi,18.9,30.8,24.4,63.9,1015.3,16.8,NW,59.5,5.3,13.6,Yes,No
2015-02-07,Belagavi,22.9,30.8,26.9,40.3,1012.5,13.2,W,,7.9,5.9,Yes,No
2015-02-08,Bengaluru,21.5,31.2,27.2,54.9,1008.4,16.6,N,71.2,3.4,11.3,Yes,Yes
2015-02-09,Mangaluru,20.3,31.3,25.3,49.0,1016.0,4.7,NW,59.4,3.8,8.4,Yes,No
2015-02-10,Mangaluru,25.8,35.5,29.7,60.4,997.3,14.2,W,50.1,4.5,9.1,Yes,Yes
2015-02-11,Mysuru,19.7,26.3,23.0,48.7,1019.3,17.1,NE,24.9,7.7,0.0,No,Yes
2015-02-12,Belagavi,23.5,30.8,26.8,45.3,1000.4,10.3,N,45.4,5.0,7.8,Yes,No
2015-02-13,Hubballi,22.6,34.2,28.0,56.2,1005.7,10.2,E,51.3,7.7,3.6,Yes,Yes
2015-02-14,Mysuru,23.6,36.4,29.7,60.0,1008.6,6.0,SE,59.6,5.3,6.4,Yes,Yes
2015-02-15,Mysuru,24.8,34.6,30.5,41.3,1008.0,19.8,W,61.8,6.0,5.8,Yes,Yes
2015-02-16,Mangaluru,17.9,29.3,23.3,48.4,1013.7,10.5,S,42.9,6.1,0.0,No,No
2015-02-17,Mangaluru,17.9,26.8,21.7,36.3,1003.3,14.3,SW,71.0,2.7,0.0,No,Yes
2015-02-18,Mangaluru,26.6,37.6,33.1,18.8,1009.8,15.7,SE,6.1,7.9,0.0,No,No
2015-02-19,Mangaluru,23.9,36.0,29.4,51.0,1005.6,19.3,E,51.7,4.6,1.0,No,No
2015-02-20,Mysuru,19.4,30.4,25.2,55.8,1009.9,12.5,SW,35.3,7.5,0.0,No,No
2015-02-21,Belagavi,30.5,40.2,34.4,51.4,1008.0,10.9,S,17.0,9.2,0.0,No,No
2015-02-22,Mangaluru,24.7,34.2,28.8,24.7,1008.7,13.7,NW,31.9,8.1,0.0,No,No
2015-02-23,Bengaluru,26.5,38.7,33.1,43.8,1005.4,18.1,NE,20.7,6.5,0.0,No,No
2015-02-24,Mysuru,23.9,33.8,28.8,,1005.6,12.3,N,31.1,7.4,0.0,No,No
2015-02-25,Hubballi,31.6,41.9,36.8,64.1,1009.5,9.1,NW,51.2,4.5,11.1,Yes,Yes
2015-02-26,Hubballi,32.2,42.1,35.7,34.5,1012.7,6.7,E,55.6,5.9,0.0,No,No
2015-02-27,Belagavi,23.1,31.9,27.7,62.5,1005.0,7.9,SW,27.4,8.3,4.0,Yes,Yes
2015-02-28,Mysuru,26.1,38.6,32.7,58.6,1003.6,16.2,N,62.1,3.4,12.0,Yes,No
2015-03-01,Mysuru,24.8,35.5,31.4,36.3,1010.9,11.4,W,41.0,7.7,0.0,No,No
2015-03-02,Mysuru,28.5,37.7,34.4,33.4,1007.6,10.2,NW,53.8,8.3,0.0,No,Yes
2015-03-03,Bengaluru,20.0,31.8,25.1,51.1,1011.9,9.8,NE,39.0,7.8,0.0,No,No
2015-03-04,Bengaluru,25.1,36.5,31.8,36.6,1003.2,12.9,S,19.7,8.2,0.0,No,Yes
2015-03-05,Mangaluru,26.9,39.1,33.4,47.9,998.8,11.6,SW,25.9,7.5,0.0,No,No
2015-03-06,Hubballi,15.8,28.2,22.2,40.7,1004.9,11.4,E,21.9,7.9,0.0,No,Yes
2015-03-07,Bengaluru,18.0,30.7,24.5,25.0,1003.7,17.9,W,42.2,5.6,0.0,No,No
2015-03-08,Hubballi,16.3,25.1,21.2,19.5,1007.1,18.6,S,55.0,5.7,0.0,No,No
2015-03-09,Mysuru,23.2,33.9,28.3,48.9,1004.3,6.0,SW,36.1,5.6,3.6,Yes,Yes
2015-03-10,Bengaluru,27.6,38.3,32.3,39.4,1011.1,13.7,SW,50.2,3.6,0.0,No,Yes
2015-03-11,Hubballi,29.5,39.0,35.5,39.4,1006.0,9.2,E,17.9,8.8,0.0,No,No
2015-03-12,Bengaluru,24.4,33.4,29.8,54.3,1008.1,11.3,NE,49.4,5.9,5.7,Yes,Yes
2015-03-13,Mysuru,32.8,40.5,36.1,59.9,1008.1,13.5,NE,59.0,4.4,3.8,Yes,Yes
2015-03-14,Mysuru,20.5,28.3,24.1,42.5,1008.3,11.4,NE,20.3,6.8,0.0,No,No
2015-03-15,Mysuru,19.1,29.0,22.8,41.6,1007.1,13.1,N,38.6,7.1,0.0,No,No
2015-03-16,Mangaluru,23.8,35.0,29.5,51.6,1009.8,14.9,W,56.4,4.1,1.6,Yes,Yes
2015-03-17,Hubballi,27.8,36.3,31.3,29.2,1003.2,13.4,SE,0.0,9.8,0.0,No,No
2015-03-18,Mangaluru,24.5,33.1,29.6,48.1,1014.2,9.6,S,64.3,6.8,0.0,No,No
2015-03-19,Belagavi,15.2,25.0,21.5,52.0,1006.0,,E,51.1,6.5,0.0,No,Yes
2015-03-20,Belagavi,22.7,34.5,29.5,53.5,1000.6,6.4,S,57.2,3.6,3.9,Yes,No
2015-03-21,Bengaluru,19.9,31.2,24.6,22.0,1008.1,8.7,SE,27.6,6.2,0.0,No,No
2015-03-22,Bengaluru,27.4,38.7,32.6,36.1,1002.8,19.9,N,13.6,9.0,0.0,No,No
2015-03-23,Bengaluru,25.0,37.9,31.4,34.7,1010.4,8.9,N,46.9,4.4,0.0,No,No
2015-03-24,Mangaluru,19.4,31.4,26.2,46.4,1018.1,7.3,SE,42.3,4.1,0.0,No,No
2015-03-25,Mysuru,23.3,31.8,27.9,50.9,1003.1,13.3,SW,45.8,6.8,8.5,Yes,No
2015-03-26,Bengaluru,21.3,28.8,25.7,63.0,1008.7,11.6,E,66.5,4.8,14.1,Yes,Yes
2015-03-27,Bengaluru,24.9,36.5,29.7,39.1,998.2,11.2,SE,52.1,6.2,8.2,Yes,Yes
2015-03-28,Belagavi,29.8,38.7,33.8,39.1,1009.3,17.6,N,69.4,4.5,0.0,No,No
2015-03-29,Mysuru,19.6,32.5,26.0,58.8,1002.6,14.2,SW,50.8,5.7,10.4,Yes,Yes
2015-03-30,Mangaluru,27.7,37.9,32.0,48.6,1003.9,9.9,N,34.1,,0.0,No,No
2015-03-31,Mysuru,23.1,34.2,27.9,60.2,1001.5,10.3,SW,46.3,6.8,3.8,Yes,No
2015-04-01,Belagavi,22.5,30.7,26.8,48.5,1010.7,10.0,S,50.6,7.6,0.0,No,No
2015-04-02,Mangaluru,26.1,35.3,29.6,31.1,1012.0,15.5,,52.7,5.0,0.0,No,Yes
2015-04-03,Hubballi,20.4,31.7,25.9,29.0,1007.1,10.8,E,14.6,7.6,0.0,No,No
2015-04-04,Bengaluru,22.4,33.0,27.8,26.4,1002.7,,N,35.7,5.7,0.0,No,No
2015-04-05,Mangaluru,21.0,31.5,25.2,53.0,1015.0,11.8,SE,70.3,3.1,0.0,No,No
2015-04-06,Belagavi,34.7,44.8,37.8,59.3,1003.3,5.9,N,45.1,6.5,9.3,Yes,No
2015-04-07,Mysuru,23.4,33.1,30.1,67.3,996.2,20.8,S,65.9,,13.9,Yes,Yes
2015-04-08,Mangaluru,22.7,32.0,27.1,55.2,1009.3,,NW,54.5,6.0,3.9,Yes,No
2015-04-09,Belagavi,25.6,36.8,30.8,,1001.5,11.4,SE,63.0,5.5,10.2,Yes,Yes
2015-04-10,Mangaluru,25.9,35.4,29.5,38.2,,13.1,N,28.1,5.5,0.0,No,No
2015-04-11,Bengaluru,25.0,33.9,29.0,31.3,1005.2,10.9,SW,25.5,6.7,0.0,No,No
2015-04-12,Mysuru,27.6,38.7,32.3,55.5,1010.1,10.9,W,47.5,6.1,0.0,No,No
2015-04-13,Mysuru,27.6,38.6,32.9,50.3,1014.1,13.8,SW,22.1,8.0,0.0,No,No
2015-04-14,Mangaluru,21.3,32.9,27.7,46.6,1001.1,18.2,NW,39.6,7.3,3.8,Yes,No
2015-04-15,Belagavi,23.3,31.6,27.5,50.1,1004.3,15.2,E,48.8,5.8,1.6,Yes,No
2015-04-16,Bengaluru,22.2,33.1,28.6,49.4,1006.8,18.1,S,71.5,5.6,3.2,Yes,Yes
2015-04-17,Bengaluru,15.7,27.5,20.5,60.9,1014.9,,W,55.4,5.0,2.0,Yes,Yes
2015-04-18,Mangaluru,18.9,30.2,23.6,61.2,1004.0,13.5,N,58.8,3.9,10.5,Yes,Yes
2015-04-19,Hubballi,30.5,40.9,35.1,52.2,1004.3,12.9,N,63.4,3.4,14.8,Yes,Yes
2015-04-20,Mangaluru,29.6,42.6,36.2,55.9,1009.7,13.7,NW,32.9,8.1,0.0,No,No
2015-04-21,Bengaluru,24.5,32.1,28.5,52.0,1004.5,17.8,SW,43.3,6.4,4.7,Yes,Yes
2015-04-22,Mysuru,25.4,35.9,31.8,40.4,1008.1,11.4,NW,77.5,4.3,10.5,Yes,Yes
2015-04-23,Mangaluru,27.3,37.2,30.7,55.1,999.7,10.7,NW,45.9,6.9,0.0,No,No
2015-04-24,Mangaluru,34.9,46.6,41.7,29.4,1018.5,14.5,W,53.5,3.1,0.0,No,No
2015-04-25,Mysuru,28.8,39.2,33.8,58.9,1000.8,5.3,SW,63.0,3.4,3.1,Yes,Yes
2015-04-26,Mangaluru,21.8,35.3,28.8,32.0,1005.9,11.5,SW,15.6,7.5,0.0,No,No
2015-04-27,Belagavi,20.0,30.0,25.4,49.9,1007.4,11.9,SW,49.6,4.9,0.0,No,Yes
2015-04-28,Mysuru,19.3,27.7,22.7,36.4,1017.2,8.8,NE,41.8,6.0,0.0,No,No
2015-04-29,Mysuru,26.7,33.4,29.9,,1001.0,16.8,W,,6.9,2.0,Yes,Yes
2015-04-30,Mysuru,22.2,33.0,26.0,46.4,1017.6,8.3,W,32.2,8.8,0.0,No,No
2015-05-01,Bengaluru,18.6,30.2,23.3,27.8,1011.6,12.1,SE,19.4,8.0,0.0,No,No
2015-05-02,Mangaluru,20.3,30.5,26.3,52.1,1009.9,13.9,NW,38.7,6.5,0.0,No,No
2015-05-03,Hubballi,21.5,30.9,24.5,40.2,1002.9,18.1,NE,39.6,5.9,0.0,No,Yes
2015-05-04,Mangaluru,31.5,41.5,35.5,57.9,1010.8,12.7,NW,65.9,,9.3,Yes,Yes
2015-05-05,Mangaluru,26.9,35.8,32.2,47.5,1004.4,16.6,E,71.2,4.3,4.6,Yes,Yes
2015-05-06,Bengaluru,24.4,31.7,28.6,,1014.4,15.7,SE,66.9,5.4,12.9,Yes,Yes
2015-05-07,Belagavi,30.0,37.5,34.5,36.2,1003.2,13.4,S,52.4,6.6,0.0,No,Yes
2015-05-08,Belagavi,24.6,32.0,28.8,40.8,1007.6,8.6,SE,26.3,5.0,0.0,No,No
2015-05-09,Bengaluru,18.1,30.4,24.9,42.5,1005.4,7.3,W,35.9,6.8,0.0,No,Yes
2015-05-10,Bengaluru,31.1,39.4,34.4,58.5,,13.5,SW,,7.4,0.0,No,Yes
2015-05-11,Bengaluru,23.7,37.3,30.4,68.5,1012.1,10.9,N,42.9,5.9,7.4,Yes,Yes
2015-05-12,Mangaluru,19.7,28.1,24.0,38.9,,16.9,N,49.2,7.3,0.0,No,No
2015-05-13,Bengaluru,23.3,33.2,27.3,61.6,1014.5,16.2,N,60.5,4.6,11.6,Yes,Yes
2015-05-14,Hubballi,17.9,29.0,24.4,22.8,999.6,12.6,NW,42.2,6.7,0.0,No,No
2015-05-15,Mysuru,18.2,25.7,22.3,34.7,1013.9,8.7,,54.3,4.1,0.0,No,No
2015-05-16,Belagavi,24.5,38.0,31.5,37.7,1021.2,15.4,N,26.5,6.5,0.0,No,No
2015-05-17,Hubballi,30.1,39.9,35.3,33.2,1006.5,,N,52.3,6.5,0.0,No,No
2015-05-18,Belagavi,17.1,28.6,22.0,30.6,1018.3,10.5,SW,26.8,8.8,0.0,No,No
2015-05-19,Mangaluru,22.8,36.5,29.7,54.7,1007.6,9.7,NE,32.8,7.3,0.0,No,No
2015-05-20,Mangaluru,20.8,31.0,24.8,47.4,1002.1,13.1,N,51.9,4.2,17.7,Yes,Yes
2015-05-21,Bengaluru,18.7,28.4,25.3,54.7,1007.5,18.4,NE,65.1,4.6,13.9,Yes,Yes
2015-05-22,Belagavi,19.4,31.6,24.8,58.6,1014.4,13.8,E,55.8,6.9,0.0,No,No
2015-05-23,Mangaluru,17.6,27.1,23.6,53.7,1005.0,12.1,SE,46.8,8.2,0.0,No,No
2015-05-24,Mangaluru,21.8,33.9,27.1,58.6,1006.3,7.8,NE,53.1,5.2,4.2,Yes,Yes
2015-05-25,Belagavi,18.0,28.9,23.5,50.1,1012.3,16.2,W,47.1,4.1,0.0,No,No
2015-05-26,Mangaluru,24.2,32.3,27.8,36.9,1009.5,10.9,NW,22.9,9.1,0.0,No,No
2015-05-27,Bengaluru,22.8,32.3,26.4,,1012.5,14.6,SW,32.0,7.0,0.0,No,No
2015-05-28,Mangaluru,20.9,30.6,25.5,44.5,1010.8,12.8,SE,41.6,7.7,0.0,No,No
2015-05-29,Hubballi,18.4,28.9,22.7,40.6,1012.1,17.6,W,42.4,6.8,0.0,No,Yes
2015-05-30,Hubballi,18.1,29.0,24.0,49.9,1007.6,13.7,W,45.1,5.2,1.7,Yes,Yes
2015-05-31,Bengaluru,23.3,33.6,29.2,41.3,1011.1,14.2,SE,51.7,5.8,0.0,No,Yes
2015-06-01,Hubballi,22.8,32.5,28.0,47.4,1005.3,16.4,S,40.7,8.2,9.7,Yes,No
2015-06-02,Mangaluru,17.4,26.4,22.0,56.8,1016.5,23.0,NE,56.2,5.1,0.0,No,Yes
2015-06-03,Hubballi,20.5,31.1,26.2,57.1,1007.0,18.2,N,45.7,5.0,10.3,Yes,Yes
2015-06-04,Hubballi,22.9,32.1,28.7,42.4,1015.9,14.4,W,69.3,2.3,0.0,No,No
2015-06-05,Mangaluru,12.6,24.5,18.9,47.5,1009.2,14.8,NW,45.2,5.3,0.0,No,Yes
2015-06-06,Belagavi,21.3,32.0,27.6,66.5,1011.4,12.8,SW,86.7,2.3,3.8,Yes,Yes
2015-06-07,Bengaluru,19.4,27.9,22.6,59.8,1008.1,11.1,SW,54.2,6.5,6.2,Yes,Yes
2015-06-08,Belagavi,22.9,32.6,27.4,79.0,1005.5,12.8,S,53.4,4.2,5.2,Yes,Yes
2015-06-09,Belagavi,17.3,28.4,22.0,68.5,1002.0,12.0,NE,38.9,8.6,0.0,No,Yes
2015-06-10,Hubballi,11.3,24.1,17.7,68.3,1005.5,17.8,SW,,5.8,4.0,Yes,Yes
2015-06-11,Mysuru,13.3,25.2,18.3,38.1,1009.3,11.0,NE,25.4,10.7,0.0,No,No
2015-06-12,Belagavi,19.9,28.8,24.8,64.2,1012.1,20.7,E,37.5,8.9,0.7,No,Yes
2015-06-13,Mangaluru,20.3,28.7,25.6,54.6,1016.2,18.4,N,52.8,5.8,0.0,No,No
2015-06-14,Mangaluru,17.3,25.5,20.8,48.9,1009.0,15.6,E,36.7,5.0,7.1,Yes,No
2015-06-15,Mangaluru,21.6,33.4,26.8,57.8,1006.9,15.6,NW,50.9,,4.5,Yes,Yes
2015-06-16,Mysuru,12.3,22.9,17.5,67.4,,13.4,SE,71.2,,18.0,Yes,Yes
2015-06-17,Mysuru,17.7,28.2,23.7,62.3,1013.9,16.8,N,48.6,4.4,2.7,Yes,Yes
2015-06-18,Bengaluru,13.5,25.1,19.0,46.0,1018.5,20.2,NW,74.6,4.1,0.0,No,Yes
2015-06-19,Mysuru,14.3,27.0,21.1,65.7,1018.0,13.1,E,,6.2,0.9,No,Yes
2015-06-20,Bengaluru,20.5,29.6,23.8,49.4,1015.4,9.9,E,42.5,5.6,0.0,No,No
2015-06-21,Mangaluru,13.9,25.1,20.0,59.9,1015.1,18.9,W,40.9,6.4,0.0,No,Yes
2015-06-22,Mysuru,15.8,26.9,21.8,53.9,1020.5,17.5,W,60.6,4.3,1.1,Yes,No
2015-06-23,Hubballi,23.1,32.4,27.2,55.2,1013.8,11.8,N,13.5,11.4,0.0,No,No
2015-06-24,Hubballi,14.9,25.9,20.7,67.2,1015.4,,NE,30.2,6.8,0.0,No,No
2015-06-25,Hubballi,20.6,30.1,26.3,45.8,1010.7,13.0,SE,41.7,7.1,1.1,Yes,No
2015-06-26,Mysuru,14.1,22.2,18.3,81.9,1005.6,13.6,S,81.0,3.4,16.1,Yes,Yes
2015-06-27,Mysuru,18.9,29.3,24.8,37.0,1009.1,15.3,SW,43.2,6.8,0.0,No,No
2015-06-28,Mysuru,21.5,34.7,28.3,51.9,1012.6,15.6,S,25.5,8.4,0.0,No,No
2015-06-29,Hubballi,8.3,17.3,12.5,63.8,1013.0,,NW,32.5,8.3,0.0,No,No
2015-06-30,Mangaluru,12.1,25.7,19.0,66.6,1022.5,13.8,S,,3.9,9.5,Yes,Yes
2015-07-01,Belagavi,20.5,30.6,24.4,58.6,1013.3,16.0,SE,39.1,7.0,0.0,No,No
2015-07-02,Mangaluru,17.6,27.6,21.1,59.4,1018.9,17.7,N,34.6,7.2,0.0,No,No
2015-07-03,Mysuru,20.0,26.8,23.3,65.3,1011.0,15.9,N,73.3,3.7,6.0,Yes,Yes
2015-07-04,Belagavi,15.4,22.9,19.3,57.8,1011.7,21.8,W,63.3,3.6,6.0,Yes,Yes
2015-07-05,Belagavi,17.5,25.8,21.9,77.6,1006.7,19.3,N,75.1,3.7,23.3,Yes,Yes
2015-07-06,Mangaluru,14.8,26.4,20.8,71.2,1009.7,11.0,,39.2,7.0,0.9,No,No
2015-07-07,Hubballi,22.6,30.8,25.9,71.9,1016.2,19.6,NE,30.9,7.9,5.3,Yes,Yes
2015-07-08,Bengaluru,17.1,25.8,22.1,50.0,1013.7,20.0,E,47.0,6.3,0.0,No,No
2015-07-09,Hubballi,17.3,28.3,22.3,60.9,1018.5,15.9,NW,54.4,5.2,5.4,Yes,Yes
2015-07-10,Hubballi,15.3,24.3,19.2,58.5,1014.8,11.7,W,53.9,5.4,2.3,Yes,Yes
2015-07-11,Belagavi,15.6,24.7,18.8,50.3,1012.2,17.8,S,67.3,3.7,2.8,Yes,Yes
2015-07-12,Mysuru,14.9,25.5,18.8,67.0,1024.8,17.9,SE,25.8,8.2,0.0,No,No
2015-07-13,Mysuru,18.1,28.7,22.0,56.5,1013.7,13.5,N,60.5,4.7,10.1,Yes,Yes
2015-07-14,Belagavi,12.9,22.8,18.6,71.0,1020.1,12.3,W,37.0,7.1,0.9,No,No
2015-07-15,Hubballi,17.4,25.0,21.3,50.6,1012.4,17.8,E,58.1,6.4,3.6,Yes,Yes
2015-07-16,Mangaluru,24.0,33.1,28.3,84.3,1018.0,17.3,N,51.6,4.8,6.4,Yes,Yes
2015-07-17,Bengaluru,20.2,26.7,23.4,53.2,1019.2,16.6,N,34.1,7.9,2.3,Yes,No
2015-07-18,Hubballi,13.0,21.6,18.5,66.8,1015.7,18.1,N,42.6,6.5,5.0,Yes,No
2015-07-19,Hubballi,19.6,31.4,24.4,73.9,1003.0,14.1,SW,32.9,9.7,6.8,Yes,Yes
2015-07-20,Bengaluru,13.5,24.8,17.9,57.8,1015.0,16.8,W,48.7,5.7,0.0,No,No
2015-07-21,Mangaluru,5.4,15.6,11.2,75.1,1021.1,20.8,NE,,7.2,8.0,Yes,Yes
2015-07-22,Bengaluru,9.5,21.5,15.2,50.4,1017.7,17.3,W,57.0,5.3,0.0,No,No
2015-07-23,Belagavi,7.3,15.5,11.6,82.8,1017.4,12.1,E,67.7,2.7,1.7,Yes,Yes
2015-07-24,Bengaluru,11.8,22.3,17.6,65.8,1006.6,17.0,NW,76.6,3.0,13.4,Yes,Yes
2015-07-25,Bengaluru,14.5,24.8,18.9,58.7,1011.7,14.7,NW,54.0,6.6,9.9,Yes,Yes
2015-07-26,Hubballi,21.6,30.7,25.4,62.5,1017.5,20.1,W,57.8,4.7,12.3,Yes,Yes
2015-07-27,Hubballi,14.0,26.2,19.9,76.0,1017.6,20.4,NW,76.4,1.0,11.5,Yes,Yes
2015-07-28,Mysuru,11.7,24.5,17.6,59.6,1021.7,12.6,W,39.4,6.7,0.0,No,No
2015-07-29,Bengaluru,15.2,24.7,21.7,57.8,1015.0,22.3,W,25.8,6.5,0.0,No,No
2015-07-30,Belagavi,4.4,16.1,9.4,64.4,,14.9,S,53.8,5.7,0.7,No,Yes
2015-07-31,Mysuru,15.1,23.7,19.1,53.1,1016.0,25.7,NW,24.9,9.8,0.0,No,No
2015-08-01,Bengaluru,14.7,25.7,21.1,89.3,1011.1,19.3,NE,97.5,,24.2,Yes,Yes
2015-08-02,Hubballi,8.3,15.0,12.0,60.9,1004.8,14.6,SW,71.2,5.9,16.7,Yes,Yes
2015-08-03,Belagavi,15.6,28.7,22.3,77.9,1018.3,15.1,SE,88.6,1.9,19.9,Yes,Yes
2015-08-04,Mangaluru,14.8,25.0,19.0,70.7,1017.1,21.1,W,54.2,5.3,9.7,Yes,Yes
2015-08-05,Mysuru,12.8,22.5,15.9,,1013.3,18.2,SW,55.9,4.1,0.7,No,Yes
2015-08-06,Hubballi,16.2,23.6,20.0,68.5,1008.3,19.5,SE,45.5,5.4,17.0,Yes,Yes
2015-08-07,Mangaluru,21.7,30.3,26.4,78.2,1019.7,26.4,SW,69.5,3.1,13.2,Yes,Yes
2015-08-08,Bengaluru,14.7,22.1,17.9,66.7,1015.3,17.2,S,33.5,5.6,0.5,No,Yes
2015-08-09,Belagavi,13.4,23.2,18.1,,1019.5,20.3,E,20.3,10.0,0.0,No,No
2015-08-10,Hubballi,11.3,19.5,15.1,81.7,1026.1,25.8,S,45.8,3.7,2.5,Yes,Yes
2015-08-11,Hubballi,10.4,17.7,13.5,80.6,1006.1,21.3,NE,35.4,8.7,8.8,Yes,No
2015-08-12,Belagavi,15.9,23.8,20.1,64.3,1013.4,13.8,E,72.9,5.4,4.1,Yes,Yes
2015-08-13,Hubballi,9.3,16.9,13.2,57.0,1015.9,22.4,W,75.0,4.3,4.0,Yes,Yes
2015-08-14,Hubballi,12.2,21.7,16.9,62.8,1024.3,15.7,W,29.1,6.2,0.0,No,Yes
2015-08-15,Bengaluru,8.5,19.3,14.6,72.7,1009.0,26.1,NW,73.5,2.0,14.0,Yes,Yes
2015-08-16,Mysuru,13.2,24.4,18.3,77.1,1026.9,17.2,SE,70.1,3.5,0.0,No,Yes
2015-08-17,Mangaluru,11.5,23.9,17.6,44.7,1018.0,32.5,E,19.3,9.1,0.0,No,No
2015-08-18,Belagavi,16.0,26.1,20.3,70.8,1016.9,26.5,E,47.5,6.0,1.1,Yes,Yes
2015-08-19,Mangaluru,11.0,20.4,14.0,73.0,1016.4,17.5,E,45.5,5.0,3.7,Yes,Yes
2015-08-20,Belagavi,8.2,18.3,14.9,67.9,1015.3,20.8,S,63.4,6.1,13.2,Yes,Yes
2015-08-21,Belagavi,7.7,16.8,12.0,86.9,1022.8,23.8,N,41.3,8.6,17.4,Yes,Yes
2015-08-22,Hubballi,8.9,18.2,14.0,76.7,1012.3,24.0,NE,54.2,5.2,13.0,Yes,Yes
2015-08-23,Bengaluru,12.4,21.2,17.2,87.5,1019.4,,E,49.7,6.0,1.3,Yes,Yes
2015-08-24,Belagavi,13.3,24.5,18.7,69.3,1015.8,26.0,E,,3.2,4.3,Yes,Yes
2015-08-25,Mangaluru,5.3,18.2,11.9,83.3,1014.0,20.5,S,55.1,4.9,14.4,Yes,Yes
2015-08-26,Mysuru,12.5,22.4,19.0,91.8,1030.8,19.6,NE,53.7,6.1,9.6,Yes,Yes
2015-08-27,Mangaluru,13.9,24.3,20.8,88.1,1020.0,19.7,NE,57.0,5.7,16.5,Yes,No
2015-08-28,Bengaluru,11.9,22.5,17.0,59.4,1021.1,24.6,W,79.3,2.8,5.1,Yes,Yes
2015-08-29,Mysuru,16.1,26.3,22.8,69.6,1023.8,22.7,SE,46.6,5.8,0.0,No,Yes
2015-08-30,Hubballi,7.2,18.2,12.1,68.7,1011.0,22.4,NE,36.8,6.4,12.8,Yes,Yes
2015-08-31,Mangaluru,7.0,16.4,10.1,78.8,1026.9,24.5,NE,,4.2,6.9,Yes,Yes
2015-09-01,Mangaluru,4.3,13.0,7.9,81.3,1005.7,,W,55.4,5.9,7.4,Yes,Yes
2015-09-02,Belagavi,16.6,27.6,21.0,63.1,1014.4,22.6,E,29.0,5.2,5.9,Yes,Yes
2015-09-03,Belagavi,11.6,20.6,17.5,74.1,1016.0,22.3,W,88.1,2.6,6.0,Yes,Yes
2015-09-04,Mysuru,11.3,18.5,14.6,49.2,1021.3,28.1,N,39.4,7.1,0.0,No,No
2015-09-05,Hubballi,11.5,22.0,15.9,90.8,1019.5,15.4,E,55.7,4.7,16.0,Yes,Yes
2015-09-06,Belagavi,3.3,17.1,10.2,,1017.6,27.8,NW,,4.9,9.1,Yes,Yes
2015-09-07,Mangaluru,18.3,31.3,24.5,74.4,1018.4,21.9,NW,80.7,2.7,14.8,Yes,Yes
2015-09-08,Mysuru,9.8,18.1,15.1,70.1,1013.6,23.6,SW,27.9,7.1,0.0,No,Yes
2015-09-09,Belagavi,11.8,20.5,15.0,87.7,1011.1,28.4,S,64.2,4.7,15.4,Yes,Yes
2015-09-10,Belagavi,14.4,20.5,17.4,40.0,1022.2,23.9,NE,72.3,4.1,0.0,No,No
2015-09-11,Bengaluru,13.0,22.2,16.4,73.9,1022.1,23.3,N,56.5,2.8,1.4,Yes,Yes
2015-09-12,Mysuru,11.0,21.4,15.3,,1026.6,22.7,E,35.6,7.8,5.7,Yes,Yes
2015-09-13,Mysuru,5.8,17.6,11.2,68.8,1014.8,19.8,SW,43.3,6.0,0.0,No,No
2015-09-14,Hubballi,12.4,21.3,16.2,,1022.2,21.7,SE,66.1,6.8,16.3,Yes,Yes
2015-09-15,Belagavi,18.6,28.2,21.8,63.8,1017.4,19.0,S,70.5,2.7,13.6,Yes,Yes
2015-09-16,Mysuru,16.3,26.3,19.6,83.8,1024.8,21.7,SW,,4.5,8.5,Yes,Yes
2015-09-17,Hubballi,15.9,25.7,20.6,78.8,1023.9,12.5,NW,68.9,4.0,16.2,Yes,Yes
2015-09-18,Belagavi,6.1,17.2,12.2,89.8,1019.9,23.6,NW,39.4,7.2,10.1,Yes,Yes
2015-09-19,Mangaluru,3.9,15.2,10.2,66.7,1017.2,21.4,W,30.0,5.2,0.0,No,Yes
2015-09-20,Bengaluru,9.5,18.7,13.6,65.9,1023.7,20.6,S,44.1,5.3,0.3,No,No
2015-09-21,Hubballi,8.7,20.4,14.3,,1022.1,22.8,SW,81.7,3.9,19.5,Yes,Yes
2015-09-22,Bengaluru,13.9,21.7,18.5,79.9,1015.5,16.2,NW,58.0,4.0,7.4,Yes,No
2015-09-23,Mangaluru,0.4,12.1,7.3,56.3,1012.3,29.7,S,51.9,7.3,0.0,No,No
2015-09-24,Mysuru,15.6,25.3,20.2,68.4,1017.5,21.6,E,56.5,4.7,10.3,Yes,Yes
2015-09-25,Belagavi,8.8,17.3,13.4,79.6,1026.5,21.4,N,73.5,2.8,16.0,Yes,Yes
2015-09-26,Mysuru,7.3,17.5,12.3,85.0,1024.7,18.1,N,49.8,6.6,7.3,Yes,Yes
2015-09-27,Bengaluru,6.9,14.8,10.0,66.8,1013.4,22.1,NE,62.1,6.8,3.7,Yes,Yes
2015-09-28,Mysuru,2.7,13.3,7.4,40.0,1013.2,27.5,N,28.5,8.1,0.0,No,No
2015-09-29,Mysuru,11.0,21.7,17.3,81.3,1025.4,26.1,W,87.3,4.2,14.1,Yes,Yes
2015-09-30,Hubballi,8.8,21.1,14.3,60.4,1013.3,25.4,SE,37.1,8.9,0.0,No,No
2015-10-01,Hubballi,2.0,13.5,8.8,50.8,1021.5,24.2,SW,32.1,6.2,0.0,No,No
2015-10-02,Mangaluru,4.5,14.3,8.8,41.0,1015.9,20.6,NW,49.6,7.0,0.0,No,No
2015-10-03,Hubballi,9.0,16.5,12.7,84.8,1027.1,16.2,S,60.1,3.2,2.7,Yes,Yes
2015-10-04,Hubballi,14.7,26.4,20.7,76.5,1015.1,21.2,W,60.5,5.5,11.4,Yes,Yes
2015-10-05,Hubballi,9.8,18.0,13.0,72.3,1024.7,21.0,NW,57.3,5.1,2.2,Yes,Yes
2015-10-06,Hubballi,4.4,12.4,8.0,91.6,1019.9,26.2,E,45.3,7.7,5.2,Yes,Yes
2015-10-07,Mangaluru,8.0,17.5,13.1,82.6,1020.2,23.2,S,82.2,4.6,4.6,Yes,Yes
2015-10-08,Hubballi,7.0,17.5,13.0,94.3,1009.1,28.4,S,76.1,4.3,16.7,Yes,Yes
2015-10-09,Hubballi,-2.1,8.0,3.3,58.1,1007.9,26.7,SE,68.6,4.6,2.9,Yes,Yes
2015-10-10,Bengaluru,6.9,17.9,13.9,74.4,1017.8,20.1,SW,46.8,,0.0,No,No
2015-10-11,Hubballi,7.6,17.3,13.2,55.4,1020.1,14.7,W,,5.6,0.0,No,Yes
2015-10-12,Mangaluru,11.0,23.8,16.9,72.0,1013.3,27.5,W,56.8,5.2,0.6,No,Yes
2015-10-13,Mangaluru,14.6,25.8,21.6,71.7,1013.4,27.3,W,70.6,5.8,9.8,Yes,Yes
2015-10-14,Mysuru,13.3,24.2,18.7,82.1,1021.7,16.4,S,75.3,5.6,13.8,Yes,Yes
2015-10-15,Hubballi,7.3,17.5,13.2,75.1,1021.6,27.9,S,57.9,5.0,0.6,No,No
2015-10-16,Belagavi,5.6,16.1,9.8,82.0,1018.1,23.4,SE,35.0,7.4,6.2,Yes,No
2015-10-17,Mysuru,19.4,30.4,24.6,82.9,1022.7,22.5,SE,84.8,3.0,6.4,Yes,Yes
2015-10-18,Mangaluru,7.9,18.9,14.6,100.0,1012.9,28.2,N,73.3,2.0,15.0,Yes,Yes
2015-10-19,Mysuru,8.0,20.3,14.4,70.5,,27.1,SW,44.1,5.9,1.7,Yes,Yes
2015-10-20,Belagavi,10.1,20.4,14.3,62.9,1026.9,24.3,W,56.3,7.2,2.9,Yes,Yes
2015-10-21,Bengaluru,10.8,18.8,15.3,77.1,1019.0,23.6,W,,6.3,6.3,Yes,No
2015-10-22,Belagavi,7.6,19.3,13.9,64.4,1019.2,24.1,S,66.6,7.0,14.6,Yes,Yes
2015-10-23,Mysuru,8.1,18.5,12.3,91.7,1030.1,20.0,SW,39.6,8.1,1.2,Yes,Yes
2015-10-24,Hubballi,5.9,15.6,12.4,70.4,1011.5,21.4,NE,49.9,6.3,5.2,Yes,No
2015-10-25,Bengaluru,8.4,19.6,14.5,66.9,1022.5,18.0,NE,55.4,6.1,0.0,No,Yes
2015-10-26,Belagavi,8.9,18.9,12.6,68.0,1026.8,20.2,NE,67.8,3.3,0.0,No,No
2015-10-27,Hubballi,6.1,18.8,11.9,82.1,1016.8,20.0,SW,59.5,4.7,11.7,Yes,Yes
2015-10-28,Belagavi,8.9,20.9,15.3,71.5,1022.7,18.9,SE,63.1,6.5,0.5,No,No
2015-10-29,Mangaluru,10.3,18.2,13.9,65.6,1013.4,22.0,S,50.8,5.0,11.1,Yes,Yes
2015-10-30,Hubballi,16.2,26.4,21.0,,1014.8,20.1,N,61.8,6.1,6.8,Yes,Yes
2015-10-31,Mangaluru,-2.0,7.6,4.4,62.8,1020.1,23.4,S,51.4,4.1,3.1,Yes,Yes
2015-11-01,Bengaluru,15.7,24.3,19.5,73.3,1022.2,14.8,W,51.5,4.3,0.0,No,No
2015-11-02,Bengaluru,15.4,26.1,20.2,80.6,1023.7,20.8,NE,31.9,9.6,0.0,No,No
2015-11-03,Bengaluru,1.5,10.1,7.0,53.1,,21.7,SW,34.7,7.1,0.0,No,No
2015-11-04,Bengaluru,10.6,19.4,14.0,78.3,1017.7,19.9,E,60.0,4.4,4.7,Yes,Yes
2015-11-05,Mangaluru,10.1,19.3,13.9,59.7,1023.9,20.4,SW,45.1,7.9,0.0,No,No
2015-11-06,Mangaluru,5.0,13.6,9.9,82.1,1016.2,14.7,NE,55.5,6.9,4.7,Yes,Yes
2015-11-07,Mysuru,8.0,17.7,12.5,60.5,1022.3,22.4,SW,44.4,7.4,7.5,Yes,Yes
2015-11-08,Mysuru,6.9,15.8,11.2,80.2,1018.8,23.6,SW,44.1,5.6,1.3,Yes,Yes
2015-11-09,Mangaluru,19.6,27.7,22.7,85.0,1019.9,22.9,SW,51.6,5.4,8.4,Yes,Yes
2015-11-10,Bengaluru,12.9,23.9,19.6,81.9,1019.7,25.0,SE,53.2,5.9,6.3,Yes,Yes
2015-11-11,Mysuru,14.5,27.2,21.0,74.4,1009.5,21.6,S,54.8,6.3,10.7,Yes,Yes
2015-11-12,Hubballi,14.3,23.4,18.9,68.5,1011.9,22.7,SE,58.3,4.5,3.5,Yes,Yes
2015-11-13,Mangaluru,7.9,17.7,11.6,64.2,1017.9,21.3,SW,48.0,6.2,0.0,No,No
2015-11-14,Hubballi,10.8,17.4,14.1,88.5,1008.9,23.4,N,45.0,6.6,14.5,Yes,Yes
2015-11-15,Bengaluru,14.8,22.4,18.2,62.3,1021.4,14.3,S,29.0,9.1,0.0,No,No
2015-11-16,Mangaluru,6.1,16.1,11.5,58.1,1021.6,16.9,S,87.2,3.6,13.5,Yes,No
2015-11-17,Mysuru,13.4,24.0,19.3,78.3,1018.8,26.8,,39.4,4.9,10.3,Yes,Yes
2015-11-18,Mysuru,12.0,20.4,15.6,60.6,1011.5,10.5,E,41.5,6.3,4.1,Yes,No
2015-11-19,Hubballi,11.7,20.8,15.2,58.6,1023.9,19.8,S,56.2,4.2,0.0,No,Yes
2015-11-20,Mangaluru,13.9,24.9,19.6,52.4,1027.1,24.9,,51.4,6.4,0.0,No,No
2015-11-21,Bengaluru,13.6,23.8,18.7,63.8,1017.6,19.8,W,58.3,6.2,5.9,Yes,Yes
2015-11-22,Belagavi,11.1,21.9,15.6,68.4,1019.3,18.5,S,45.7,6.3,0.0,No,No
2015-11-23,Belagavi,15.8,25.5,21.7,72.1,1017.7,20.6,SW,57.4,4.9,4.5,Yes,Yes
2015-11-24,Bengaluru,8.1,19.3,12.9,80.4,1019.2,18.6,NE,58.1,5.2,0.0,No,Yes
2015-11-25,Mysuru,14.9,26.0,19.8,75.1,1015.9,20.0,N,50.4,6.1,8.9,Yes,Yes
2015-11-26,Belagavi,16.8,23.6,19.8,66.3,1016.2,17.1,S,55.2,4.6,0.0,No,No
2015-11-27,Bengaluru,12.1,21.8,16.3,66.0,1020.9,24.2,W,67.2,2.9,5.7,Yes,Yes
2015-11-28,Hubballi,16.0,22.9,19.0,74.2,1028.0,25.4,SE,54.4,3.0,7.3,Yes,Yes
2015-11-29,Mysuru,6.1,19.6,12.8,83.2,1009.2,19.1,W,58.0,6.7,10.6,Yes,Yes
2015-11-30,Bengaluru,17.4,26.6,21.6,69.2,,14.0,NE,68.7,4.9,15.9,Yes,Yes
2015-12-01,Hubballi,13.6,21.1,17.3,61.8,1010.1,17.4,SE,64.2,5.1,2.6,Yes,No
2015-12-02,Mangaluru,12.7,21.6,16.1,55.3,1023.9,18.7,NW,70.9,5.6,4.6,Yes,No
2015-12-03,Belagavi,19.3,28.3,22.5,49.7,1012.9,21.4,SE,18.5,6.9,0.0,No,No
2015-12-04,Belagavi,9.0,21.0,15.6,74.8,1008.5,15.2,W,68.5,2.2,19.5,Yes,Yes
2015-12-05,Belagavi,9.2,16.8,12.9,73.5,1018.8,16.1,,63.4,5.2,12.8,Yes,Yes
2015-12-06,Bengaluru,6.9,18.3,12.4,73.2,1024.2,21.1,N,41.0,6.9,2.4,Yes,No
2015-12-07,Mangaluru,15.6,27.9,21.2,64.5,1018.7,22.8,W,54.6,3.4,0.0,No,No
2015-12-08,Bengaluru,9.5,20.6,13.8,82.7,1016.4,16.5,W,73.9,4.3,5.9,Yes,Yes
2015-12-09,Bengaluru,19.7,31.7,26.0,,1017.3,13.5,NW,36.5,6.5,0.0,No,Yes
2015-12-10,Mangaluru,7.0,17.2,10.8,76.8,1022.2,31.9,SE,62.4,3.8,13.7,Yes,Yes
2015-12-11,Hubballi,22.8,33.0,26.1,64.7,1010.7,21.8,W,63.9,4.3,8.6,Yes,Yes
2015-12-12,Mysuru,17.0,23.4,20.2,57.6,1014.4,17.6,NE,32.0,4.4,0.0,No,No
2015-12-13,Belagavi,14.9,24.1,19.1,71.7,,22.0,NW,51.6,5.0,0.0,No,Yes
2015-12-14,Mangaluru,12.6,21.6,17.5,69.3,1008.9,18.0,N,57.2,4.4,16.0,Yes,No
2015-12-15,Hubballi,15.9,26.3,21.4,68.4,1013.0,21.8,NE,40.4,7.3,5.2,Yes,Yes
2015-12-16,Mangaluru,13.9,26.4,19.8,64.9,1020.1,18.9,SE,37.8,6.7,0.0,No,No
2015-12-17,Mysuru,20.8,31.4,24.5,63.2,1017.3,18.6,N,48.2,6.7,0.0,No,Yes
2015-12-18,Mangaluru,14.9,27.3,20.6,92.0,1017.6,17.7,NW,73.8,0.8,13.3,Yes,Yes
2015-12-19,Mangaluru,17.2,24.7,20.9,77.3,1015.0,12.3,S,65.6,3.5,0.0,No,Yes
2015-12-20,Hubballi,12.0,25.2,19.0,71.6,1016.8,25.7,SE,40.7,7.3,1.0,Yes,Yes
2015-12-21,Belagavi,13.5,26.6,20.4,64.0,1010.0,14.1,SE,60.4,4.6,21.6,Yes,Yes
2015-12-22,Belagavi,18.6,27.3,22.0,74.5,1012.4,12.4,W,42.2,7.5,0.0,No,Yes
2015-12-23,Hubballi,8.4,19.9,14.0,68.3,1014.8,16.9,SW,28.2,5.5,0.0,No,Yes
2015-12-24,Hubballi,9.0,22.2,15.6,62.2,1015.1,13.8,SW,44.4,7.2,8.1,Yes,Yes
2015-12-25,Bengaluru,20.8,31.1,24.1,58.0,1015.2,17.3,E,65.0,3.8,8.4,Yes,Yes
2015-12-26,Bengaluru,18.5,25.1,22.0,60.4,1012.8,20.2,NW,59.0,4.2,3.3,Yes,Yes
2015-12-27,Mysuru,16.3,24.7,20.7,23.1,1011.6,21.3,NE,34.2,8.3,0.0,No,No
2015-12-28,Bengaluru,18.2,28.4,21.6,63.4,1029.1,20.5,S,44.1,7.7,0.0,No,No
2015-12-29,Bengaluru,16.5,27.4,23.1,54.7,1017.8,16.0,N,41.0,7.8,0.0,No,No
2015-12-30,Mangaluru,13.2,23.1,19.7,79.4,1015.2,17.3,SE,58.4,7.6,11.2,Yes,Yes
2015-12-31,Mangaluru,12.1,23.1,18.9,60.3,1011.9,18.7,SE,33.1,8.8,4.7,Yes,No
2016-01-01,Hubballi,19.1,28.0,22.9,45.5,1010.6,9.9,S,38.0,,0.0,No,No
2016-01-02,Belagavi,15.2,22.9,18.4,58.9,1012.1,19.1,SE,45.3,6.4,0.0,No,Yes
2016-01-03,Mysuru,19.3,30.2,24.0,46.7,1014.2,10.9,W,23.4,7.6,0.0,No,No
2016-01-04,Bengaluru,9.2,21.2,15.7,64.6,1003.2,24.8,NE,38.3,9.2,5.7,Yes,Yes
2016-01-05,Mangaluru,21.3,31.5,26.8,62.2,1004.6,15.0,N,56.0,6.7,12.1,Yes,No
2016-01-06,Belagavi,17.7,31.7,24.7,69.9,1009.2,15.7,W,53.1,5.3,11.3,Yes,No
2016-01-07,Bengaluru,17.4,30.5,24.0,48.7,1013.3,13.3,S,39.9,,0.0,No,No
2016-01-08,Belagavi,22.5,33.5,27.0,58.4,1011.0,13.8,S,34.7,5.6,0.0,No,Yes
2016-01-09,Mangaluru,26.7,35.2,29.9,41.3,1019.5,25.3,,65.2,4.9,0.0,No,No
2016-01-10,Hubballi,24.4,33.5,27.4,65.9,1004.6,19.9,SW,38.8,5.6,10.4,Yes,Yes
2016-01-11,Bengaluru,10.6,20.5,16.1,63.4,1008.1,9.9,E,54.1,3.5,5.0,Yes,No
2016-01-12,Bengaluru,11.9,22.8,18.5,62.9,1019.4,22.0,N,42.8,7.4,0.0,No,Yes
2016-01-13,Mysuru,16.5,27.8,21.3,56.7,1012.3,20.7,S,48.2,7.1,0.0,No,No
2016-01-14,Bengaluru,17.5,29.4,24.0,61.4,1016.0,14.7,NW,56.4,5.8,5.4,Yes,No
2016-01-15,Mangaluru,20.8,30.5,26.1,75.4,1021.7,17.0,W,34.6,6.9,1.3,Yes,No
2016-01-16,Belagavi,17.9,27.7,21.3,52.5,1007.9,15.6,SE,45.9,4.7,0.0,No,Yes
2016-01-17,Belagavi,18.9,29.8,25.1,57.3,1010.8,23.4,NW,65.8,3.1,2.1,Yes,No
2016-01-18,Hubballi,16.4,26.0,21.4,42.4,1009.8,12.3,W,68.4,3.1,0.0,No,Yes
2016-01-19,Hubballi,18.9,25.2,22.1,44.8,1001.3,16.0,SW,41.0,6.3,0.0,No,No
2016-01-20,Mangaluru,12.8,24.8,19.1,56.1,1009.4,13.6,NW,48.1,7.3,0.0,No,Yes
2016-01-21,Belagavi,15.1,26.3,21.1,67.9,1015.3,9.5,N,85.3,4.2,18.3,Yes,No
2016-01-22,Hubballi,14.7,23.8,19.5,51.4,1013.5,23.9,NE,62.6,2.8,0.0,No,No
2016-01-23,Hubballi,18.1,24.7,21.2,51.4,,10.3,S,36.3,6.1,0.0,No,No
2016-01-24,Mysuru,25.0,33.2,29.4,49.1,1008.7,15.9,NE,35.4,6.2,0.0,No,No
2016-01-25,Mysuru,16.8,25.4,21.5,47.3,1007.2,8.0,S,58.3,2.1,7.4,Yes,Yes
2016-01-26,Mangaluru,32.3,42.5,36.0,57.1,1016.8,13.2,NW,32.7,8.0,1.4,Yes,No
2016-01-27,Mangaluru,23.9,32.5,27.6,35.3,1007.8,16.4,NW,55.4,5.1,0.7,No,No
2016-01-28,Mangaluru,22.8,32.2,26.4,68.4,1011.7,11.4,SE,57.4,5.1,9.2,Yes,Yes
2016-01-29,Mangaluru,17.9,27.2,22.4,44.8,1010.9,17.0,E,50.7,7.4,0.0,No,No
2016-01-30,Belagavi,22.5,33.6,28.7,61.3,,13.5,SE,45.7,6.3,0.0,No,No
2016-01-31,Bengaluru,17.7,30.1,23.8,37.1,1014.8,19.1,NE,30.4,6.9,0.0,No,No
2016-02-01,Mangaluru,23.6,32.8,26.7,60.2,1003.4,19.8,NW,71.0,4.8,15.4,Yes,Yes
2016-02-02,Mysuru,33.5,40.5,36.5,60.0,1003.8,12.0,W,45.3,7.5,4.7,Yes,Yes
2016-02-03,Bengaluru,22.7,31.5,26.0,56.3,1012.6,14.5,N,41.4,6.9,3.7,Yes,No
2016-02-04,Bengaluru,26.3,36.8,31.1,39.6,1009.3,,W,39.6,7.5,0.0,No,No
2016-02-05,Belagavi,17.3,28.5,23.8,,1007.2,16.6,SW,49.6,5.7,0.0,No,No
2016-02-06,Hubballi,22.9,29.9,26.6,36.9,1014.5,14.1,NE,24.3,7.9,0.0,No,No
2016-02-07,Bengaluru,29.0,38.4,33.9,47.8,1010.3,14.7,E,35.7,7.2,0.0,No,No
2016-02-08,Belagavi,21.3,28.9,24.5,63.0,1009.5,12.9,S,40.9,5.7,0.0,No,Yes
2016-02-09,Belagavi,31.2,40.1,34.3,60.0,1013.1,,NW,61.7,4.2,1.4,Yes,Yes
2016-02-10,Belagavi,27.0,36.3,30.0,50.5,1007.2,19.0,SW,31.9,9.0,3.3,Yes,Yes
2016-02-11,Mangaluru,19.1,29.6,25.0,38.4,1016.9,16.3,NW,14.0,11.2,0.0,No,No
2016-02-12,Hubballi,26.8,35.5,29.9,57.6,1005.0,16.4,S,18.5,10.4,0.0,No,No
2016-02-13,Mangaluru,27.3,37.0,31.4,49.9,1012.2,16.5,NE,22.9,6.5,0.0,No,No
2016-02-14,Mysuru,24.5,35.7,30.1,21.7,1016.0,12.9,N,54.1,3.8,0.0,No,Yes
2016-02-15,Hubballi,15.9,26.6,21.4,58.7,1001.8,14.7,S,48.7,,0.0,No,Yes
2016-02-16,Mangaluru,21.7,30.4,24.9,48.9,1006.9,9.0,W,52.1,,3.5,Yes,Yes
2016-02-17,Hubballi,22.9,33.4,26.9,63.4,1014.3,18.4,S,58.4,1.8,7.4,Yes,Yes
2016-02-18,Mysuru,22.1,34.4,27.7,35.7,1014.3,2.1,SW,40.1,6.0,0.0,No,No
2016-02-19,Mangaluru,26.0,33.9,30.5,10.5,1007.6,12.9,,28.1,9.3,0.0,No,Yes
2016-02-20,Hubballi,24.0,31.9,28.9,51.8,1004.7,17.7,SW,61.4,6.1,6.2,Yes,Yes
2016-02-21,Mysuru,19.1,28.0,22.9,51.8,,7.6,E,47.9,5.4,0.0,No,No
2016-02-22,Belagavi,26.7,34.5,29.8,27.9,1014.2,14.6,W,57.1,4.7,0.0,No,No
2016-02-23,Hubballi,26.5,35.7,30.9,36.2,1002.4,10.3,N,48.8,6.6,0.0,No,Yes
2016-02-24,Mysuru,25.0,35.6,30.7,80.9,1002.1,11.5,S,48.1,7.1,13.7,Yes,Yes
2016-02-25,Belagavi,26.8,39.5,32.9,44.0,1009.2,,SE,35.1,6.4,0.0,No,No
2016-02-26,Mysuru,26.6,37.5,32.0,56.3,1011.2,13.6,NE,36.6,6.7,0.0,No,Yes
2016-02-27,Bengaluru,26.0,35.3,30.6,39.6,1006.5,,SW,59.1,4.4,0.0,No,Yes
2016-02-28,Mysuru,23.2,33.3,28.5,22.2,1011.3,,NW,27.8,6.1,0.0,No,No
2016-02-29,Mangaluru,16.4,28.6,22.2,45.1,1004.3,16.6,S,31.1,7.1,0.0,No,Yes
2016-03-01,Mangaluru,24.6,34.5,30.7,43.8,997.2,14.5,NE,47.3,5.7,7.4,Yes,Yes
2016-03-02,Mangaluru,26.5,32.9,29.8,42.1,1005.6,19.6,SW,40.4,5.1,0.0,No,Yes
2016-03-03,Mangaluru,23.9,35.1,30.2,,1008.0,19.3,S,47.6,6.8,0.0,No,No
2016-03-04,Bengaluru,20.8,30.9,24.0,49.8,1006.3,11.2,E,73.3,4.5,5.7,Yes,Yes
2016-03-05,Bengaluru,18.4,31.1,24.9,44.7,1001.8,22.5,N,56.6,6.1,0.7,No,No
2016-03-06,Bengaluru,28.9,38.1,33.5,,998.5,12.6,SE,37.9,5.9,0.0,No,No
2016-03-07,Belagavi,24.0,32.9,29.2,52.1,1004.9,8.6,SW,24.7,5.6,0.0,No,Yes
2016-03-08,Hubballi,27.9,37.4,32.1,22.8,1012.0,9.9,E,26.6,8.3,0.0,No,No
2016-03-09,Mangaluru,24.8,36.0,29.5,21.5,1013.7,3.3,NW,44.3,5.5,0.0,No,No
2016-03-10,Hubballi,23.2,35.5,29.6,54.9,1013.3,18.8,N,29.4,6.5,2.0,Yes,Yes
2016-03-11,Mangaluru,29.1,38.4,33.3,52.0,1003.3,18.7,E,77.9,2.0,11.3,Yes,Yes
2016-03-12,Mangaluru,22.2,33.4,27.5,45.1,1001.6,8.2,SW,,6.1,0.0,No,No
2016-03-13,Mangaluru,24.4,36.8,30.0,29.0,1009.8,11.3,W,37.3,8.8,0.0,No,Yes
2016-03-14,Bengaluru,24.2,33.0,27.8,37.2,1010.4,12.6,NE,29.9,6.9,0.0,No,No
2016-03-15,Belagavi,21.8,33.2,27.9,42.4,1009.2,8.4,S,49.4,4.6,0.0,No,Yes
2016-03-16,Mangaluru,21.5,33.4,28.5,,997.1,5.2,E,18.2,9.3,0.0,No,No
2016-03-17,Mangaluru,27.0,35.9,30.6,36.6,1002.8,11.3,W,72.1,4.2,3.2,Yes,Yes
2016-03-18,Mangaluru,21.8,33.4,27.9,53.2,1007.0,10.8,W,66.0,2.0,11.5,Yes,Yes
2016-03-19,Mysuru,31.3,38.7,34.8,62.5,1009.6,10.6,SW,64.7,5.4,15.5,Yes,Yes
2016-03-20,Mangaluru,19.5,31.5,26.3,40.2,1010.9,13.0,N,20.2,,0.0,No,No
2016-03-21,Bengaluru,24.5,32.2,29.1,54.3,1007.8,17.8,S,49.8,2.7,8.2,Yes,No
2016-03-22,Bengaluru,21.2,34.9,28.1,22.2,1008.7,10.9,SW,52.0,4.2,0.0,No,No
2016-03-23,Hubballi,32.4,38.9,35.7,53.1,1007.5,12.7,W,55.1,2.0,0.0,No,Yes
2016-03-24,Bengaluru,24.6,37.6,30.7,35.5,1010.5,14.9,NE,24.2,7.9,0.0,No,No
2016-03-25,Hubballi,29.2,41.0,34.1,48.8,1008.6,14.2,NE,34.8,8.3,0.0,No,No
2016-03-26,Belagavi,19.9,29.1,24.0,42.1,1007.4,9.6,,35.1,7.2,0.0,No,No
2016-03-27,Mysuru,25.1,35.4,31.0,60.9,1005.7,12.4,S,40.3,8.3,2.4,Yes,Yes
2016-03-28,Bengaluru,28.0,37.3,33.5,34.5,1007.4,14.2,NE,61.7,5.9,0.0,No,No
2016-03-29,Mangaluru,23.7,34.0,30.3,52.5,1009.4,7.5,E,17.2,10.6,0.0,No,No
2016-03-30,Belagavi,30.3,38.2,34.3,41.6,1008.3,17.1,NE,51.5,7.1,0.0,No,No
2016-03-31,Mangaluru,21.2,32.8,27.9,43.1,1008.9,17.7,NE,22.9,7.6,0.0,No,No
2016-04-01,Hubballi,30.1,41.6,35.6,42.8,1013.7,9.1,NE,27.7,7.8,0.0,No,No
2016-04-02,Hubballi,34.4,43.8,39.2,34.9,1008.3,12.8,W,8.8,8.2,0.0,No,No
2016-04-03,Mysuru,25.3,34.7,28.5,44.8,1003.8,14.6,SE,34.7,6.8,0.0,No,No
2016-04-04,Belagavi,22.1,33.5,28.2,44.3,,9.8,SW,65.4,4.6,6.7,Yes,Yes
2016-04-05,Hubballi,29.4,38.9,35.8,47.9,1000.2,13.9,,48.1,5.9,9.3,Yes,Yes
2016-04-06,Mangaluru,30.0,39.8,36.3,46.1,1001.6,12.7,SW,25.5,9.5,0.0,No,No
2016-04-07,Bengaluru,21.9,33.1,27.9,54.7,1008.7,6.2,NW,62.1,4.4,2.8,Yes,Yes
2016-04-08,Bengaluru,21.4,31.9,28.2,56.2,,13.9,NE,66.0,3.4,11.7,Yes,Yes
2016-04-09,Belagavi,22.4,34.2,28.8,32.6,1000.8,7.7,N,39.6,5.7,0.0,No,Yes
2016-04-10,Belagavi,17.8,29.3,24.5,55.6,1005.2,15.8,NW,77.8,4.3,1.9,Yes,Yes
2016-04-11,Hubballi,20.3,32.0,26.2,31.0,1004.1,9.4,S,49.7,4.2,0.0,No,No
2016-04-12,Bengaluru,19.5,30.0,25.8,52.4,1004.7,11.5,N,56.2,5.1,0.0,No,Yes
2016-04-13,Mysuru,22.6,33.0,26.7,52.8,1011.9,17.6,S,34.1,8.8,2.3,Yes,No
2016-04-14,Mysuru,24.0,34.2,29.6,22.5,1010.7,14.1,NW,43.4,6.7,0.0,No,No
2016-04-15,Mysuru,26.9,36.9,30.7,46.6,1007.1,7.8,SE,46.9,6.0,0.0,No,No
2016-04-16,Mysuru,32.6,39.0,35.9,39.9,1004.5,8.1,S,48.8,5.9,0.0,No,No
2016-04-17,Hubballi,20.4,30.3,25.7,36.5,1000.5,9.8,S,29.3,6.3,0.0,No,No
2016-04-18,Mangaluru,27.4,37.5,33.6,61.9,1014.4,13.8,E,51.7,4.7,0.0,No,Yes
2016-04-19,Mysuru,25.4,33.5,28.7,37.9,1010.3,13.7,SE,27.9,7.4,0.0,No,No
2016-04-20,Hubballi,25.6,36.1,29.3,36.2,1003.8,8.9,NE,7.3,9.7,0.0,No,No
2016-04-21,Mysuru,28.8,35.8,32.2,46.8,1011.0,7.6,SE,58.7,6.2,5.7,Yes,Yes
2016-04-22,Mysuru,19.4,28.3,25.0,54.3,1007.1,13.5,E,24.2,8.1,0.0,No,No
2016-04-23,Mangaluru,27.6,34.2,30.9,44.4,1006.0,11.6,W,44.4,7.9,5.6,Yes,No
2016-04-24,Mysuru,26.6,33.5,30.0,60.2,1009.7,21.0,S,54.1,7.4,0.0,No,Yes
2016-04-25,Hubballi,27.2,34.5,31.3,52.7,1003.8,12.6,NW,51.0,6.7,2.0,Yes,No
2016-04-26,Hubballi,26.3,36.1,30.4,20.3,1005.9,19.7,SW,28.9,9.1,0.0,No,No
2016-04-27,Bengaluru,33.8,42.5,39.0,40.2,1008.2,7.8,SE,45.1,5.0,1.3,Yes,Yes
2016-04-28,Belagavi,23.4,30.3,26.6,39.9,1005.2,6.3,E,48.0,4.6,5.3,Yes,Yes
2016-04-29,Mysuru,21.5,32.5,26.9,52.5,1011.1,8.1,SW,57.0,5.9,1.6,Yes,Yes
2016-04-30,Mysuru,21.8,31.3,26.5,15.4,1017.1,17.4,NE,57.2,3.6,0.0,No,No
2016-05-01,Hubballi,23.0,29.9,26.7,77.6,1004.0,19.7,S,,4.7,7.7,Yes,Yes
2016-05-02,Mysuru,20.7,33.2,26.3,53.5,999.5,9.6,SE,47.4,7.0,0.0,No,Yes
2016-05-03,Hubballi,29.2,38.9,33.5,49.1,997.9,10.9,SE,31.0,9.1,4.1,Yes,Yes
2016-05-04,Bengaluru,28.1,39.8,34.4,61.6,1007.2,8.1,NW,56.2,5.0,9.3,Yes,Yes
2016-05-05,Mysuru,19.4,32.7,26.3,75.7,1004.7,5.6,SW,65.3,3.8,14.0,Yes,Yes
2016-05-06,Bengaluru,19.1,31.8,25.2,58.2,1009.1,15.8,W,45.4,6.6,4.6,Yes,Yes
2016-05-07,Bengaluru,24.4,33.6,30.3,59.3,1008.8,13.9,W,56.9,4.0,5.7,Yes,Yes
2016-05-08,Belagavi,21.7,29.4,26.2,49.6,1000.2,,S,40.5,6.4,6.6,Yes,Yes
2016-05-09,Hubballi,25.7,36.9,30.8,46.5,999.2,7.5,W,53.7,5.5,9.2,Yes,Yes
2016-05-10,Bengaluru,25.8,34.8,29.0,42.7,1009.8,19.7,SE,55.8,5.3,0.0,No,Yes
2016-05-11,Hubballi,16.1,25.9,22.1,38.6,1009.1,11.2,S,53.9,,0.0,No,No
2016-05-12,Belagavi,28.5,38.5,34.2,40.5,1006.3,15.4,W,42.9,5.4,0.0,No,No
2016-05-13,Hubballi,31.0,40.6,35.1,32.7,1000.3,7.5,E,22.5,7.3,0.0,No,No
2016-05-14,Belagavi,20.3,31.5,25.4,48.1,1011.0,12.6,S,35.1,6.2,0.0,No,No
2016-05-15,Mysuru,20.5,31.6,26.2,29.0,1015.0,14.6,NE,45.5,4.3,0.0,No,No
2016-05-16,Belagavi,24.3,35.0,28.8,51.7,1010.1,14.8,S,82.4,3.5,5.6,Yes,Yes
2016-05-17,Belagavi,23.0,32.8,28.9,49.1,1004.6,14.1,SW,39.5,7.8,0.0,No,Yes
2016-05-18,Belagavi,23.9,34.4,30.1,51.5,1009.1,15.6,SE,52.5,6.6,2.4,Yes,No
2016-05-19,Mangaluru,31.5,38.8,35.4,43.7,1002.2,9.1,SW,34.1,6.8,0.0,No,No
2016-05-20,Bengaluru,22.3,33.5,26.5,87.1,,14.5,S,45.2,5.3,2.5,Yes,Yes
2016-05-21,Hubballi,19.3,30.2,24.0,66.7,1009.5,14.2,NW,41.5,7.4,3.0,Yes,Yes
2016-05-22,Hubballi,17.6,27.4,21.5,35.6,1000.4,14.8,S,8.0,10.1,0.0,No,No
2016-05-23,Mangaluru,17.9,27.8,24.0,53.5,1007.8,14.2,S,66.7,4.7,4.4,Yes,Yes
2016-05-24,Mysuru,21.4,32.5,26.7,43.7,1011.7,8.9,NE,9.0,11.3,0.0,No,No
2016-05-25,Bengaluru,29.4,40.3,33.9,39.0,1007.8,8.8,SW,36.6,6.9,0.0,No,No
2016-05-26,Bengaluru,21.5,30.8,24.5,35.3,1008.2,5.3,NE,21.4,7.9,0.0,No,No
2016-05-27,Bengaluru,23.1,33.4,27.4,56.8,1003.5,17.5,SE,34.4,,0.0,No,No
2016-05-28,Bengaluru,20.0,30.9,26.3,43.6,1012.6,17.6,SW,63.1,2.9,0.0,No,Yes
2016-05-29,Mangaluru,25.0,37.1,31.0,63.6,1006.6,17.7,SE,53.5,6.3,12.0,Yes,Yes
2016-05-30,Hubballi,33.0,41.2,36.2,64.2,999.1,15.6,S,36.2,6.9,12.9,Yes,Yes
2016-05-31,Mysuru,17.7,28.5,23.9,68.9,1008.1,6.0,N,43.7,7.0,19.9,Yes,Yes
2016-06-01,Mysuru,20.2,30.8,23.9,42.5,1015.0,10.5,SW,30.5,9.7,0.1,No,No
2016-06-02,Mysuru,23.0,33.5,30.0,58.6,1008.2,15.3,E,47.8,5.5,0.0,No,Yes
2016-06-03,Mangaluru,21.9,34.8,28.4,60.7,1018.9,15.3,S,51.9,2.9,0.0,No,No
2016-06-04,Mangaluru,26.3,37.2,32.9,47.7,1012.5,13.9,W,72.5,4.5,3.1,Yes,Yes
2016-06-05,Belagavi,21.7,32.8,27.7,44.3,1012.1,16.3,W,14.0,9.0,0.0,No,No
2016-06-06,Mangaluru,18.0,28.3,23.9,73.1,1009.9,15.0,E,53.7,4.6,8.9,Yes,Yes
2016-06-07,Bengaluru,23.5,32.5,27.5,,1010.3,15.5,NE,43.0,6.9,14.4,Yes,Yes
2016-06-08,Hubballi,24.1,35.7,29.5,61.9,1009.4,12.5,SE,64.0,5.6,0.9,No,Yes
2016-06-09,Mysuru,22.4,31.9,28.2,44.7,1009.3,19.1,N,48.2,4.8,0.0,No,Yes
2016-06-10,Mangaluru,22.7,32.8,26.8,40.2,1013.6,13.5,W,49.9,5.5,4.4,Yes,No
2016-06-11,Hubballi,24.3,33.7,28.9,48.2,1006.3,10.0,SE,49.5,7.7,0.0,No,Yes
2016-06-12,Bengaluru,22.4,35.9,29.2,53.8,1005.7,12.3,NE,32.5,6.4,0.5,No,No
2016-06-13,Mangaluru,25.3,35.1,29.9,42.8,1005.6,14.1,S,60.3,,7.5,Yes,Yes
2016-06-14,Mangaluru,22.6,30.0,26.9,55.7,1021.5,19.6,NW,59.2,1.9,2.0,Yes,No
2016-06-15,Hubballi,20.0,30.1,23.5,35.8,1014.1,15.5,NE,53.0,3.8,0.0,No,No
2016-06-16,Bengaluru,20.2,31.3,24.6,42.8,1013.0,15.0,N,61.1,5.1,4.1,Yes,Yes
2016-06-17,Mangaluru,23.2,32.4,28.7,64.6,1006.3,10.8,S,57.1,6.7,2.4,Yes,Yes
2016-06-18,Hubballi,16.9,27.3,20.5,64.0,1014.8,19.1,SW,72.8,2.3,5.2,Yes,Yes
2016-06-19,Bengaluru,19.6,29.8,25.1,52.3,1011.2,,W,51.6,5.8,3.4,Yes,Yes
2016-06-20,Mangaluru,15.9,28.5,21.9,45.1,1013.0,15.7,S,39.7,6.2,0.0,No,No
2016-06-21,Mangaluru,17.4,27.9,23.4,45.2,1007.1,22.1,N,43.0,7.6,5.7,Yes,Yes
2016-06-22,Mysuru,21.4,31.4,28.3,53.3,1012.9,18.3,W,46.0,4.7,0.3,No,No
2016-06-23,Belagavi,19.1,30.0,23.8,65.8,1010.1,9.8,SE,43.5,6.9,4.2,Yes,No
2016-06-24,Bengaluru,20.0,29.6,23.1,69.4,1008.5,9.4,S,77.3,2.8,3.9,Yes,Yes
2016-06-25,Hubballi,10.9,21.0,17.3,52.6,1016.1,16.3,SE,50.5,6.1,0.0,No,Yes
2016-06-26,Mysuru,22.3,30.8,25.6,45.0,1004.8,11.8,E,44.4,6.4,0.0,No,Yes
2016-06-27,Mangaluru,18.6,31.4,25.1,62.3,1015.4,19.3,N,55.7,5.1,7.8,Yes,Yes
2016-06-28,Hubballi,24.1,35.9,31.0,49.4,1016.2,16.9,E,89.5,3.1,0.0,No,Yes
2016-06-29,Mysuru,14.4,27.1,21.0,53.4,1008.4,17.5,S,29.4,7.6,0.8,No,No
2016-06-30,Mysuru,16.1,28.5,23.0,75.7,1008.8,14.1,N,42.6,6.3,4.9,Yes,Yes
2016-07-01,Belagavi,19.9,28.8,22.9,70.0,1011.9,24.0,S,32.3,6.9,0.0,No,Yes
2016-07-02,Mysuru,25.1,34.8,28.1,62.3,1014.6,28.5,W,46.4,6.2,2.5,Yes,Yes
2016-07-03,Bengaluru,17.5,26.0,21.3,45.3,1012.5,16.1,N,46.8,6.4,0.0,No,No
2016-07-04,Belagavi,16.5,28.7,22.7,63.4,1015.5,18.7,SE,43.4,5.2,0.0,No,Yes
2016-07-05,Belagavi,20.5,29.7,23.8,73.9,1022.3,17.8,NE,46.5,5.7,5.8,Yes,Yes
2016-07-06,Mangaluru,16.0,26.8,22.0,56.9,1011.0,16.4,SW,49.9,4.6,0.0,No,Yes
2016-07-07,Mangaluru,16.3,23.9,19.3,77.9,1005.1,14.2,NE,48.6,5.9,8.1,Yes,Yes
2016-07-08,Bengaluru,15.8,28.3,21.8,77.4,1017.9,13.3,NW,60.6,4.2,9.5,Yes,Yes
2016-07-09,Hubballi,21.1,29.0,25.1,82.1,1022.3,13.2,N,74.6,4.7,9.9,Yes,Yes
2016-07-10,Bengaluru,11.8,20.9,16.6,66.1,1015.9,19.4,W,61.6,5.7,0.0,No,Yes
2016-07-11,Belagavi,14.2,28.0,21.1,69.7,1008.6,15.8,E,66.1,3.4,15.5,Yes,Yes
2016-07-12,Mangaluru,12.4,21.8,17.6,79.9,1013.5,7.7,N,73.2,3.9,6.8,Yes,Yes
2016-07-13,Bengaluru,21.8,31.6,25.1,68.5,1008.7,19.8,SE,56.7,6.0,7.7,Yes,Yes
2016-07-14,Mangaluru,7.6,18.6,14.1,57.4,1017.6,,SW,45.6,6.0,0.0,No,No
2016-07-15,Bengaluru,13.5,23.0,17.8,58.3,1007.7,23.6,,,6.1,0.1,No,No
2016-07-16,Bengaluru,16.1,26.0,21.4,66.8,1013.1,19.8,NW,,4.9,10.1,Yes,Yes
2016-07-17,Mysuru,20.2,29.9,26.0,48.7,1009.6,12.5,E,36.6,8.0,0.0,No,No
2016-07-18,Bengaluru,13.3,25.1,19.4,62.7,1015.4,9.6,N,,6.0,7.1,Yes,Yes
2016-07-19,Mangaluru,12.6,24.2,17.3,77.8,1013.0,15.7,W,61.3,4.6,10.5,Yes,No
2016-07-20,Bengaluru,20.8,33.5,26.9,38.6,1015.8,16.1,SW,50.9,6.7,0.0,No,No
2016-07-21,Hubballi,10.0,20.4,13.5,83.6,1015.2,22.5,SW,41.0,3.0,15.2,Yes,Yes
2016-07-22,Mysuru,5.2,16.1,10.3,78.9,1010.2,18.8,W,78.0,5.1,17.3,Yes,Yes
2016-07-23,Bengaluru,17.7,23.9,20.8,60.1,1018.4,23.4,N,42.6,6.3,2.5,Yes,No
2016-07-24,Hubballi,12.2,22.1,16.9,72.4,1015.1,13.7,S,37.5,7.0,10.8,Yes,No
2016-07-25,Mangaluru,10.2,20.1,14.7,66.1,1010.5,22.9,SE,44.9,5.9,11.8,Yes,Yes
2016-07-26,Hubballi,14.5,24.9,21.5,81.1,1026.7,22.0,SE,94.7,3.8,12.5,Yes,Yes
2016-07-27,Mysuru,14.9,25.8,19.5,78.4,1018.0,11.1,W,50.5,4.5,12.5,Yes,Yes
2016-07-28,Mangaluru,9.5,22.0,16.1,50.0,1015.0,24.6,NE,40.1,8.4,0.0,No,No
2016-07-29,Bengaluru,8.4,17.9,13.1,74.1,1022.9,19.7,S,,6.2,9.9,Yes,Yes
2016-07-30,Bengaluru,16.5,25.8,21.6,64.8,1025.1,21.0,W,48.7,6.7,1.7,Yes,No
2016-07-31,Hubballi,16.2,24.5,20.6,68.5,1015.3,16.0,E,40.7,6.2,3.1,Yes,Yes
2016-08-01,Bengaluru,11.9,24.3,17.5,59.0,1017.8,24.7,SW,50.7,4.2,2.2,Yes,Yes
2016-08-02,Mangaluru,19.2,31.4,25.2,88.9,1011.2,14.9,NW,76.7,4.7,20.8,Yes,Yes
2016-08-03,Mangaluru,7.2,19.1,13.4,80.6,1015.5,23.0,NE,62.0,5.2,12.7,Yes,Yes
2016-08-04,Bengaluru,5.7,18.2,11.4,59.5,1015.3,23.1,NW,32.1,9.0,0.0,No,No
2016-08-05,Hubballi,10.3,18.5,14.7,52.6,1017.4,16.0,SE,40.9,6.4,0.0,No,No
2016-08-06,Bengaluru,12.8,23.6,17.1,64.2,1018.2,27.9,N,42.4,6.0,9.8,Yes,Yes
2016-08-07,Belagavi,13.8,23.5,18.2,74.2,1019.4,20.9,S,55.5,7.0,8.4,Yes,Yes
2016-08-08,Bengaluru,13.0,22.9,16.1,72.1,1017.9,22.7,SE,73.8,,6.5,Yes,Yes
2016-08-09,Mysuru,11.6,24.0,18.4,84.4,1010.7,14.0,SE,56.5,5.3,11.2,Yes,Yes
2016-08-10,Bengaluru,8.1,17.8,11.9,79.1,1012.1,28.7,S,55.3,4.5,16.4,Yes,Yes
2016-08-11,Belagavi,18.9,26.4,22.5,81.4,1014.2,15.4,SE,84.2,4.0,12.9,Yes,Yes
2016-08-12,Mysuru,11.1,20.7,16.3,73.9,1015.6,24.4,NW,67.7,4.1,1.1,Yes,Yes
2016-08-13,Hubballi,17.8,25.2,21.0,53.5,1022.3,16.4,NW,55.0,6.1,0.0,No,No
2016-08-14,Mysuru,11.5,23.6,17.8,68.0,1011.3,18.0,NE,81.6,2.9,2.7,Yes,Yes
2016-08-15,Mangaluru,11.7,22.8,18.2,83.3,1015.4,23.7,W,65.7,6.4,5.0,Yes,Yes
2016-08-16,Belagavi,14.0,25.0,18.6,70.1,1022.1,24.7,NW,23.2,7.2,0.0,No,No
2016-08-17,Mangaluru,11.1,21.8,18.0,77.0,1015.9,15.6,S,68.3,4.9,19.4,Yes,Yes
2016-08-18,Mangaluru,14.4,24.8,18.7,,1019.7,25.1,SE,28.0,7.1,0.0,No,No
2016-08-19,Mysuru,17.3,27.6,21.3,58.9,1016.8,24.9,SE,55.3,,0.0,No,Yes
2016-08-20,Mysuru,9.7,22.2,16.7,70.0,1018.9,17.1,S,27.3,7.2,0.0,No,No
2016-08-21,Mangaluru,14.6,22.2,18.7,75.3,1016.5,27.3,N,48.1,6.9,4.4,Yes,Yes
2016-08-22,Hubballi,10.6,19.7,15.4,63.9,1021.0,15.1,NW,45.1,7.3,0.0,No,Yes
2016-08-23,Bengaluru,16.0,26.0,21.4,69.1,1010.0,18.5,E,41.1,7.2,1.7,Yes,Yes
2016-08-24,Bengaluru,8.6,17.7,12.9,60.8,1016.0,22.9,S,44.1,,11.7,Yes,Yes
2016-08-25,Belagavi,18.1,28.6,22.7,85.7,1019.4,17.7,N,74.8,3.9,18.4,Yes,Yes
2016-08-26,Mysuru,9.4,19.6,15.2,68.8,1020.6,22.2,SW,41.8,7.6,0.0,No,No
2016-08-27,Bengaluru,3.7,12.7,9.6,89.9,1025.5,22.1,SE,69.2,5.4,16.2,Yes,Yes
2016-08-28,Hubballi,9.5,22.2,15.8,91.0,1016.1,20.5,NE,46.9,2.9,7.5,Yes,Yes
2016-08-29,Belagavi,7.1,17.2,12.5,71.8,1025.5,24.6,SW,50.9,5.4,0.0,No,No
2016-08-30,Mysuru,14.5,22.6,18.5,60.8,1014.9,20.4,W,54.2,5.2,12.6,Yes,Yes
2016-08-31,Bengaluru,8.1,18.7,12.4,48.0,1024.9,22.3,SE,29.3,8.4,0.0,No,No
2016-09-01,Mangaluru,6.6,19.7,13.2,55.5,1022.4,26.0,SE,27.5,7.6,0.0,No,No
2016-09-02,Hubballi,1.4,13.3,7.3,56.8,1013.8,24.6,SW,55.1,6.3,3.4,Yes,No
2016-09-03,Hubballi,9.7,17.5,13.0,90.0,1019.9,,N,77.8,2.2,10.8,Yes,Yes
2016-09-04,Mysuru,-0.9,9.0,5.1,,1018.2,16.9,S,53.8,5.8,9.8,Yes,Yes
2016-09-05,Hubballi,4.1,14.2,8.4,78.3,1021.6,23.6,NW,49.5,7.0,2.8,Yes,No
2016-09-06,Mysuru,14.6,20.9,17.7,,1017.4,18.1,E,46.2,4.4,0.0,No,No
2016-09-07,Hubballi,12.8,22.3,17.8,59.5,1017.0,16.5,E,49.6,8.9,3.4,Yes,No
2016-09-08,Bengaluru,9.7,22.3,16.3,84.6,1025.4,21.4,NW,62.5,6.2,7.0,Yes,Yes
2016-09-09,Mysuru,5.9,16.0,10.6,77.5,1018.1,18.1,S,18.1,8.5,8.1,Yes,Yes
2016-09-10,Hubballi,7.3,20.2,14.3,72.4,1022.8,24.9,W,37.9,5.8,0.0,No,No
2016-09-11,Bengaluru,10.7,19.7,14.4,81.0,1017.6,25.0,NW,44.7,6.1,14.0,Yes,Yes
2016-09-12,Bengaluru,5.3,13.7,9.7,93.9,1027.0,14.2,NW,64.8,4.7,18.8,Yes,Yes
2016-09-13,Bengaluru,17.3,25.3,20.4,71.7,1015.4,18.5,S,56.5,5.8,17.2,Yes,Yes
2016-09-14,Mysuru,14.6,23.9,17.8,75.3,1015.7,16.0,NE,64.7,6.4,10.7,Yes,Yes
2016-09-15,Mysuru,9.0,17.3,13.4,76.8,1026.4,20.0,S,59.6,4.5,0.0,No,Yes
2016-09-16,Hubballi,9.2,21.2,14.3,100.0,1016.6,23.7,W,45.5,6.9,25.6,Yes,Yes
2016-09-17,Mangaluru,11.1,18.8,15.0,,1026.9,20.9,NE,66.5,2.9,0.0,No,No
2016-09-18,Mangaluru,2.3,9.1,6.0,82.9,1023.3,19.5,S,77.2,3.1,7.6,Yes,Yes
2016-09-19,Belagavi,8.5,19.3,13.2,73.4,1018.1,27.1,W,35.5,7.5,0.0,No,No
2016-09-20,Mangaluru,7.7,18.1,11.4,81.6,1009.8,12.7,W,62.6,5.6,7.8,Yes,Yes
2016-09-21,Mangaluru,4.6,14.1,10.1,66.9,1018.8,26.9,NE,42.8,5.5,3.2,Yes,Yes
2016-09-22,Hubballi,6.1,16.6,13.0,74.3,1019.5,19.8,S,56.8,4.7,2.2,Yes,Yes
2016-09-23,Mysuru,15.0,25.1,21.2,83.4,1024.8,21.7,S,74.2,5.6,9.6,Yes,Yes
2016-09-24,Mangaluru,12.7,22.1,16.6,100.0,1026.9,19.9,E,97.0,3.3,27.7,Yes,Yes
2016-09-25,Belagavi,4.9,17.1,11.7,84.6,1015.6,28.2,SE,70.1,4.4,18.1,Yes,Yes
2016-09-26,Hubballi,10.3,21.8,16.3,64.8,1023.0,17.1,SE,55.3,2.7,0.9,No,Yes
2016-09-27,Bengaluru,16.0,22.6,19.6,,1022.8,22.0,NE,47.9,9.0,1.8,Yes,Yes
2016-09-28,Bengaluru,12.4,21.3,17.7,69.6,1024.4,24.1,N,55.6,5.3,2.0,Yes,Yes
2016-09-29,Belagavi,7.4,18.2,14.2,53.5,1021.5,15.6,NW,66.8,4.1,0.0,No,Yes
2016-09-30,Mysuru,8.0,17.2,11.4,71.0,1009.3,18.3,SW,52.7,5.0,7.8,Yes,Yes
2016-10-01,Bengaluru,12.7,22.2,16.8,83.8,1018.2,21.4,E,45.2,6.7,9.7,Yes,Yes
2016-10-02,Mysuru,11.1,21.1,15.6,59.7,1013.2,18.5,NW,24.6,8.4,0.0,No,No
2016-10-03,Mangaluru,14.1,22.9,17.6,87.6,1018.0,18.7,S,67.7,5.5,16.4,Yes,Yes
2016-10-04,Mangaluru,12.4,22.5,16.6,80.8,1023.9,20.6,E,61.0,3.8,2.4,Yes,No
2016-10-05,Mangaluru,12.5,25.0,18.2,66.1,1020.5,24.6,N,41.8,6.1,0.0,No,No
2016-10-06,Bengaluru,7.0,17.6,11.9,73.2,1024.7,20.6,E,69.7,6.6,2.2,Yes,Yes
2016-10-07,Bengaluru,14.6,25.3,19.3,94.1,1020.7,26.3,N,56.3,5.6,8.8,Yes,Yes
2016-10-08,Mysuru,10.1,20.3,14.9,83.7,1012.5,18.0,SW,56.4,5.1,19.6,Yes,Yes
2016-10-09,Mysuru,16.4,28.6,22.4,74.9,1006.3,16.9,N,54.7,4.3,15.2,Yes,Yes
2016-10-10,Belagavi,4.4,18.1,11.4,71.9,1019.7,29.6,N,48.5,6.6,0.0,No,No
2016-10-11,Mangaluru,15.7,26.5,21.1,75.6,1017.8,19.3,W,58.8,6.3,10.1,Yes,Yes
2016-10-12,Hubballi,9.0,18.7,15.0,,1014.0,16.6,N,69.7,5.2,6.9,Yes,Yes
2016-10-13,Hubballi,7.1,17.7,11.6,49.4,1010.3,14.9,N,27.6,7.4,0.0,No,No
2016-10-14,Mangaluru,5.9,17.9,12.3,99.1,1015.2,26.2,S,72.0,4.4,11.1,Yes,Yes
2016-10-15,Belagavi,8.3,19.7,13.0,76.4,1017.8,20.5,E,58.1,7.2,13.4,Yes,Yes
2016-10-16,Mysuru,9.3,20.1,16.0,79.2,1022.1,20.8,SE,59.0,6.4,0.0,No,No
2016-10-17,Bengaluru,10.5,23.3,16.4,73.7,1019.7,21.1,SE,67.5,3.4,7.9,Yes,Yes
2016-10-18,Belagavi,6.3,17.3,12.1,65.5,1026.8,25.8,NW,51.9,2.6,0.0,No,Yes
2016-10-19,Belagavi,10.2,21.2,14.3,72.0,1013.5,21.0,S,61.0,5.3,13.1,Yes,Yes
2016-10-20,Mangaluru,16.9,29.2,23.0,54.9,1023.1,31.1,NE,57.7,6.1,0.0,No,Yes
2016-10-21,Mysuru,18.0,27.9,21.4,100.0,1018.8,22.2,SW,57.4,3.9,14.5,Yes,Yes
2016-10-22,Hubballi,11.2,20.6,16.3,59.1,1022.0,25.9,W,53.1,5.6,0.0,No,Yes
2016-10-23,Hubballi,8.8,18.7,14.8,61.5,1016.4,24.8,NW,45.8,5.9,1.7,Yes,Yes
2016-10-24,Hubballi,8.6,20.7,15.2,68.5,1023.9,21.4,N,50.4,5.9,0.5,No,No
2016-10-25,Belagavi,11.9,21.7,17.2,89.1,1019.9,19.2,E,55.8,4.7,10.3,Yes,Yes
2016-10-26,Bengaluru,6.7,17.6,10.7,73.7,1015.0,22.8,N,61.5,6.4,5.5,Yes,Yes
2016-10-27,Mysuru,7.4,18.8,13.8,58.6,1018.3,23.5,W,49.7,6.0,0.0,No,No
2016-10-28,Bengaluru,2.2,11.7,8.2,88.3,1017.1,19.1,NW,66.3,3.4,7.4,Yes,Yes
2016-10-29,Hubballi,13.0,21.6,16.6,81.9,1020.7,,N,57.5,6.3,12.5,Yes,Yes
2016-10-30,Bengaluru,11.1,22.8,17.6,79.5,1012.3,26.3,NW,32.7,5.8,2.7,Yes,Yes
2016-10-31,Belagavi,6.3,16.2,13.2,81.5,1018.0,29.6,SE,58.1,6.7,5.3,Yes,Yes
2016-11-01,Mangaluru,16.3,25.5,21.5,100.0,,24.7,N,66.0,5.7,8.5,Yes,Yes
2016-11-02,Bengaluru,7.2,13.4,10.4,98.9,1018.2,28.7,NW,68.2,6.0,7.5,Yes,Yes
2016-11-03,Bengaluru,2.8,14.7,9.5,64.3,1024.7,18.6,W,41.8,6.3,0.0,No,No
2016-11-04,Bengaluru,12.8,20.5,16.3,91.8,1021.8,23.9,E,43.8,5.8,13.1,Yes,Yes
2016-11-05,Hubballi,14.1,23.4,19.7,76.8,1017.8,26.4,E,65.1,4.7,6.1,Yes,Yes
2016-11-06,Bengaluru,17.7,28.7,22.3,78.0,1018.9,17.4,SE,52.1,5.6,8.6,Yes,Yes
2016-11-07,Mysuru,6.9,16.9,13.8,51.6,1019.2,19.0,S,48.2,5.2,0.0,No,No
2016-11-08,Belagavi,13.4,25.8,20.1,69.7,1019.7,27.9,SE,48.7,5.3,6.0,Yes,Yes
2016-11-09,Mysuru,9.5,21.0,15.7,61.8,1008.5,17.0,SE,49.6,5.4,2.0,Yes,Yes
2016-11-10,Mysuru,11.4,21.3,15.2,81.3,1016.1,15.4,W,50.8,4.4,0.8,No,Yes
2016-11-11,Hubballi,13.7,23.1,19.5,84.1,1010.1,26.9,N,44.1,7.1,8.3,Yes,Yes
2016-11-12,Bengaluru,13.4,25.2,18.7,46.2,1023.8,25.5,NE,50.6,5.7,3.7,Yes,Yes
2016-11-13,Belagavi,6.3,14.2,9.9,70.6,1017.1,22.4,SW,44.2,5.9,13.1,Yes,Yes
2016-11-14,Belagavi,16.0,25.2,22.2,84.2,1016.3,20.4,S,61.1,3.6,14.6,Yes,Yes
2016-11-15,Belagavi,18.6,27.5,21.9,68.3,1021.7,18.8,S,58.5,3.7,2.5,Yes,No
2016-11-16,Bengaluru,9.1,20.4,14.0,79.1,1019.3,21.6,W,47.8,8.3,7.2,Yes,Yes
2016-11-17,Belagavi,13.5,22.6,18.2,74.4,1011.4,26.7,S,36.7,6.2,6.0,Yes,Yes
2016-11-18,Belagavi,12.4,23.8,18.7,74.1,1016.6,21.3,N,91.0,3.1,15.2,Yes,Yes
2016-11-19,Mangaluru,13.1,22.5,17.8,66.5,1015.2,28.9,NW,43.7,6.6,4.2,Yes,No
2016-11-20,Mangaluru,8.9,17.9,14.7,55.0,1008.1,16.6,SE,56.3,2.0,4.8,Yes,Yes
2016-11-21,Belagavi,9.4,20.3,14.3,55.9,1013.3,20.0,SW,76.5,5.8,4.9,Yes,Yes
2016-11-22,Mysuru,11.7,23.8,17.0,77.7,1015.8,18.6,W,67.9,5.2,4.1,Yes,Yes
2016-11-23,Bengaluru,17.9,26.6,21.9,69.2,1016.0,15.6,W,48.2,5.1,0.5,No,Yes
2016-11-24,Mysuru,15.7,23.1,19.5,67.1,1009.1,19.3,N,50.8,5.7,10.8,Yes,Yes
2016-11-25,Mysuru,10.1,21.0,16.0,63.5,1022.2,21.5,E,37.9,5.5,0.0,No,Yes
2016-11-26,Bengaluru,17.2,27.3,20.6,64.7,,21.9,NE,64.1,6.9,7.6,Yes,Yes
2016-11-27,Bengaluru,2.6,11.7,6.3,80.7,1016.4,28.4,NW,65.8,3.4,9.9,Yes,Yes
2016-11-28,Hubballi,15.6,26.2,22.4,63.9,1018.2,21.5,NE,42.8,5.8,0.0,No,Yes
2016-11-29,Hubballi,6.9,16.2,10.9,51.6,1012.1,24.2,SW,30.0,6.6,0.0,No,No
2016-11-30,Hubballi,12.3,20.9,16.6,76.4,1018.3,19.8,N,,7.1,0.0,No,No
2016-12-01,Belagavi,8.1,16.8,13.7,64.8,1014.1,26.1,SE,65.7,6.2,0.4,No,Yes
2016-12-02,Belagavi,8.3,19.7,13.1,67.4,1011.3,28.9,S,53.8,7.7,13.2,Yes,No
2016-12-03,Belagavi,17.8,29.2,23.0,86.1,1018.6,21.4,SW,62.7,4.3,9.3,Yes,Yes
2016-12-04,Hubballi,13.1,23.3,16.6,66.3,1023.1,,SW,39.2,7.2,0.0,No,Yes
2016-12-05,Bengaluru,14.3,25.8,20.0,69.8,1019.1,16.9,E,31.0,7.5,7.7,Yes,Yes
2016-12-06,Belagavi,14.9,23.4,18.6,51.9,1020.0,20.2,E,60.2,3.8,3.6,Yes,Yes
2016-12-07,Bengaluru,14.8,25.8,20.8,63.2,1012.7,,W,50.9,8.7,1.0,No,No
2016-12-08,Hubballi,14.2,23.1,19.3,72.9,1007.3,21.7,W,67.8,6.0,15.6,Yes,Yes
2016-12-09,Bengaluru,7.7,18.6,14.0,46.7,1022.6,20.6,SW,37.9,,0.0,No,No
2016-12-10,Belagavi,19.6,26.9,23.3,67.5,1025.3,18.7,W,48.5,,0.0,No,No
2016-12-11,Bengaluru,12.9,22.3,17.4,66.1,1022.7,16.1,NW,,6.3,5.9,Yes,Yes
2016-12-12,Hubballi,6.9,18.9,13.3,65.1,1013.2,20.1,NE,62.0,4.9,4.5,Yes,Yes
2016-12-13,Belagavi,11.8,22.0,17.9,76.8,1009.0,25.9,SW,67.7,4.7,14.1,Yes,Yes
2016-12-14,Belagavi,18.9,32.6,25.8,68.2,1009.3,22.5,SE,47.8,7.8,11.7,Yes,Yes
2016-12-15,Hubballi,19.4,28.9,23.3,81.6,1006.1,20.4,S,66.9,3.3,21.7,Yes,Yes
2016-12-16,Mysuru,13.5,22.5,18.7,51.7,1013.9,22.3,W,62.3,6.8,0.0,No,Yes
2016-12-17,Mangaluru,15.7,22.5,18.8,65.0,1022.4,16.6,NE,49.4,5.6,2.5,Yes,Yes
2016-12-18,Hubballi,12.2,22.7,19.0,64.2,1013.5,16.0,SE,43.0,8.2,0.0,No,No
2016-12-19,Bengaluru,25.1,35.7,28.8,50.1,,15.0,S,,4.6,3.7,Yes,Yes
2016-12-20,Mysuru,15.5,26.1,22.1,74.1,1020.9,17.4,N,44.8,6.7,3.1,Yes,Yes
2016-12-21,Hubballi,16.7,26.1,22.5,90.3,1011.9,16.1,SE,70.6,4.1,20.2,Yes,Yes
2016-12-22,Mangaluru,18.2,28.6,25.0,61.9,1024.0,22.5,SW,48.9,5.3,0.0,No,No
2016-12-23,Belagavi,18.0,26.3,22.0,67.9,1023.7,15.7,SW,24.5,7.6,6.4,Yes,No
2016-12-24,Mangaluru,15.7,25.6,20.1,62.6,1013.0,14.3,E,67.0,6.1,1.5,Yes,Yes
2016-12-25,Mangaluru,16.8,23.8,20.5,52.8,1010.7,25.2,W,4.7,6.8,0.0,No,No
2016-12-26,Hubballi,16.4,24.8,21.1,39.2,1016.9,15.6,SE,10.9,7.6,0.0,No,No
2016-12-27,Belagavi,14.6,28.3,21.4,52.4,1011.6,17.9,SE,53.9,4.6,3.6,Yes,No
2016-12-28,Belagavi,19.3,30.1,24.6,43.9,1007.4,,SW,50.5,4.5,1.9,Yes,Yes
2016-12-29,Mangaluru,17.4,25.6,22.0,80.8,1019.5,12.6,SW,47.7,7.8,6.2,Yes,Yes
2016-12-30,Hubballi,20.6,30.1,24.9,58.7,1019.1,22.0,NW,50.7,7.3,0.0,No,Yes
2016-12-31,Belagavi,16.4,25.7,21.8,55.7,1013.7,19.5,SE,9.3,9.9,0.0,No,No
2017-01-01,Belagavi,16.6,29.3,22.5,70.4,1006.6,23.1,,63.8,3.9,13.0,Yes,Yes
2017-01-02,Bengaluru,9.7,18.8,14.3,,1006.6,14.1,S,47.2,7.7,9.4,Yes,Yes
2017-01-03,Mangaluru,22.2,29.6,26.1,50.0,1013.2,17.1,N,44.3,4.4,0.0,No,Yes
2017-01-04,Mysuru,18.6,29.4,23.9,59.8,1010.1,16.8,N,49.2,8.5,0.0,No,No
2017-01-05,Mangaluru,22.2,30.2,26.7,71.1,1010.8,17.6,S,60.8,4.1,10.9,Yes,Yes
2017-01-06,Hubballi,4.3,16.3,11.2,64.5,1017.5,10.7,NW,50.4,5.5,0.1,No,Yes
2017-01-07,Belagavi,26.6,37.7,31.3,61.2,1015.9,16.8,W,21.4,7.7,0.0,No,No
2017-01-08,Belagavi,17.8,26.9,22.5,58.9,1019.1,10.6,NW,81.5,1.9,13.2,Yes,No
2017-01-09,Bengaluru,21.3,32.6,27.7,62.5,1007.1,17.7,S,68.0,6.6,0.0,No,No
2017-01-10,Belagavi,15.2,22.6,19.2,59.9,1010.3,,NW,29.7,8.5,0.0,No,No
2017-01-11,Belagavi,22.7,31.5,26.0,44.8,1015.7,8.7,NE,37.8,8.3,0.0,No,No
2017-01-12,Mysuru,13.0,22.9,19.4,57.5,1014.0,19.2,SE,44.5,4.8,0.0,No,No
2017-01-13,Mangaluru,15.9,25.6,21.3,43.8,1019.3,13.7,SE,58.7,5.3,10.1,Yes,Yes
2017-01-14,Belagavi,27.5,37.9,31.6,57.4,1013.7,11.9,E,15.6,9.3,0.0,No,No
2017-01-15,Hubballi,18.9,26.9,23.3,50.4,1020.7,20.8,S,37.7,7.2,0.0,No,No
2017-01-16,Mysuru,20.3,31.4,25.0,86.4,1014.1,17.0,S,33.1,5.8,5.9,Yes,No
2017-01-17,Mysuru,22.1,33.3,27.8,55.2,1016.6,19.0,NW,42.8,7.7,1.4,Yes,No
2017-01-18,Bengaluru,21.5,30.0,26.4,38.6,1009.6,14.8,NW,33.3,7.4,0.0,No,Yes
2017-01-19,Hubballi,20.6,28.8,25.2,53.6,1011.1,26.1,N,47.6,,5.9,Yes,Yes
2017-01-20,Mysuru,20.0,31.8,26.2,61.2,1015.5,12.9,SW,40.4,4.4,0.0,No,No
2017-01-21,Mangaluru,31.2,40.4,34.4,74.8,1018.9,22.2,N,43.6,7.1,0.0,No,Yes
2017-01-22,Hubballi,19.1,30.3,24.7,47.4,1014.4,14.9,SW,53.2,8.5,0.6,No,No
2017-01-23,Mangaluru,21.1,31.7,25.9,35.2,1010.3,8.5,SE,45.9,5.0,0.0,No,Yes
2017-01-24,Bengaluru,25.1,33.9,29.4,,1017.5,16.9,SE,58.8,5.3,4.0,Yes,Yes
2017-01-25,Bengaluru,23.0,32.8,29.8,37.2,999.5,16.2,SW,37.2,8.2,0.0,No,No
2017-01-26,Belagavi,24.1,35.3,30.2,48.3,1003.3,10.6,S,35.7,5.5,0.0,No,No
2017-01-27,Mangaluru,24.3,33.5,28.1,50.2,1013.7,11.1,SE,43.3,5.8,2.1,Yes,Yes
2017-01-28,Mangaluru,15.5,26.9,21.1,52.2,1010.3,14.6,S,53.4,4.5,0.0,No,Yes
2017-01-29,Bengaluru,26.1,36.3,32.4,61.1,1013.2,16.0,NW,16.8,9.8,1.7,Yes,Yes
2017-01-30,Mangaluru,14.4,25.0,21.4,44.4,1010.4,4.7,W,,7.5,0.0,No,No
2017-01-31,Hubballi,21.5,33.6,27.3,49.1,1012.8,18.7,E,49.3,6.1,0.0,No,Yes
2017-02-01,Belagavi,17.4,29.5,23.2,52.0,1005.8,12.4,E,46.7,5.1,10.2,Yes,No
2017-02-02,Belagavi,20.6,33.0,26.0,53.7,1012.6,9.0,NE,44.3,5.8,0.0,No,Yes
2017-02-03,Hubballi,24.6,32.1,27.7,52.9,1014.7,18.0,N,7.7,8.6,0.0,No,No
2017-02-04,Mysuru,22.5,31.1,27.8,56.7,1015.7,14.1,W,41.1,5.4,9.1,Yes,Yes
2017-02-05,Mangaluru,22.1,33.2,28.3,61.4,1019.6,19.0,NE,76.4,3.5,7.2,Yes,No
2017-02-06,Mysuru,28.6,38.1,33.2,55.8,1010.7,15.8,E,47.5,,0.0,No,No
2017-02-07,Mysuru,23.3,31.8,28.7,56.3,1010.7,14.0,SE,42.9,7.0,0.0,No,Yes
2017-02-08,Mangaluru,19.3,31.3,26.0,31.7,1001.7,13.3,W,37.9,6.8,1.2,Yes,Yes
2017-02-09,Bengaluru,27.2,35.0,30.9,51.1,1006.5,15.8,N,50.8,5.8,9.1,Yes,Yes
2017-02-10,Mangaluru,27.8,35.4,31.9,56.0,1008.1,12.1,N,57.3,5.1,12.8,Yes,Yes
2017-02-11,Bengaluru,18.9,27.8,22.4,58.8,1014.3,10.3,NE,,4.7,0.0,No,Yes
2017-02-12,Hubballi,24.8,33.9,29.8,41.6,1005.9,16.1,,48.0,6.2,3.9,Yes,No
2017-02-13,Bengaluru,23.9,35.5,30.3,41.8,1012.9,13.0,E,66.9,3.7,0.0,No,Yes
2017-02-14,Mysuru,21.7,29.5,26.4,42.6,1008.8,13.6,NW,57.1,3.6,0.0,No,No
2017-02-15,Mysuru,29.9,37.7,33.2,55.8,1007.8,17.8,SE,82.4,3.6,17.2,Yes,Yes
2017-02-16,Mysuru,23.1,33.6,27.2,61.6,1009.9,12.9,NE,39.8,6.0,10.8,Yes,Yes
2017-02-17,Bengaluru,21.8,34.0,28.4,44.1,1006.6,13.4,SE,67.8,4.6,0.0,No,Yes
2017-02-18,Mysuru,22.1,33.8,27.3,59.7,1006.4,10.9,SW,37.0,7.9,0.0,No,No
2017-02-19,Belagavi,21.5,34.1,28.1,50.1,999.9,14.9,NE,50.3,4.7,3.8,Yes,Yes
2017-02-20,Mangaluru,17.4,29.6,23.8,47.0,1007.1,14.6,SW,54.8,5.5,6.5,Yes,Yes
2017-02-21,Mysuru,17.8,29.0,22.5,45.8,,16.7,S,35.6,4.9,0.0,No,Yes
2017-02-22,Bengaluru,29.2,37.8,34.7,57.1,1005.7,10.7,W,49.2,7.7,4.8,Yes,Yes
2017-02-23,Mysuru,19.4,29.7,25.0,51.9,1010.3,11.2,N,59.4,3.4,0.0,No,No
2017-02-24,Bengaluru,18.5,31.4,24.5,75.1,1011.4,16.1,NW,44.4,5.7,10.5,Yes,No
2017-02-25,Mangaluru,15.6,23.7,20.0,37.5,1009.2,13.9,S,65.0,6.2,0.0,No,Yes
2017-02-26,Bengaluru,21.9,31.7,26.1,53.8,1013.0,9.2,SW,25.7,7.6,0.0,No,No
2017-02-27,Mangaluru,17.7,29.6,23.4,41.0,1010.8,18.0,N,70.5,2.7,0.2,No,Yes
2017-02-28,Mysuru,29.1,42.1,35.4,36.8,1006.4,6.0,S,54.8,6.3,0.0,No,No
2017-03-01,Belagavi,28.2,39.4,32.9,47.0,1005.5,15.8,SE,42.5,7.3,0.0,No,Yes
2017-03-02,Mysuru,21.9,31.9,26.2,48.6,1009.4,7.6,E,38.4,6.0,0.0,No,No
2017-03-03,Mangaluru,31.7,43.9,38.0,81.9,1010.6,20.2,NE,50.1,5.2,7.0,Yes,Yes
2017-03-04,Hubballi,27.2,37.4,33.0,44.5,1014.7,6.4,N,40.8,6.1,0.0,No,Yes
2017-03-05,Hubballi,23.5,31.7,27.8,33.1,1013.6,17.2,NW,37.5,6.6,0.0,No,No
2017-03-06,Hubballi,14.1,26.0,19.2,49.8,1004.9,12.2,NW,63.7,2.4,0.0,No,Yes
2017-03-07,Mysuru,31.6,45.3,38.4,21.5,1007.0,11.0,NE,63.1,4.5,0.0,No,No
2017-03-08,Bengaluru,17.8,28.5,23.8,45.2,1010.9,13.2,NW,46.1,8.3,4.4,Yes,Yes
2017-03-09,Belagavi,18.9,27.4,22.8,46.4,1012.8,,E,30.9,6.4,0.0,No,No
2017-03-10,Belagavi,29.3,38.3,33.5,55.6,1012.1,8.7,NW,,6.0,0.0,No,Yes
2017-03-11,Mysuru,35.2,44.1,39.2,57.7,1007.1,9.1,S,,4.8,7.8,Yes,Yes
2017-03-12,Mangaluru,28.7,41.4,35.1,39.9,1001.1,14.9,W,25.5,8.6,0.0,No,No
2017-03-13,Mysuru,26.3,36.5,31.8,44.0,1002.3,,W,24.9,9.4,0.0,No,No
2017-03-14,Hubballi,25.2,38.5,32.0,36.5,1008.7,9.9,SE,71.1,5.5,0.7,No,Yes
2017-03-15,Mangaluru,29.7,38.8,33.1,32.1,1009.0,24.4,SW,42.4,5.0,0.0,No,No
2017-03-16,Belagavi,29.5,39.6,32.7,49.3,1001.7,,NE,,7.9,0.0,No,Yes
2017-03-17,Mysuru,25.1,36.5,30.8,30.2,1007.4,16.8,SW,49.3,7.6,0.0,No,Yes
2017-03-18,Bengaluru,26.1,34.8,30.2,40.5,,9.8,S,23.5,8.7,0.0,No,No
2017-03-19,Bengaluru,23.8,36.2,29.5,33.4,1001.4,14.2,NW,21.9,8.7,0.0,No,No
2017-03-20,Belagavi,20.9,30.7,26.8,51.9,1012.7,,SW,33.7,6.6,0.0,No,Yes
2017-03-21,Mangaluru,24.5,35.6,28.7,66.9,1005.2,16.6,N,76.6,3.9,0.1,No,Yes
2017-03-22,Hubballi,16.3,26.3,23.1,29.6,1013.4,11.3,W,,8.7,0.0,No,No
2017-03-23,Bengaluru,23.4,35.1,29.5,23.0,1004.4,20.0,NE,0.0,10.4,0.0,No,Yes
2017-03-24,Bengaluru,21.5,29.0,26.0,43.7,1001.9,9.7,W,60.6,3.5,6.9,Yes,No
2017-03-25,Mysuru,20.9,29.3,25.5,45.3,1004.8,13.0,,38.5,6.2,0.0,No,Yes
2017-03-26,Belagavi,24.8,35.5,30.7,47.7,1006.6,13.0,NW,16.3,10.1,0.0,No,No
2017-03-27,Bengaluru,31.3,39.2,35.5,39.7,1005.1,7.5,W,36.1,7.4,0.0,No,Yes
2017-03-28,Mysuru,29.5,40.6,33.7,42.6,1005.9,10.9,NW,49.9,6.0,0.0,No,No
2017-03-29,Mangaluru,18.2,29.8,23.7,49.4,1008.7,12.7,N,50.8,5.1,2.2,Yes,Yes
2017-03-30,Bengaluru,22.5,32.4,26.0,57.5,1006.1,10.3,E,75.0,5.2,11.5,Yes,Yes
2017-03-31,Belagavi,26.8,40.7,33.8,21.5,1006.7,21.8,S,20.8,10.3,0.0,No,No
2017-04-01,Mysuru,21.9,31.8,26.1,40.6,998.5,8.6,SW,41.9,8.0,0.0,No,No
2017-04-02,Mangaluru,24.6,33.2,29.1,47.6,1009.0,16.7,SW,33.5,8.9,0.0,No,Yes
2017-04-03,Mysuru,28.3,38.2,32.2,34.0,1006.6,15.4,NE,15.5,8.3,0.0,No,No
2017-04-04,Hubballi,20.5,31.5,26.1,65.8,1015.1,11.9,S,64.6,4.0,7.3,Yes,Yes
2017-04-05,Belagavi,27.2,34.5,30.4,37.4,1002.3,8.5,SW,46.9,5.9,0.0,No,Yes
2017-04-06,Belagavi,17.9,29.1,24.6,44.6,998.0,8.9,SE,47.1,6.1,0.0,No,No
2017-04-07,Bengaluru,23.3,33.0,27.6,51.7,1010.1,10.0,S,52.1,7.4,0.2,No,No
2017-04-08,Mysuru,24.5,35.8,31.2,38.0,1008.8,4.9,S,29.9,8.9,0.0,No,No
2017-04-09,Mangaluru,19.5,27.5,23.6,23.0,1002.0,8.0,W,19.1,9.1,0.0,No,No
2017-04-10,Bengaluru,26.6,36.4,31.7,40.0,999.4,6.1,SW,41.6,4.8,0.0,No,Yes
2017-04-11,Belagavi,24.0,33.7,29.8,57.6,1014.8,17.5,W,65.4,2.5,1.6,Yes,Yes
2017-04-12,Mysuru,26.6,38.6,32.1,41.2,1014.2,14.6,N,65.6,4.8,0.0,No,No
2017-04-13,Mangaluru,25.7,36.5,30.7,35.1,994.7,15.2,W,51.0,6.8,0.0,No,No
2017-04-14,Belagavi,29.1,39.8,35.3,56.5,1004.9,14.5,NW,48.0,5.9,2.0,Yes,Yes
2017-04-15,Mangaluru,25.4,37.1,30.3,41.4,1015.5,12.8,SW,45.6,8.5,0.0,No,No
2017-04-16,Mysuru,23.7,32.6,28.0,39.4,1004.8,,S,40.9,5.3,0.0,No,Yes
2017-04-17,Mangaluru,24.3,35.5,30.2,47.3,1004.8,,W,28.5,6.2,0.0,No,Yes
2017-04-18,Bengaluru,25.1,36.9,31.8,54.9,1005.8,12.6,SW,47.3,5.3,0.0,No,No
2017-04-19,Bengaluru,24.4,33.3,29.8,74.3,,15.2,NW,34.7,6.3,10.4,Yes,No
2017-04-20,Mysuru,25.6,34.4,29.8,55.7,998.8,7.0,SW,45.4,6.8,0.0,No,No
2017-04-21,Belagavi,20.7,30.0,26.7,59.8,1012.6,24.7,E,73.4,3.4,8.2,Yes,Yes
2017-04-22,Hubballi,20.8,30.5,26.8,39.9,998.2,12.4,NW,53.3,3.7,0.0,No,No
2017-04-23,Hubballi,19.8,30.0,23.8,33.7,1008.6,12.9,S,24.6,9.0,0.0,No,Yes
2017-04-24,Hubballi,31.9,40.6,36.4,46.9,1011.9,17.4,SE,,4.3,0.0,No,Yes
2017-04-25,Belagavi,20.8,27.7,24.4,47.5,1000.2,16.1,,,6.1,0.0,No,Yes
2017-04-26,Bengaluru,23.2,32.4,26.5,33.4,1002.9,12.6,S,37.4,4.9,0.0,No,No
2017-04-27,Bengaluru,20.1,32.6,26.4,44.3,1013.6,13.0,SW,58.4,5.4,0.0,No,No
2017-04-28,Bengaluru,28.3,38.1,32.8,51.3,1010.3,6.5,N,55.3,,0.0,No,Yes
2017-04-29,Mysuru,23.8,34.6,27.9,51.0,1004.6,10.3,SE,82.7,5.4,18.5,Yes,Yes
2017-04-30,Bengaluru,30.0,40.4,34.0,52.8,1013.7,14.7,N,64.0,5.8,6.6,Yes,Yes
2017-05-01,Bengaluru,23.0,31.5,26.3,50.4,1013.8,14.4,SW,48.2,7.7,1.5,Yes,No
2017-05-02,Bengaluru,23.1,36.0,30.0,41.0,1009.2,17.6,E,51.5,6.1,0.0,No,No
2017-05-03,Hubballi,21.0,29.8,25.5,41.0,1003.4,12.2,W,38.4,5.6,0.0,No,No
2017-05-04,Mangaluru,33.7,42.9,37.3,32.9,1005.9,7.2,E,21.3,8.4,0.0,No,No
2017-05-05,Bengaluru,17.5,30.9,23.9,68.9,1009.4,17.0,N,72.1,4.7,0.2,No,Yes
2017-05-06,Mangaluru,24.0,36.1,29.9,47.8,1007.1,18.6,W,59.2,5.9,7.5,Yes,Yes
2017-05-07,Bengaluru,25.4,35.6,31.1,45.0,1012.8,16.5,E,39.4,6.1,2.7,Yes,Yes
2017-05-08,Hubballi,25.9,36.8,30.1,36.7,1000.5,12.3,SW,43.8,6.9,9.4,Yes,Yes
2017-05-09,Hubballi,23.0,33.9,27.6,83.3,1000.7,17.2,NW,76.9,2.5,15.3,Yes,Yes
2017-05-10,Mangaluru,21.4,30.9,27.8,35.3,1009.2,26.8,N,51.8,4.4,0.0,No,No
2017-05-11,Hubballi,22.8,34.4,28.4,43.2,1005.9,13.6,W,20.3,7.0,0.0,No,No
2017-05-12,Mysuru,23.1,34.4,27.5,53.5,1005.3,7.9,NE,50.1,5.9,1.1,Yes,Yes
2017-05-13,Belagavi,28.4,36.2,31.9,55.9,999.6,10.9,S,,4.8,1.0,No,Yes
2017-05-14,Belagavi,30.2,40.9,36.8,60.4,1008.6,15.8,NE,,4.0,0.0,No,Yes
2017-05-15,Bengaluru,18.8,31.2,25.6,70.7,1008.4,6.9,NW,68.8,5.4,18.9,Yes,Yes
2017-05-16,Hubballi,16.4,25.7,22.3,55.3,1012.0,14.1,E,66.9,,4.6,Yes,Yes
2017-05-17,Belagavi,21.5,33.0,27.3,36.7,1009.1,15.0,N,22.9,7.5,0.0,No,Yes
2017-05-18,Mangaluru,32.7,41.8,37.9,46.5,1008.2,19.7,N,31.8,7.4,0.0,No,No
2017-05-19,Mangaluru,17.4,29.0,24.2,53.5,1014.8,18.8,W,63.1,5.0,2.9,Yes,Yes
2017-05-20,Mangaluru,28.1,40.5,33.9,74.8,1002.4,17.1,SW,46.0,5.6,11.2,Yes,Yes
2017-05-21,Bengaluru,30.7,40.1,34.0,33.4,1011.7,5.1,NW,15.5,9.7,0.0,No,No
2017-05-22,Belagavi,21.6,28.4,24.9,64.8,1000.8,17.5,N,58.9,5.8,20.3,Yes,Yes
2017-05-23,Belagavi,22.5,35.4,29.3,52.7,1005.0,16.7,N,37.9,8.2,0.0,No,No
2017-05-24,Belagavi,26.7,38.1,33.4,60.8,1003.2,14.9,NW,76.2,3.6,22.2,Yes,Yes
2017-05-25,Mangaluru,20.1,32.3,25.3,49.7,1013.3,7.1,S,49.3,5.3,1.3,Yes,No
2017-05-26,Mangaluru,22.0,30.1,25.9,41.1,1009.1,10.9,SE,,5.5,0.0,No,No
2017-05-27,Bengaluru,18.9,29.2,24.3,60.4,1009.5,,W,43.6,6.7,1.0,Yes,No
2017-05-28,Mysuru,16.4,26.8,22.4,59.4,1004.1,6.1,NW,72.6,3.5,16.6,Yes,Yes
2017-05-29,Belagavi,20.7,29.1,23.8,63.5,1008.2,14.3,NW,55.8,4.7,7.0,Yes,Yes
2017-05-30,Bengaluru,15.1,25.4,21.4,51.9,1006.0,11.1,NE,39.6,6.2,0.0,No,No
2017-05-31,Mangaluru,21.4,32.9,26.3,45.0,1011.8,24.9,NW,31.1,6.6,0.0,No,No
2017-06-01,Mysuru,18.1,28.4,22.9,33.8,1005.0,13.8,E,37.4,7.1,0.0,No,No
2017-06-02,Hubballi,22.1,33.6,26.8,62.5,1016.7,19.7,N,35.3,5.4,0.0,No,Yes
2017-06-03,Mysuru,13.8,25.3,19.6,58.0,1001.8,8.4,NE,63.6,5.1,8.6,Yes,Yes
2017-06-04,Bengaluru,23.1,30.7,27.0,41.5,1006.2,12.6,SE,14.5,9.6,0.0,No,No
2017-06-05,Mysuru,23.4,31.9,28.9,46.9,1018.7,15.2,NE,41.7,5.8,0.0,No,Yes
2017-06-06,Mangaluru,14.3,22.1,17.4,48.0,1008.3,11.2,E,53.4,7.9,0.0,No,No
2017-06-07,Mysuru,20.5,33.8,26.8,36.0,1004.0,13.3,W,44.5,6.3,4.1,Yes,Yes
2017-06-08,Mangaluru,23.8,36.6,30.1,44.3,1011.7,14.2,N,31.9,5.5,0.0,No,No
2017-06-09,Mysuru,15.9,26.6,20.2,40.7,1008.3,14.2,W,51.2,5.4,3.3,Yes,Yes
2017-06-10,Bengaluru,28.2,36.9,31.6,49.6,1006.6,22.6,W,31.5,7.4,0.0,No,Yes
2017-06-11,Hubballi,20.5,29.8,26.5,45.9,,16.8,,43.0,7.0,0.1,No,No
2017-06-12,Belagavi,16.9,24.9,21.8,35.5,,17.3,E,,5.6,0.0,No,No
2017-06-13,Mysuru,17.6,30.7,24.3,79.5,1009.9,17.6,W,63.8,3.5,23.5,Yes,Yes
2017-06-14,Hubballi,22.2,30.3,26.6,70.6,1001.6,18.0,W,43.1,5.1,0.0,No,No
2017-06-15,Mysuru,18.2,27.9,24.6,46.4,1018.8,15.3,N,61.5,4.1,4.8,Yes,Yes
2017-06-16,Hubballi,23.2,32.1,26.3,59.3,1014.5,14.4,NW,50.0,5.2,10.8,Yes,Yes
2017-06-17,Mangaluru,14.2,23.3,20.3,61.3,1007.7,16.4,SE,60.7,3.6,0.0,No,No
2017-06-18,Hubballi,18.8,30.5,24.5,70.8,1006.9,20.5,SW,,2.8,17.4,Yes,Yes
2017-06-19,Belagavi,13.0,21.8,18.1,46.9,1015.1,20.4,E,60.5,5.7,2.7,Yes,Yes
2017-06-20,Hubballi,16.5,27.4,23.1,70.1,1010.6,15.0,NE,69.9,6.2,9.3,Yes,Yes
2017-06-21,Belagavi,13.1,23.5,19.8,50.7,1002.3,19.2,SW,48.2,,0.0,No,Yes
2017-06-22,Belagavi,13.7,26.5,20.4,41.5,1020.9,15.4,W,53.5,7.1,0.0,No,No
2017-06-23,Hubballi,22.7,33.1,28.1,66.5,,16.4,SE,54.8,6.6,2.7,Yes,Yes
2017-06-24,Belagavi,22.3,31.1,27.4,73.5,1019.7,14.5,E,36.3,8.0,0.0,No,Yes
2017-06-25,Belagavi,21.3,28.5,25.3,89.3,1018.7,15.7,SW,65.3,4.2,18.4,Yes,Yes
2017-06-26,Mangaluru,14.8,25.4,18.4,44.2,1007.4,21.9,N,46.5,6.3,8.1,Yes,No
2017-06-27,Bengaluru,16.1,27.2,21.4,67.2,1017.7,17.0,SW,60.6,4.4,8.3,Yes,Yes
2017-06-28,Mangaluru,23.8,33.1,27.4,54.1,1009.4,17.2,SE,44.7,6.0,0.6,No,No
2017-06-29,Bengaluru,19.2,27.9,22.9,68.7,1003.4,11.0,N,41.1,6.7,3.3,Yes,Yes
2017-06-30,Bengaluru,27.1,36.2,31.5,41.9,1010.7,,SW,51.6,6.6,0.0,No,No
2017-07-01,Mangaluru,19.9,29.8,23.7,44.7,1014.9,16.0,W,,8.6,0.0,No,Yes
2017-07-02,Belagavi,17.7,29.0,22.7,50.8,1010.7,13.7,NW,67.2,4.2,2.8,Yes,Yes
2017-07-03,Mangaluru,14.9,23.8,20.6,61.3,1011.6,17.2,S,46.0,6.2,8.7,Yes,Yes
2017-07-04,Belagavi,16.4,28.6,22.2,52.9,1019.0,15.5,NW,49.9,6.4,0.0,No,No
2017-07-05,Mangaluru,15.8,27.0,20.9,68.8,1013.9,17.6,NE,60.9,5.7,3.3,Yes,Yes
2017-07-06,Mangaluru,19.1,29.2,24.2,73.5,1009.2,17.9,NW,63.2,2.9,13.8,Yes,Yes
2017-07-07,Mysuru,20.2,30.0,25.1,68.6,1017.1,13.6,N,31.3,6.1,0.0,No,No
2017-07-08,Hubballi,14.0,24.3,18.0,81.1,1014.6,16.0,E,69.8,,6.2,Yes,Yes
2017-07-09,Mangaluru,10.0,21.8,15.7,66.9,1001.2,17.9,S,56.3,5.2,21.4,Yes,Yes
2017-07-10,Hubballi,7.9,17.1,13.5,47.6,1016.0,22.5,SE,34.5,6.6,0.0,No,No
2017-07-11,Belagavi,18.7,27.9,22.7,78.8,1015.9,18.8,E,45.3,5.9,11.5,Yes,Yes
2017-07-12,Mysuru,10.4,23.0,16.2,55.4,1014.2,15.2,W,42.1,6.2,2.8,Yes,Yes
2017-07-13,Mysuru,5.4,17.8,11.8,73.8,1018.6,19.6,SE,35.1,7.7,0.0,No,No
2017-07-14,Bengaluru,16.5,28.8,21.9,82.1,1010.9,24.9,S,83.7,1.7,12.7,Yes,Yes
2017-07-15,Hubballi,26.7,36.3,30.1,68.9,1016.1,21.8,W,74.9,3.8,8.0,Yes,Yes
2017-07-16,Mysuru,15.7,25.1,20.0,45.7,1006.6,20.4,E,50.1,6.1,0.0,No,Yes
2017-07-17,Belagavi,19.9,28.7,23.3,52.9,1016.6,21.2,NW,42.8,6.9,6.4,Yes,No
2017-07-18,Bengaluru,15.9,25.9,20.1,80.0,1024.4,24.1,W,54.1,5.8,4.0,Yes,Yes
2017-07-19,Mysuru,15.4,25.2,19.2,62.4,1009.8,22.8,N,61.3,5.5,12.0,Yes,Yes
2017-07-20,Belagavi,18.0,29.2,23.2,65.6,1011.1,20.8,W,77.6,2.8,14.5,Yes,Yes
2017-07-21,Hubballi,13.5,24.9,18.2,74.0,1011.4,22.9,SW,46.0,5.0,7.9,Yes,Yes
2017-07-22,Belagavi,14.4,24.6,20.3,73.5,1015.7,14.4,E,37.6,9.8,2.5,Yes,Yes
2017-07-23,Belagavi,16.0,26.7,20.4,68.7,1009.8,12.8,NE,75.7,3.3,19.9,Yes,Yes
2017-07-24,Belagavi,12.7,21.6,16.3,63.1,1017.4,,N,23.4,7.8,0.0,No,No
2017-07-25,Mangaluru,18.9,29.4,22.8,62.1,1019.6,19.2,NE,34.7,7.9,6.4,Yes,No
2017-07-26,Mysuru,12.9,23.6,18.0,76.4,1018.1,16.9,E,51.9,7.6,0.0,No,No
2017-07-27,Belagavi,10.8,22.3,15.6,73.0,1006.7,22.4,E,30.8,6.8,8.7,Yes,Yes
2017-07-28,Bengaluru,17.5,25.3,20.6,63.5,1020.6,11.7,SE,67.1,3.2,0.0,No,Yes
2017-07-29,Mangaluru,10.9,18.2,14.8,79.8,,17.1,NW,69.8,2.7,8.8,Yes,Yes
2017-07-30,Belagavi,14.2,23.9,18.4,65.5,1020.0,17.4,E,42.6,8.4,0.0,No,No
2017-07-31,Belagavi,12.2,24.2,18.1,57.0,,12.9,W,67.0,3.2,0.1,No,Yes
2017-08-01,Mysuru,16.4,28.1,22.4,58.4,1017.1,25.5,W,70.1,4.1,3.5,Yes,Yes
2017-08-02,Mangaluru,14.0,25.7,19.8,56.0,1021.2,14.1,W,45.7,5.0,0.0,No,No
2017-08-03,Belagavi,11.4,20.8,17.7,64.7,1025.8,17.3,N,44.1,,0.0,No,No
2017-08-04,Belagavi,14.4,27.8,20.9,83.0,1011.5,23.3,W,92.1,2.0,23.9,Yes,Yes
2017-08-05,Hubballi,19.8,27.2,23.1,58.7,1021.7,22.4,NE,59.3,3.9,0.3,No,Yes
2017-08-06,Bengaluru,14.7,24.3,19.7,,1016.0,15.4,NW,57.2,4.4,2.0,Yes,Yes
2017-08-07,Bengaluru,13.8,22.0,17.4,60.9,1015.9,22.7,SW,69.8,6.6,13.8,Yes,Yes
2017-08-08,Mysuru,7.5,18.6,12.0,65.9,1008.9,21.2,SW,55.9,5.9,0.0,No,No
2017-08-09,Mangaluru,7.2,18.8,12.8,51.1,1015.3,29.4,S,37.8,8.0,0.0,No,Yes
2017-08-10,Belagavi,10.4,21.2,15.8,66.8,1011.8,21.7,NE,52.9,6.6,2.3,Yes,Yes
2017-08-11,Mangaluru,10.9,17.9,14.4,67.3,1014.5,19.6,SW,67.5,,11.8,Yes,Yes
2017-08-12,Mysuru,10.0,20.3,16.0,76.3,1011.4,16.8,SW,,7.3,2.3,Yes,Yes
2017-08-13,Hubballi,10.7,21.9,16.9,72.7,1014.8,17.4,SE,49.7,6.2,4.8,Yes,No
2017-08-14,Mysuru,15.1,22.1,18.7,55.8,,17.1,S,68.1,4.5,0.0,No,Yes
2017-08-15,Bengaluru,10.7,21.5,16.2,83.4,1017.6,25.9,SW,50.7,5.1,13.4,Yes,Yes
2017-08-16,Hubballi,11.5,22.2,18.3,73.1,1009.1,20.6,SW,77.4,3.7,13.4,Yes,Yes
2017-08-17,Belagavi,13.2,22.8,16.5,73.1,1010.1,22.8,S,75.5,2.9,14.6,Yes,Yes
2017-08-18,Mysuru,4.6,14.6,8.3,70.8,1019.2,26.7,E,52.3,5.4,0.0,No,No
2017-08-19,Mangaluru,6.3,17.7,12.3,64.9,1013.4,11.3,SW,42.4,,0.0,No,No
2017-08-20,Mangaluru,11.1,19.9,15.4,73.9,1022.9,25.9,SE,50.2,4.3,11.7,Yes,Yes
2017-08-21,Bengaluru,4.2,14.2,11.1,77.1,1018.7,21.0,SE,,0.0,6.3,Yes,Yes
2017-08-22,Bengaluru,12.7,23.7,18.2,50.6,1020.7,22.6,E,73.4,2.8,0.0,No,Yes
2017-08-23,Bengaluru,16.9,28.0,21.9,65.3,1024.8,17.6,SW,53.0,7.7,8.5,Yes,Yes
2017-08-24,Bengaluru,16.2,26.7,20.5,68.9,1016.2,18.0,N,43.4,6.0,5.8,Yes,Yes
2017-08-25,Belagavi,10.8,19.6,14.7,75.1,1015.0,23.0,E,56.8,6.2,6.0,Yes,Yes
2017-08-26,Hubballi,15.8,25.0,21.4,86.5,1022.2,30.6,SE,63.3,2.2,18.1,Yes,Yes
2017-08-27,Bengaluru,10.6,19.3,16.0,63.1,1020.5,25.1,NW,,6.2,0.0,No,Yes
2017-08-28,Mysuru,9.5,17.2,14.0,66.5,1017.1,26.2,S,52.8,4.0,4.5,Yes,Yes
2017-08-29,Belagavi,6.1,16.8,12.8,66.5,1025.0,20.5,W,71.4,3.8,5.9,Yes,Yes
2017-08-30,Hubballi,7.9,17.5,14.0,63.2,1017.1,18.9,N,23.3,11.0,0.0,No,No
2017-08-31,Belagavi,9.5,17.2,13.6,,1018.3,18.2,W,64.9,5.1,9.4,Yes,Yes
2017-09-01,Mangaluru,8.9,21.5,15.7,82.3,1018.3,19.4,W,78.5,5.5,27.7,Yes,Yes
2017-09-02,Belagavi,9.6,19.3,15.6,60.5,1013.6,13.2,W,40.8,6.3,0.0,No,No
2017-09-03,Belagavi,8.3,20.7,14.9,78.4,1018.7,18.5,SW,81.8,4.8,12.9,Yes,Yes
2017-09-04,Mangaluru,13.0,21.0,16.6,53.0,1025.4,19.2,SE,35.8,9.5,0.0,No,No
2017-09-05,Mangaluru,16.4,25.6,19.5,66.8,1020.6,20.8,NW,58.3,5.0,2.8,Yes,Yes
2017-09-06,Mangaluru,13.6,22.2,18.5,69.7,1018.6,22.1,SE,48.3,5.3,13.6,Yes,Yes
2017-09-07,Belagavi,3.9,11.8,8.7,93.8,1017.7,23.0,W,57.9,3.6,19.6,Yes,Yes
2017-09-08,Mangaluru,-2.1,7.8,4.4,70.5,1020.2,21.6,E,44.0,6.0,0.0,No,No
2017-09-09,Bengaluru,14.6,25.2,18.3,47.5,1022.3,19.3,NE,54.5,5.6,0.0,No,Yes
2017-09-10,Mysuru,6.0,14.2,9.0,50.1,1021.7,13.8,SE,57.8,7.6,0.0,No,No
2017-09-11,Mysuru,8.4,19.0,13.6,74.5,1017.0,19.4,NW,53.8,4.0,0.4,No,No
2017-09-12,Mangaluru,6.0,16.6,9.7,81.6,1020.3,17.8,NE,37.2,7.0,4.1,Yes,Yes
2017-09-13,Hubballi,4.0,13.3,7.2,78.8,1021.1,23.6,NW,62.6,2.6,5.3,Yes,Yes
2017-09-14,Belagavi,13.4,20.0,16.5,76.4,1013.7,25.4,N,61.9,4.3,3.9,Yes,Yes
2017-09-15,Mysuru,13.8,22.0,17.3,88.4,1019.6,25.6,S,57.1,5.6,13.8,Yes,No
2017-09-16,Bengaluru,7.5,18.2,12.0,68.0,1008.0,24.9,NE,80.2,3.9,13.6,Yes,Yes
2017-09-17,Hubballi,-2.7,9.5,3.9,85.3,1021.2,21.3,NW,35.7,7.7,0.0,No,No
2017-09-18,Hubballi,6.0,15.9,12.0,55.0,1022.2,19.8,NE,13.8,9.3,0.0,No,No
2017-09-19,Bengaluru,10.6,22.0,15.7,63.8,1022.6,18.9,NE,39.6,7.4,0.0,No,No
2017-09-20,Belagavi,3.5,13.5,8.2,53.1,1016.9,,NE,56.9,5.3,0.0,No,Yes
2017-09-21,Belagavi,10.0,21.0,14.9,71.5,1020.5,25.9,NW,37.8,5.6,0.0,No,No
2017-09-22,Mangaluru,7.5,19.5,14.0,74.3,1026.0,21.2,NE,40.0,4.4,5.8,Yes,Yes
2017-09-23,Bengaluru,10.5,21.2,16.4,76.2,1026.0,17.0,NW,,3.5,6.6,Yes,Yes
2017-09-24,Bengaluru,10.8,20.4,14.5,75.6,1018.8,18.7,N,62.2,4.7,6.4,Yes,Yes
2017-09-25,Bengaluru,3.4,16.6,10.1,63.8,1019.7,18.5,SW,56.2,6.8,0.8,No,Yes
2017-09-26,Mangaluru,12.7,23.7,18.8,72.7,1024.5,22.2,SW,65.8,4.4,0.0,No,No
2017-09-27,Mysuru,10.2,16.5,13.4,57.0,1011.5,26.3,SE,41.4,,1.6,Yes,No
2017-09-28,Belagavi,8.9,19.3,13.9,91.3,1017.4,20.6,S,55.9,5.8,11.6,Yes,Yes
2017-09-29,Mangaluru,4.7,13.6,10.3,71.3,1025.7,13.0,NW,65.7,,0.0,No,No
2017-09-30,Mangaluru,9.0,16.5,12.2,69.1,1023.9,21.2,W,,8.3,0.0,No,Yes
2017-10-01,Mangaluru,6.0,15.7,10.5,94.1,1020.8,21.4,SE,30.5,9.8,0.0,No,No
2017-10-02,Bengaluru,7.7,17.7,13.3,60.1,1011.5,21.1,N,42.5,9.1,0.0,No,Yes
2017-10-03,Mangaluru,14.6,25.0,20.9,61.5,1018.7,19.5,N,63.6,4.8,1.9,Yes,No
2017-10-04,Mysuru,1.6,11.6,8.5,61.8,1016.0,22.9,NE,53.6,5.9,0.0,No,Yes
2017-10-05,Hubballi,4.1,11.6,7.6,74.1,1020.6,22.3,NW,67.5,6.3,8.4,Yes,Yes
2017-10-06,Mangaluru,14.4,24.5,19.9,80.1,1014.9,21.9,NW,26.8,7.6,1.8,Yes,Yes
2017-10-07,Mysuru,6.6,17.4,13.2,83.8,1013.8,23.6,W,63.3,,14.4,Yes,Yes
2017-10-08,Bengaluru,5.5,16.9,11.4,100.0,1008.6,20.2,N,74.8,2.4,29.4,Yes,Yes
2017-10-09,Hubballi,12.7,23.9,18.2,47.9,1025.1,20.0,NW,23.9,7.6,0.0,No,No
2017-10-10,Belagavi,7.8,17.8,11.7,82.1,1016.9,27.5,W,70.8,5.5,18.8,Yes,Yes
2017-10-11,Belagavi,15.2,25.2,21.4,68.1,1019.7,24.2,NW,50.6,4.9,0.0,No,Yes
2017-10-12,Bengaluru,11.6,22.3,16.9,67.7,1018.9,25.2,N,98.1,1.7,11.1,Yes,Yes
2017-10-13,Bengaluru,8.8,16.9,12.2,67.2,1013.5,26.8,NE,19.2,6.5,0.3,No,Yes
2017-10-14,Belagavi,16.1,27.1,22.8,63.7,1012.6,24.0,NW,71.0,6.5,12.5,Yes,Yes
2017-10-15,Bengaluru,4.9,16.7,11.8,94.8,1013.8,25.6,N,57.0,6.8,11.3,Yes,Yes
2017-10-16,Belagavi,12.1,22.2,17.2,84.6,1015.2,15.5,N,34.6,7.3,9.3,Yes,Yes
2017-10-17,Bengaluru,9.4,21.1,15.5,74.7,1020.6,22.6,N,47.0,6.7,0.0,No,No
2017-10-18,Belagavi,14.2,24.8,19.5,90.6,1014.8,21.1,E,65.4,5.0,18.5,Yes,Yes
2017-10-19,Mysuru,15.9,26.2,20.6,56.1,1027.4,28.5,W,63.0,6.4,0.0,No,No
2017-10-20,Bengaluru,9.9,21.5,14.6,58.2,1023.8,25.4,SW,,3.2,0.0,No,Yes
2017-10-21,Belagavi,4.6,17.7,11.5,,1022.7,19.2,SE,65.5,5.4,0.0,No,Yes
2017-10-22,Bengaluru,11.9,20.5,16.4,,1018.0,23.2,E,36.8,8.2,11.5,Yes,Yes
2017-10-23,Belagavi,6.9,17.0,11.9,75.9,1026.1,22.3,W,72.3,5.4,8.8,Yes,Yes
2017-10-24,Belagavi,18.7,26.6,22.7,75.1,1017.4,23.4,W,60.9,2.2,21.8,Yes,Yes
2017-10-25,Hubballi,11.2,20.3,15.2,75.5,1018.3,17.5,SE,45.4,5.5,0.0,No,No
2017-10-26,Bengaluru,8.8,19.1,13.3,56.7,1019.3,23.0,NE,44.5,5.1,1.2,Yes,Yes
2017-10-27,Mysuru,8.8,18.8,15.5,83.2,1021.9,20.6,NE,47.6,6.2,0.0,No,Yes
2017-10-28,Mangaluru,4.9,13.0,9.5,76.3,,22.6,SW,56.1,2.9,5.5,Yes,Yes
2017-10-29,Mangaluru,5.8,14.1,11.0,82.1,1015.9,18.5,SE,46.9,3.6,11.3,Yes,Yes
2017-10-30,Bengaluru,14.6,24.3,19.8,50.5,1015.6,19.0,SE,29.8,10.1,0.0,No,No
2017-10-31,Belagavi,7.1,18.5,12.4,76.8,1021.4,26.0,SW,62.9,5.5,2.7,Yes,No
2017-11-01,Belagavi,4.6,15.7,10.9,58.7,1021.7,17.1,S,57.9,5.3,6.0,Yes,Yes
2017-11-02,Mysuru,10.7,22.6,17.3,68.0,1016.1,17.3,SE,49.4,6.3,0.0,No,No
2017-11-03,Bengaluru,16.2,25.4,20.0,79.1,1010.1,21.0,SE,77.1,3.7,15.4,Yes,Yes
2017-11-04,Mangaluru,11.8,21.6,18.2,73.6,1017.0,18.1,NE,50.5,7.0,2.5,Yes,No
2017-11-05,Mysuru,14.2,23.1,19.4,62.1,1021.1,17.6,NE,45.3,5.5,0.0,No,No
2017-11-06,Bengaluru,5.8,19.1,12.5,72.3,1026.9,21.5,N,63.8,4.9,13.4,Yes,No
2017-11-07,Bengaluru,3.2,14.7,9.9,53.7,1011.8,15.0,N,44.5,6.6,0.0,No,No
2017-11-08,Bengaluru,17.1,26.3,21.7,85.7,1015.6,16.9,W,,3.7,18.9,Yes,Yes
2017-11-09,Hubballi,8.8,20.5,14.4,,1015.7,29.1,W,14.9,10.3,1.4,Yes,No
2017-11-10,Mysuru,8.3,18.0,14.8,85.0,1024.4,22.7,NE,59.3,4.5,2.4,Yes,Yes
2017-11-11,Bengaluru,16.7,27.6,21.2,65.1,1017.4,17.8,W,23.6,9.3,2.5,Yes,No
2017-11-12,Mysuru,15.1,23.9,18.2,65.0,1013.0,22.4,NW,32.7,7.4,2.2,Yes,No
2017-11-13,Mangaluru,13.5,21.5,17.9,61.9,1020.2,23.0,N,29.7,9.5,0.0,No,Yes
2017-11-14,Bengaluru,20.4,28.1,24.9,81.4,1015.3,24.6,E,41.9,5.3,9.0,Yes,Yes
2017-11-15,Belagavi,7.5,16.7,13.7,62.2,1011.2,20.1,E,41.6,5.2,0.0,No,No
2017-11-16,Bengaluru,15.9,24.3,20.1,78.3,1012.7,24.4,SW,49.0,4.8,17.6,Yes,Yes
2017-11-17,Bengaluru,10.1,21.0,16.7,65.8,1025.8,12.3,N,61.3,5.1,6.3,Yes,No
2017-11-18,Mysuru,12.5,21.4,17.7,46.4,1019.0,16.2,N,46.9,7.9,0.0,No,No
2017-11-19,Mysuru,17.5,26.9,22.8,63.1,1017.5,21.0,W,21.7,10.1,1.6,Yes,Yes
2017-11-20,Hubballi,12.6,24.1,18.8,55.6,1015.7,21.6,SE,48.5,3.2,0.0,No,Yes
2017-11-21,Bengaluru,15.5,22.5,19.0,70.0,1018.3,16.5,NW,57.8,5.5,0.6,No,Yes
2017-11-22,Mangaluru,18.2,25.1,21.3,55.1,1018.2,21.2,SE,42.1,2.6,0.0,No,No
2017-11-23,Mysuru,12.4,20.9,15.6,80.3,1018.1,17.6,NW,56.2,6.3,21.8,Yes,Yes
2017-11-24,Hubballi,10.7,19.7,13.9,67.9,1017.2,18.9,NW,55.0,6.8,0.0,No,Yes
2017-11-25,Belagavi,7.3,19.9,13.1,66.6,1020.8,24.0,E,,4.7,0.0,No,No
2017-11-26,Belagavi,5.6,14.6,9.6,76.4,,23.5,NW,31.9,7.4,0.0,No,Yes
2017-11-27,Hubballi,19.3,29.2,25.8,79.9,1011.4,15.8,,53.3,5.6,15.6,Yes,Yes
2017-11-28,Belagavi,6.7,18.6,13.3,67.9,1013.2,15.5,SW,74.8,2.8,7.1,Yes,Yes
2017-11-29,Bengaluru,12.5,23.9,16.9,58.6,1006.3,18.0,E,69.7,4.7,7.9,Yes,Yes
2017-11-30,Mysuru,13.0,23.3,16.8,46.4,1026.2,19.5,SE,56.3,5.0,0.0,No,Yes
2017-12-01,Mangaluru,14.3,25.4,19.3,59.2,1020.3,16.9,W,56.7,6.4,0.0,No,No
2017-12-02,Belagavi,15.1,27.3,21.4,59.8,1011.7,23.6,SE,73.8,3.7,9.4,Yes,Yes
2017-12-03,Bengaluru,16.0,27.7,21.7,68.3,1014.4,20.7,SW,81.1,2.2,15.1,Yes,Yes
2017-12-04,Mysuru,13.0,19.4,16.1,62.6,1012.5,20.9,SE,48.1,4.1,0.0,No,Yes
2017-12-05,Bengaluru,14.8,22.9,17.8,74.8,1023.3,14.1,N,40.4,4.4,0.0,No,No
2017-12-06,Bengaluru,16.3,25.5,19.8,59.0,1008.4,23.8,NE,44.5,7.9,3.3,Yes,Yes
2017-12-07,Mysuru,13.4,21.1,17.8,65.4,1016.0,7.7,W,97.6,1.3,19.5,Yes,Yes
2017-12-08,Belagavi,20.2,32.0,25.3,80.0,1014.8,22.3,E,33.5,7.6,0.0,No,Yes
2017-12-09,Belagavi,14.7,24.5,21.0,69.7,1019.4,22.6,NW,45.8,8.3,0.0,No,Yes
2017-12-10,Bengaluru,18.5,25.4,22.1,64.6,1014.6,17.1,S,29.7,6.9,1.7,Yes,Yes
2017-12-11,Hubballi,18.3,25.4,21.9,57.9,1006.3,23.8,SW,50.0,5.1,9.3,Yes,Yes
2017-12-12,Belagavi,17.6,28.8,24.1,57.3,1013.7,18.4,W,29.9,7.4,0.0,No,No
2017-12-13,Bengaluru,13.6,25.4,20.3,54.4,1010.0,18.8,SE,45.1,6.3,1.4,Yes,Yes
2017-12-14,Mangaluru,9.3,17.9,14.5,57.9,1015.2,19.8,N,18.9,10.7,0.0,No,No
2017-12-15,Mangaluru,15.3,27.5,21.4,73.2,1021.8,,,63.5,6.6,9.2,Yes,Yes
2017-12-16,Hubballi,12.9,21.1,17.3,61.2,1005.9,,SE,67.8,5.1,14.6,Yes,No
2017-12-17,Bengaluru,11.2,23.2,17.9,47.4,1010.5,21.0,NW,38.2,8.6,0.0,No,Yes
2017-12-18,Mangaluru,15.9,27.5,22.5,84.6,1011.6,14.5,N,56.8,5.1,27.6,Yes,Yes
2017-12-19,Belagavi,18.9,31.9,25.3,67.0,1012.3,,E,49.3,6.2,0.0,No,Yes
2017-12-20,Bengaluru,17.5,27.1,20.5,46.0,1017.9,14.7,NW,46.1,5.8,0.0,No,Yes
2017-12-21,Hubballi,16.7,25.8,21.8,57.3,1013.2,21.2,E,47.4,4.5,0.0,No,Yes
2017-12-22,Hubballi,24.4,32.7,27.5,63.7,1016.0,18.4,S,62.0,6.3,10.1,Yes,No
2017-12-23,Belagavi,16.1,28.8,21.8,82.6,1010.7,13.2,S,76.5,4.3,7.7,Yes,Yes
2017-12-24,Mangaluru,27.7,35.7,31.4,48.6,1014.9,17.9,E,32.2,7.3,0.0,No,Yes
2017-12-25,Mangaluru,17.8,26.7,23.4,73.3,1017.5,14.1,N,49.7,5.9,0.7,No,Yes
2017-12-26,Hubballi,10.8,20.1,14.2,78.1,1009.9,18.1,SE,69.8,2.4,15.9,Yes,Yes
2017-12-27,Mysuru,18.4,29.4,24.4,53.6,1017.3,13.9,W,25.1,6.7,0.0,No,No
2017-12-28,Hubballi,17.2,29.8,23.1,57.5,1013.6,17.4,NW,18.4,8.9,0.0,No,No
2017-12-29,Hubballi,23.8,32.2,26.8,48.1,1018.5,20.2,W,47.7,5.4,0.0,No,No
2017-12-30,Bengaluru,18.4,29.6,24.5,57.9,1012.1,16.9,SW,55.6,5.1,1.3,Yes,No
2017-12-31,Belagavi,17.8,28.1,21.4,59.6,1014.9,15.5,NW,38.0,6.7,6.8,Yes,No
2018-01-01,Bengaluru,13.8,21.8,17.2,67.7,,17.7,SE,43.4,5.6,7.0,Yes,Yes
2018-01-02,Hubballi,16.4,26.8,21.4,72.6,1012.3,19.6,E,42.6,5.3,2.6,Yes,No
2018-01-03,Bengaluru,13.7,25.4,19.0,50.2,1014.0,12.3,W,32.1,5.4,6.0,Yes,Yes
2018-01-04,Mangaluru,16.8,25.6,20.2,35.4,1015.3,17.7,SE,49.5,5.7,0.0,No,No
2018-01-05,Hubballi,20.8,29.2,25.0,58.5,1006.2,21.8,S,30.7,8.2,0.0,No,Yes
2018-01-06,Mangaluru,24.9,34.7,29.5,62.0,1019.5,18.8,SE,45.8,4.2,0.3,No,No
2018-01-07,Mangaluru,17.8,29.3,24.5,61.2,1003.0,16.6,NE,35.9,7.0,5.9,Yes,Yes
2018-01-08,Belagavi,14.3,25.3,18.3,54.0,1008.8,18.9,S,24.8,8.3,0.0,No,Yes
2018-01-09,Mangaluru,21.0,28.2,25.0,59.2,1011.6,18.0,S,61.7,3.7,0.0,No,No
2018-01-10,Bengaluru,22.5,34.2,28.2,75.6,1014.0,19.2,E,47.4,7.8,6.7,Yes,No
2018-01-11,Bengaluru,15.2,24.2,21.1,61.8,1019.8,8.0,E,52.5,5.2,0.0,No,No
2018-01-12,Mysuru,20.1,28.5,23.1,52.4,1002.5,9.8,SE,23.4,,5.5,Yes,Yes
2018-01-13,Belagavi,20.3,28.6,23.8,50.7,1009.1,19.9,SE,34.1,7.0,0.5,No,Yes
2018-01-14,Mysuru,16.3,27.4,20.8,54.4,1000.9,9.8,E,58.1,3.0,2.8,Yes,Yes
2018-01-15,Mangaluru,21.1,31.8,26.6,75.8,1011.6,17.3,NW,94.1,3.4,21.4,Yes,Yes
2018-01-16,Hubballi,20.2,30.0,23.7,53.7,1012.7,14.2,N,16.8,7.4,0.0,No,No
2018-01-17,Bengaluru,21.6,31.7,26.0,55.4,1019.2,11.6,SE,44.2,6.0,0.0,No,No
2018-01-18,Hubballi,17.6,25.7,20.9,49.6,1011.8,16.9,N,51.0,6.5,0.0,No,No
2018-01-19,Mysuru,17.5,27.2,22.8,68.4,1016.3,16.2,W,43.1,8.2,1.6,Yes,Yes
2018-01-20,Mysuru,22.9,31.1,27.6,78.5,1013.9,23.8,NW,69.1,2.9,12.8,Yes,Yes
2018-01-21,Bengaluru,17.2,26.4,23.3,60.1,1008.7,12.7,S,36.0,6.5,0.0,No,Yes
2018-01-22,Mysuru,26.6,34.9,31.9,55.5,1003.7,20.9,SW,49.5,7.5,1.9,Yes,Yes
2018-01-23,Hubballi,17.8,27.4,23.5,54.7,1012.1,16.5,SW,39.0,7.3,0.0,No,No
2018-01-24,Mysuru,20.4,31.4,26.1,25.4,1003.1,12.3,NE,53.4,6.4,0.0,No,Yes
2018-01-25,Hubballi,23.7,36.0,29.1,62.7,,18.1,N,39.9,5.4,5.4,Yes,Yes
2018-01-26,Mangaluru,16.7,25.6,19.8,55.1,1009.6,17.1,SE,41.8,6.1,0.0,No,No
2018-01-27,Belagavi,12.2,21.8,18.5,58.4,,14.9,SW,62.6,4.6,17.7,Yes,Yes
2018-01-28,Bengaluru,12.9,25.2,19.6,44.5,1007.8,15.7,W,27.4,6.7,4.5,Yes,No
2018-01-29,Mysuru,25.7,35.8,30.9,48.2,1011.5,12.2,E,45.3,4.2,5.0,Yes,Yes
2018-01-30,Bengaluru,20.3,29.3,23.7,47.7,1011.1,11.2,E,16.7,8.0,0.0,No,No
2018-01-31,Mysuru,30.7,41.8,36.3,64.6,1009.7,17.5,NE,34.5,,12.9,Yes,Yes
2018-02-01,Mangaluru,19.5,27.5,23.9,47.6,1007.7,,NE,49.8,5.9,0.0,No,No
2018-02-02,Hubballi,23.7,33.7,27.0,76.9,1011.7,14.0,NW,40.9,8.2,0.9,No,No
2018-02-03,Bengaluru,26.2,37.8,32.6,56.9,1005.1,15.4,S,39.6,6.9,0.0,No,No
2018-02-04,Mangaluru,28.7,40.4,34.6,36.2,1003.6,15.2,W,46.9,5.2,0.0,No,No
2018-02-05,Mangaluru,28.7,39.4,34.9,49.8,1015.7,8.4,,36.2,8.5,0.0,No,No
2018-02-06,Belagavi,25.4,35.1,31.6,,1013.1,19.2,N,54.6,5.7,0.0,No,No
2018-02-07,Mangaluru,26.5,36.7,31.0,,1009.7,14.4,NE,38.1,8.0,0.0,No,No
2018-02-08,Belagavi,24.4,36.1,29.3,69.9,1017.6,13.1,S,59.5,3.8,5.7,Yes,No
2018-02-09,Mangaluru,26.3,35.5,30.2,58.9,1007.9,15.5,W,67.2,5.6,8.5,Yes,Yes
2018-02-10,Hubballi,19.0,28.8,25.0,56.7,,14.7,S,52.5,6.9,10.5,Yes,No
2018-02-11,Mangaluru,18.9,29.5,24.0,52.1,1009.9,16.8,S,68.9,4.6,8.7,Yes,No
2018-02-12,Hubballi,21.8,32.1,27.4,33.3,1003.8,15.8,SW,52.0,4.7,2.1,Yes,No
2018-02-13,Mysuru,22.4,31.4,26.8,43.9,1018.1,16.4,SW,34.7,7.1,0.0,No,No
2018-02-14,Mangaluru,20.1,32.4,25.8,59.6,1013.8,18.9,SE,68.2,5.0,0.0,No,Yes
2018-02-15,Mangaluru,24.8,36.4,30.5,36.7,1008.1,17.0,NE,43.6,6.6,0.0,No,No
2018-02-16,Mysuru,25.5,36.6,31.6,18.8,1012.3,12.7,SW,26.6,8.5,0.0,No,No
2018-02-17,Belagavi,24.6,32.9,28.2,46.2,1006.6,8.8,W,47.7,7.2,0.0,No,No
2018-02-18,Hubballi,28.4,37.9,33.9,47.1,1012.7,19.9,E,60.5,4.2,0.0,No,No
2018-02-19,Mysuru,17.0,27.9,23.5,50.3,996.5,12.3,S,51.9,4.3,6.9,Yes,Yes
2018-02-20,Mysuru,24.0,32.5,27.4,57.2,1003.3,11.3,E,75.2,3.7,14.3,Yes,Yes
2018-02-21,Bengaluru,18.5,28.6,25.4,56.0,1013.2,6.2,NW,63.7,4.3,7.7,Yes,Yes
2018-02-22,Mysuru,17.0,25.3,20.9,51.2,1007.0,14.4,SE,53.3,6.5,12.6,Yes,Yes
2018-02-23,Belagavi,21.3,33.1,28.1,62.3,1009.2,13.6,N,34.5,5.8,9.2,Yes,Yes
2018-02-24,Belagavi,21.5,33.4,28.0,29.6,1001.4,6.9,SE,34.1,8.4,0.0,No,No
2018-02-25,Belagavi,28.5,40.6,34.6,53.7,,,SE,47.6,7.7,3.0,Yes,Yes
2018-02-26,Hubballi,27.3,34.2,31.2,55.1,1014.0,10.9,NE,57.5,5.2,0.0,No,No
2018-02-27,Hubballi,20.8,28.8,24.6,32.5,1007.0,23.6,S,47.6,6.1,0.0,No,No
2018-02-28,Mangaluru,32.2,40.3,36.2,29.2,1005.9,10.5,SE,39.2,5.8,0.0,No,No
2018-03-01,Mysuru,27.5,38.8,33.8,38.2,1013.0,11.0,S,42.1,5.8,0.0,No,No
2018-03-02,Belagavi,27.5,36.1,31.3,39.1,,9.2,NW,51.4,5.2,0.0,No,No
2018-03-03,Mysuru,22.8,31.4,28.1,55.9,1012.5,17.7,E,34.5,8.9,0.0,No,No
2018-03-04,Mangaluru,19.1,31.3,25.2,39.4,1018.6,11.1,N,66.2,4.4,1.9,Yes,Yes
2018-03-05,Mangaluru,22.8,33.4,27.6,36.3,1003.0,9.6,W,8.8,7.7,0.0,No,No
2018-03-06,Belagavi,27.2,39.8,33.5,39.2,1003.5,15.3,N,62.5,5.1,3.2,Yes,Yes
2018-03-07,Mysuru,31.5,40.2,36.8,59.8,1001.6,6.9,E,48.3,7.0,14.0,Yes,Yes
2018-03-08,Mangaluru,30.1,40.5,35.5,46.4,1009.7,14.9,NE,58.6,5.1,0.0,No,Yes
2018-03-09,Bengaluru,21.7,32.8,27.4,44.0,1008.4,19.5,E,48.1,7.8,0.0,No,No
2018-03-10,Hubballi,18.6,28.1,24.9,44.8,1006.7,14.6,NW,48.1,,0.0,No,Yes
2018-03-11,Mysuru,27.0,36.9,30.0,61.5,1011.4,14.9,SW,57.9,3.9,6.8,Yes,No
2018-03-12,Belagavi,17.9,28.6,22.4,36.9,1013.5,15.8,E,,5.0,0.6,No,No
2018-03-13,Mangaluru,24.0,34.8,30.9,61.6,999.7,19.1,SW,44.7,6.5,11.5,Yes,Yes
2018-03-14,Mangaluru,25.6,34.5,29.0,48.3,1004.3,,NE,59.8,3.0,4.2,Yes,Yes
2018-03-15,Mangaluru,23.8,31.4,27.8,,1011.4,14.0,NW,26.2,8.2,0.0,No,No
2018-03-16,Hubballi,18.0,29.8,23.3,75.6,1004.9,15.8,W,55.2,3.3,13.7,Yes,Yes
2018-03-17,Mysuru,25.3,35.2,31.8,,1003.2,8.6,NE,50.7,7.0,0.0,No,Yes
2018-03-18,Mangaluru,24.2,34.2,27.6,41.2,1012.3,15.3,SE,56.4,6.4,0.0,No,No
2018-03-19,Hubballi,22.1,31.4,25.1,30.6,1000.7,8.1,S,44.2,6.9,0.0,No,No
2018-03-20,Bengaluru,12.6,23.2,18.3,56.8,1005.6,10.6,N,41.8,5.7,4.3,Yes,Yes
2018-03-21,Mysuru,24.3,35.3,29.7,65.6,1008.8,0.0,NE,64.7,4.8,3.5,Yes,Yes
2018-03-22,Belagavi,32.9,40.9,37.0,65.3,1004.2,13.7,SW,41.1,,0.0,No,No
2018-03-23,Mysuru,29.7,41.1,36.5,59.9,1011.0,9.5,NE,75.2,2.5,7.4,Yes,Yes
2018-03-24,Mangaluru,22.9,32.0,28.1,42.8,1004.2,16.5,SE,40.8,6.2,8.8,Yes,Yes
2018-03-25,Belagavi,21.9,32.6,27.5,40.7,,13.6,SE,18.2,9.3,0.0,No,No
2018-03-26,Mysuru,27.3,36.1,31.8,25.0,1006.4,16.5,W,17.1,8.6,0.0,No,No
2018-03-27,Belagavi,19.3,30.4,26.0,69.5,1010.4,7.7,S,53.5,7.3,16.5,Yes,Yes
2018-03-28,Mysuru,27.1,36.0,31.2,50.7,1010.7,16.2,NE,47.4,7.0,0.0,No,Yes
2018-03-29,Bengaluru,27.1,39.5,33.1,39.1,1003.9,20.4,NE,70.2,4.9,0.0,No,No
2018-03-30,Bengaluru,31.4,40.1,34.9,60.9,996.7,15.1,NW,33.8,5.3,7.6,Yes,Yes
2018-03-31,Bengaluru,24.4,35.8,29.6,33.3,1008.8,15.2,SE,38.9,6.4,0.0,No,No
2018-04-01,Mysuru,23.9,35.6,29.2,49.9,1007.4,12.7,E,29.1,6.3,0.0,No,No
2018-04-02,Belagavi,22.7,30.5,26.5,42.9,1009.8,9.9,S,34.8,6.9,0.0,No,No
2018-04-03,Bengaluru,22.4,32.8,26.7,52.7,1005.9,15.0,NE,,3.2,10.1,Yes,Yes
2018-04-04,Hubballi,25.4,34.7,29.1,44.3,1004.9,6.0,NW,25.7,7.4,0.0,No,No
2018-04-05,Hubballi,25.1,36.5,31.5,27.6,1017.1,10.3,N,44.9,7.5,0.0,No,No
2018-04-06,Bengaluru,28.0,37.0,33.6,46.0,999.7,4.9,W,49.3,6.5,1.6,Yes,Yes
2018-04-07,Bengaluru,22.0,32.0,26.7,57.7,1010.7,9.2,N,47.7,7.2,5.3,Yes,No
2018-04-08,Mangaluru,30.7,39.5,35.9,44.7,1004.2,14.6,SW,50.7,3.9,0.0,No,Yes
2018-04-09,Hubballi,24.5,35.1,28.8,54.4,1005.4,14.1,SE,29.4,7.6,0.0,No,No
2018-04-10,Hubballi,25.1,36.6,29.8,32.6,1005.5,12.3,SW,62.9,5.9,0.0,No,No
2018-04-11,Bengaluru,21.4,31.8,26.9,44.9,1003.1,12.8,N,71.8,5.8,1.3,Yes,Yes
2018-04-12,Mangaluru,16.3,24.9,20.2,37.8,,,SE,40.8,4.7,8.9,Yes,Yes
2018-04-13,Belagavi,29.8,38.3,33.4,54.3,1014.1,,W,83.1,2.7,6.4,Yes,Yes
2018-04-14,Mangaluru,26.0,36.0,32.8,45.7,1009.5,9.4,W,37.3,8.1,3.2,Yes,No
2018-04-15,Mangaluru,24.7,32.6,28.7,53.7,1007.7,9.5,NW,52.5,5.4,12.4,Yes,Yes
2018-04-16,Hubballi,25.0,36.8,30.0,58.5,1002.3,14.6,E,69.9,3.1,9.4,Yes,Yes
2018-04-17,Bengaluru,25.7,36.2,31.8,53.8,1009.8,8.7,W,39.7,4.8,0.5,No,Yes
2018-04-18,Bengaluru,18.2,28.8,23.4,48.9,1018.0,9.8,SE,23.8,6.9,0.0,No,No
2018-04-19,Bengaluru,22.0,33.1,27.5,33.7,1005.4,3.9,NE,14.3,6.8,0.0,No,No
2018-04-20,Mangaluru,29.1,39.3,32.8,45.7,,11.1,N,74.2,3.9,0.0,No,Yes
2018-04-21,Mangaluru,19.9,28.5,24.5,39.5,1004.5,7.9,NE,32.8,8.3,0.0,No,No
2018-04-22,Mysuru,24.9,37.2,30.7,41.8,1004.9,12.6,N,38.9,5.2,0.0,No,No
2018-04-23,Belagavi,20.2,28.6,24.0,41.5,993.7,8.5,N,24.9,8.2,8.1,Yes,Yes
2018-04-24,Mysuru,26.3,38.0,31.3,34.4,1009.5,12.8,SE,53.0,6.6,0.0,No,Yes
2018-04-25,Belagavi,23.8,33.8,29.2,22.7,1003.3,11.8,W,22.4,8.1,0.0,No,No
2018-04-26,Mysuru,16.7,26.2,22.8,38.3,999.5,19.1,W,33.0,5.3,0.0,No,No
2018-04-27,Mysuru,30.0,37.1,33.9,48.8,1011.3,14.5,S,49.0,6.4,9.7,Yes,Yes
2018-04-28,Mysuru,19.3,33.1,26.2,30.4,1002.2,5.2,N,21.2,8.2,0.0,No,No
2018-04-29,Mysuru,19.0,29.4,25.9,46.9,1006.0,7.5,NW,41.1,6.4,1.1,Yes,Yes
2018-04-30,Mangaluru,26.8,35.0,29.8,69.6,1015.0,12.8,N,73.9,3.2,7.2,Yes,Yes
2018-05-01,Belagavi,29.1,38.7,33.6,59.2,1000.7,8.9,SW,55.1,,11.1,Yes,Yes
2018-05-02,Mysuru,21.6,29.5,24.8,66.8,1000.2,0.8,S,53.7,6.1,20.3,Yes,Yes
2018-05-03,Mysuru,24.8,33.8,29.1,51.9,,18.1,NE,49.0,8.8,0.0,No,Yes
2018-05-04,Bengaluru,25.1,35.4,30.5,61.3,1013.7,15.7,NW,43.7,6.5,0.0,No,Yes
2018-05-05,Mangaluru,26.0,34.9,31.5,38.8,1000.1,14.9,N,70.4,5.9,3.1,Yes,Yes
2018-05-06,Hubballi,25.9,35.5,29.3,39.9,1010.1,10.4,W,28.8,8.0,0.3,No,Yes
2018-05-07,Bengaluru,21.4,31.6,27.1,14.9,1011.0,14.6,SE,34.1,7.0,0.0,No,No
2018-05-08,Hubballi,18.8,29.1,25.1,62.1,997.9,10.1,S,51.6,,17.6,Yes,Yes
2018-05-09,Mysuru,23.2,33.0,28.7,66.5,1012.2,13.8,S,66.7,3.0,10.4,Yes,Yes
2018-05-10,Belagavi,19.8,29.5,24.0,41.6,1012.7,9.4,SW,58.2,5.5,0.0,No,No
2018-05-11,Hubballi,13.5,22.6,16.5,45.3,1006.8,19.2,N,42.6,4.1,0.0,No,No
2018-05-12,Hubballi,24.3,33.5,29.9,39.5,1014.7,6.9,NE,45.2,5.2,0.0,No,No
2018-05-13,Hubballi,25.9,37.0,31.6,53.3,1014.2,18.2,NE,51.2,5.9,0.0,No,Yes
2018-05-14,Belagavi,12.7,23.2,18.5,62.4,1009.1,13.4,W,15.9,10.1,3.8,Yes,No
2018-05-15,Bengaluru,20.6,30.3,23.8,28.1,1006.4,11.4,E,12.4,10.7,0.0,No,No
2018-05-16,Mangaluru,25.2,37.0,30.2,54.1,1003.8,14.1,E,37.6,6.6,0.0,No,Yes
2018-05-17,Belagavi,31.2,41.6,35.9,46.1,1008.6,16.4,SE,35.0,7.3,0.2,No,Yes
2018-05-18,Bengaluru,21.6,33.0,27.6,50.9,1011.7,19.0,W,27.4,8.9,0.0,No,No
2018-05-19,Mysuru,18.7,30.7,24.5,55.3,,14.8,SW,58.4,3.5,9.6,Yes,Yes
2018-05-20,Bengaluru,19.8,31.6,26.6,47.7,998.0,10.1,N,44.1,6.8,7.4,Yes,No
2018-05-21,Hubballi,26.2,36.0,32.8,48.9,1015.4,13.9,NE,,,0.0,No,No
2018-05-22,Bengaluru,19.3,30.4,24.6,47.8,1010.1,21.1,E,25.3,,0.0,No,No
2018-05-23,Bengaluru,16.9,29.2,23.8,62.2,1007.3,19.2,N,49.2,5.3,11.2,Yes,Yes
2018-05-24,Mysuru,21.4,28.6,25.0,55.8,1013.6,17.6,SW,7.9,9.9,0.0,No,No
2018-05-25,Mysuru,20.0,26.9,23.0,53.6,1017.0,17.2,N,44.0,7.0,1.2,Yes,No
2018-05-26,Bengaluru,23.8,31.1,27.2,35.9,995.5,16.9,NE,40.3,,4.9,Yes,No
2018-05-27,Belagavi,28.7,39.0,33.1,46.8,1011.7,18.8,N,47.4,6.5,7.6,Yes,Yes
2018-05-28,Mysuru,21.8,32.9,27.8,62.4,1002.5,12.4,S,26.5,8.0,0.0,No,No
2018-05-29,Hubballi,20.8,28.6,25.4,52.3,1012.2,8.8,E,49.3,8.1,1.6,Yes,No
2018-05-30,Belagavi,19.0,31.4,25.1,59.9,1010.4,14.6,SE,33.4,5.4,0.0,No,No
2018-05-31,Bengaluru,13.9,25.5,19.9,73.4,1013.1,11.1,E,42.2,8.5,0.0,No,No
2018-06-01,Hubballi,23.4,35.5,29.6,64.9,1007.5,10.3,N,61.7,4.5,10.8,Yes,Yes
2018-06-02,Hubballi,21.8,32.3,25.6,53.8,1000.7,11.7,S,76.7,4.3,11.6,Yes,Yes
2018-06-03,Belagavi,20.0,29.1,25.1,46.8,,24.6,E,44.5,5.9,4.6,Yes,Yes
2018-06-04,Bengaluru,32.6,43.8,38.4,22.5,1012.3,15.3,NE,21.7,7.3,0.0,No,No
2018-06-05,Hubballi,22.6,32.8,26.7,51.3,1015.4,16.2,S,48.4,6.6,0.0,No,Yes
2018-06-06,Mysuru,16.1,27.5,22.4,49.7,1004.6,10.0,SW,59.0,6.3,5.0,Yes,Yes
2018-06-07,Mysuru,17.5,28.5,23.6,58.5,1015.7,7.6,E,57.7,5.8,0.0,No,No
2018-06-08,Belagavi,26.3,36.5,29.8,52.2,1007.4,11.7,NW,87.0,2.1,6.2,Yes,Yes
2018-06-09,Mysuru,21.6,29.5,25.5,50.5,1012.5,20.9,NW,34.5,11.5,1.4,Yes,No
2018-06-10,Mangaluru,15.2,24.8,19.2,33.2,1008.3,16.5,N,42.1,7.9,0.0,No,No
2018-06-11,Bengaluru,21.9,35.3,28.5,43.5,1011.8,17.7,NE,65.6,5.7,7.5,Yes,Yes
2018-06-12,Hubballi,18.2,25.9,22.0,60.8,,18.3,,71.6,3.6,10.1,Yes,No
2018-06-13,Hubballi,26.5,36.9,32.0,75.9,1005.0,13.1,N,26.1,7.1,0.0,No,No
2018-06-14,Belagavi,25.4,35.6,28.7,54.4,1007.8,21.1,NW,46.7,5.8,4.2,Yes,Yes
2018-06-15,Belagavi,17.3,25.6,22.5,59.7,1012.2,13.1,NW,71.1,5.4,10.4,Yes,Yes
2018-06-16,Hubballi,25.7,34.8,29.2,67.4,1023.4,21.3,SW,95.3,0.9,14.1,Yes,Yes
2018-06-17,Mysuru,19.0,28.9,24.3,46.5,1007.2,17.5,N,54.2,4.2,0.0,No,Yes
2018-06-18,Belagavi,22.8,33.4,27.3,60.9,1021.8,8.7,SW,43.8,7.0,0.0,No,No
2018-06-19,Mangaluru,20.2,30.0,25.7,47.9,1021.7,12.9,NE,29.0,8.0,0.0,No,Yes
2018-06-20,Belagavi,15.6,24.7,20.2,67.4,1011.3,8.9,S,85.2,2.0,13.2,Yes,Yes
2018-06-21,Mysuru,14.5,25.9,20.9,59.1,1010.4,20.7,E,59.6,3.7,0.0,No,Yes
2018-06-22,Bengaluru,21.4,31.8,27.4,61.1,1008.6,16.1,NW,36.7,,3.3,Yes,No
2018-06-23,Mangaluru,15.5,25.9,21.8,48.4,1011.8,7.3,S,41.3,7.0,0.0,No,No
2018-06-24,Belagavi,17.5,25.9,21.4,66.5,1005.2,17.8,NW,56.3,3.7,3.0,Yes,Yes
2018-06-25,Bengaluru,15.5,25.7,19.1,83.3,1011.9,14.3,W,66.5,2.9,12.2,Yes,Yes
2018-06-26,Bengaluru,19.2,28.8,24.5,46.5,1019.9,10.6,NW,30.1,7.1,0.0,No,No
2018-06-27,Hubballi,24.4,37.5,30.9,54.7,1009.5,23.3,NW,37.7,7.7,0.0,No,No
2018-06-28,Mysuru,14.8,22.0,18.2,61.8,1011.4,17.1,SW,24.9,8.6,1.6,Yes,Yes
2018-06-29,Hubballi,18.5,28.1,22.5,68.8,1004.2,15.6,NE,68.1,5.7,12.2,Yes,Yes
2018-06-30,Mysuru,21.9,33.9,27.9,52.9,1014.7,15.3,SW,41.0,4.8,3.8,Yes,Yes
2018-07-01,Bengaluru,16.9,25.2,21.8,25.8,1014.3,10.9,E,42.3,6.7,0.0,No,No
2018-07-02,Belagavi,18.3,28.9,23.8,76.4,1013.4,11.8,NE,76.9,5.3,3.7,Yes,Yes
2018-07-03,Mysuru,12.2,20.6,17.6,69.5,1012.1,22.3,SE,56.1,6.9,7.9,Yes,Yes
2018-07-04,Mysuru,18.7,30.1,23.4,39.7,1011.8,15.3,SE,39.2,7.2,3.6,Yes,No
2018-07-05,Bengaluru,15.0,25.9,20.8,53.6,1015.9,17.4,NW,49.3,8.7,1.4,Yes,No
2018-07-06,Mangaluru,18.9,28.5,25.3,79.9,1013.3,9.2,S,57.9,5.9,29.9,Yes,Yes
2018-07-07,Bengaluru,19.4,31.7,26.0,78.8,1015.1,12.2,NW,75.2,5.0,15.8,Yes,Yes
2018-07-08,Bengaluru,28.3,38.0,31.5,72.9,1014.7,20.0,NE,58.8,5.2,9.2,Yes,Yes
2018-07-09,Mysuru,18.1,29.3,23.3,59.8,1019.4,19.1,W,40.7,5.7,0.0,No,No
2018-07-10,Bengaluru,19.0,25.7,22.2,63.1,1017.2,24.7,E,66.0,,7.7,Yes,Yes
2018-07-11,Hubballi,14.9,26.7,21.5,60.8,1014.9,23.2,NW,67.8,4.6,6.7,Yes,Yes
2018-07-12,Bengaluru,14.5,25.1,19.2,76.2,1021.7,17.0,NW,35.4,6.8,0.0,No,No
2018-07-13,Belagavi,15.2,28.0,21.8,52.4,1016.3,19.9,S,69.0,2.1,1.7,Yes,Yes
2018-07-14,Bengaluru,15.4,22.2,19.1,53.5,1020.8,16.8,SE,51.9,4.4,0.0,No,No
2018-07-15,Bengaluru,17.2,25.0,20.8,75.5,1017.4,26.4,SE,59.5,4.7,6.7,Yes,Yes
2018-07-16,Belagavi,18.7,31.9,25.3,63.1,1005.3,22.8,SE,65.4,5.4,22.3,Yes,Yes
2018-07-17,Mangaluru,9.1,19.9,15.9,80.5,1021.1,19.0,S,48.7,5.9,3.1,Yes,No
2018-07-18,Mangaluru,18.3,29.2,24.3,56.1,1015.3,19.2,E,61.8,4.8,3.4,Yes,Yes
2018-07-19,Mangaluru,21.0,30.7,24.9,63.8,1014.5,24.3,SE,44.9,5.1,0.0,No,No
2018-07-20,Hubballi,15.4,26.0,19.0,53.6,1016.3,20.9,,24.3,8.0,0.0,No,No
2018-07-21,Belagavi,4.9,15.6,10.9,65.0,1013.2,24.9,S,36.0,8.6,1.0,No,No
2018-07-22,Hubballi,11.3,21.8,16.8,47.4,1016.2,9.9,S,52.5,5.8,0.0,No,No
2018-07-23,Hubballi,17.8,29.5,24.3,59.5,1012.2,20.6,NW,34.6,5.3,0.0,No,No
2018-07-24,Hubballi,14.8,22.8,18.9,48.4,1021.6,16.8,N,,2.8,0.3,No,No
2018-07-25,Belagavi,10.7,19.3,14.9,74.2,1014.8,26.0,N,72.5,4.7,9.8,Yes,Yes
2018-07-26,Mysuru,10.8,21.5,16.7,74.7,1013.5,25.2,W,74.9,3.5,12.5,Yes,Yes
2018-07-27,Mysuru,17.9,25.1,22.0,45.6,1010.9,19.2,SW,,6.2,0.0,No,No
2018-07-28,Mangaluru,15.8,23.7,20.7,82.6,1017.0,25.3,E,61.9,4.1,19.6,Yes,Yes
2018-07-29,Hubballi,12.3,21.3,17.4,96.8,1016.7,26.4,SE,45.8,6.8,17.2,Yes,Yes
2018-07-30,Mangaluru,11.1,21.8,16.8,67.6,1017.8,19.6,N,67.0,4.1,15.3,Yes,No
2018-07-31,Hubballi,12.2,23.4,16.6,59.6,1010.8,29.3,NW,54.5,5.2,10.5,Yes,Yes
2018-08-01,Mangaluru,7.9,21.2,14.3,100.0,1008.0,19.4,E,73.5,2.9,27.2,Yes,Yes
2018-08-02,Bengaluru,19.7,29.9,24.4,51.9,1019.2,18.7,N,71.1,5.2,0.0,No,Yes
2018-08-03,Belagavi,13.3,22.8,16.5,68.2,1023.6,23.1,NW,43.2,6.1,9.7,Yes,Yes
2018-08-04,Hubballi,19.3,29.1,22.5,,1011.1,18.3,NW,51.2,6.5,0.8,No,No
2018-08-05,Hubballi,16.7,30.0,23.6,84.5,1024.3,20.1,W,,3.3,7.6,Yes,Yes
2018-08-06,Hubballi,15.9,26.6,21.4,72.9,,25.5,SE,40.1,8.7,6.1,Yes,No
2018-08-07,Belagavi,10.6,21.4,15.6,62.8,1016.5,20.0,S,,7.6,5.2,Yes,Yes
2018-08-08,Bengaluru,12.3,21.8,18.8,57.6,1014.6,13.2,SE,55.4,3.1,5.0,Yes,Yes
2018-08-09,Mysuru,11.1,22.6,17.0,65.1,1009.8,21.5,N,46.2,5.2,1.5,Yes,Yes
2018-08-10,Belagavi,9.6,18.1,13.4,57.3,1021.7,17.3,SE,67.6,4.9,0.0,No,Yes
2018-08-11,Bengaluru,15.1,23.8,18.2,70.2,1013.0,23.7,W,30.4,5.9,15.6,Yes,No
2018-08-12,Mangaluru,5.1,17.8,12.1,63.0,1013.0,23.1,S,67.1,4.3,6.8,Yes,Yes
2018-08-13,Hubballi,15.9,24.8,21.4,52.1,1022.0,26.2,NW,55.7,5.9,0.0,No,Yes
2018-08-14,Hubballi,9.8,21.2,14.7,85.2,1007.7,24.0,NE,50.6,5.6,8.6,Yes,Yes
2018-08-15,Mysuru,10.5,21.0,17.3,64.4,1009.5,24.8,S,36.9,7.6,2.9,Yes,Yes
2018-08-16,Mangaluru,13.0,20.5,17.5,55.3,1017.1,17.8,N,15.9,7.8,0.0,No,No
2018-08-17,Bengaluru,9.3,20.0,15.2,68.7,1018.8,23.8,S,40.6,3.9,0.0,No,Yes
2018-08-18,Mangaluru,12.8,21.9,18.5,71.7,1019.8,28.5,SW,69.4,5.4,10.3,Yes,Yes
2018-08-19,Mangaluru,8.5,21.0,14.2,50.1,1015.9,17.9,E,44.2,7.5,6.3,Yes,No
2018-08-20,Mysuru,13.8,23.6,19.5,75.2,1030.2,28.0,SE,72.5,7.0,2.3,Yes,Yes
2018-08-21,Bengaluru,7.5,14.4,10.5,58.9,1016.4,18.6,,39.2,4.1,0.0,No,Yes
2018-08-22,Mysuru,10.0,20.4,16.3,92.1,1016.5,17.5,NW,72.5,4.9,13.3,Yes,Yes
2018-08-23,Bengaluru,16.8,27.6,23.5,78.0,1013.7,22.1,NE,45.5,3.8,8.4,Yes,Yes
2018-08-24,Belagavi,6.8,14.9,11.6,67.1,1018.4,23.8,NE,37.4,9.0,0.0,No,Yes
2018-08-25,Belagavi,7.6,18.0,12.9,63.1,1020.9,24.7,SE,48.6,6.5,0.0,No,No
2018-08-26,Hubballi,13.2,20.6,17.5,71.0,1023.9,17.2,NW,43.4,5.2,0.0,No,No
2018-08-27,Mysuru,10.0,22.1,16.1,79.7,1010.5,22.9,SE,33.7,8.1,6.2,Yes,Yes
2018-08-28,Belagavi,10.8,22.8,16.7,72.2,1016.8,18.4,E,51.1,5.1,7.4,Yes,Yes
2018-08-29,Mangaluru,11.3,21.8,17.2,70.1,1020.3,15.3,S,54.6,5.8,14.7,Yes,Yes
2018-08-30,Mangaluru,11.8,24.6,17.7,73.5,1021.1,17.5,NE,73.4,4.1,11.9,Yes,Yes
2018-08-31,Belagavi,15.7,25.7,19.5,65.7,1018.2,18.3,N,65.3,6.6,2.8,Yes,Yes
2018-09-01,Mysuru,13.2,20.2,16.7,68.9,1020.9,23.4,SE,70.9,6.3,0.0,No,Yes
2018-09-02,Hubballi,9.8,20.9,14.0,48.2,1014.2,26.0,SE,55.1,4.7,0.0,No,No
2018-09-03,Mangaluru,12.3,24.0,17.6,85.0,1026.1,15.5,SW,64.0,5.9,1.0,No,Yes
2018-09-04,Hubballi,17.8,28.3,22.4,77.0,1023.3,22.9,SW,37.4,7.3,11.7,Yes,Yes
2018-09-05,Mangaluru,10.3,19.9,14.3,64.3,1011.7,16.8,SW,52.9,3.9,6.2,Yes,Yes
2018-09-06,Bengaluru,7.7,16.2,10.8,96.4,1013.1,24.1,NE,72.5,3.1,16.6,Yes,Yes
2018-09-07,Belagavi,15.6,26.1,19.1,74.8,1013.3,19.1,SW,76.8,6.4,7.8,Yes,Yes
2018-09-08,Mysuru,10.7,19.0,14.1,61.4,1021.9,17.4,SE,59.9,5.4,0.0,No,No
2018-09-09,Mangaluru,-1.0,9.5,5.9,84.2,1012.2,24.8,NE,77.3,4.8,13.7,Yes,Yes
2018-09-10,Belagavi,11.8,22.1,17.9,78.8,1017.0,19.3,W,41.0,6.3,12.4,Yes,Yes
2018-09-11,Hubballi,8.8,16.8,12.3,78.9,1020.9,20.4,N,51.6,5.0,5.4,Yes,Yes
2018-09-12,Mysuru,9.2,18.3,14.1,69.1,1018.4,12.9,N,59.1,5.1,0.0,No,Yes
2018-09-13,Mysuru,10.1,18.8,15.7,79.7,1020.0,25.6,W,74.3,3.5,25.8,Yes,Yes
2018-09-14,Belagavi,8.3,18.4,15.1,71.2,,25.1,NE,51.3,3.9,0.0,No,Yes
2018-09-15,Belagavi,13.1,20.2,17.1,81.1,1021.8,21.8,SE,56.2,4.1,3.6,Yes,Yes
2018-09-16,Belagavi,8.5,18.2,12.5,,,15.7,NW,56.0,6.2,7.1,Yes,No
2018-09-17,Bengaluru,11.0,21.9,16.3,69.4,1017.2,26.7,E,35.9,6.6,2.3,Yes,Yes
2018-09-18,Bengaluru,6.7,16.4,13.2,95.3,1020.0,19.2,W,87.2,2.8,17.8,Yes,Yes
2018-09-19,Mysuru,13.0,21.4,17.1,65.5,1019.4,20.1,E,38.0,7.1,0.0,No,No
2018-09-20,Belagavi,13.1,20.7,16.6,67.5,1019.0,31.2,S,23.2,8.4,0.0,No,No
2018-09-21,Bengaluru,6.3,15.2,10.4,69.4,1015.2,19.1,E,52.9,7.0,0.0,No,Yes
2018-09-22,Mysuru,13.6,22.9,18.4,60.2,1017.4,24.9,NW,74.6,2.5,6.2,Yes,Yes
2018-09-23,Mangaluru,7.5,18.2,11.9,48.4,1019.0,24.2,SW,53.1,6.3,0.0,No,Yes
2018-09-24,Belagavi,10.8,23.8,17.3,72.1,1012.1,23.5,SE,65.1,5.5,9.2,Yes,Yes
2018-09-25,Bengaluru,8.7,19.3,15.5,76.6,1016.7,23.1,E,56.2,6.5,7.4,Yes,Yes
2018-09-26,Mysuru,16.9,24.9,21.4,74.3,1020.9,23.5,NW,52.4,3.9,0.0,No,Yes
2018-09-27,Belagavi,6.8,19.5,13.1,73.2,1012.6,23.1,S,31.1,7.7,3.6,Yes,Yes
2018-09-28,Mysuru,9.3,17.6,12.6,75.5,1024.8,21.8,NW,21.3,10.3,3.0,Yes,No
2018-09-29,Mangaluru,8.7,18.2,13.9,,1025.3,28.0,N,62.9,4.6,8.6,Yes,Yes
2018-09-30,Mysuru,6.5,16.0,12.8,72.7,1012.8,16.7,NE,73.8,4.4,11.1,Yes,Yes
2018-10-01,Mysuru,12.5,22.6,17.2,68.1,1025.8,26.1,E,57.4,6.2,1.8,Yes,Yes
2018-10-02,Mangaluru,4.0,11.4,7.5,71.6,1018.3,25.3,NE,63.0,3.5,13.7,Yes,Yes
2018-10-03,Hubballi,5.7,12.9,9.8,81.9,1021.1,24.8,W,81.5,5.4,8.7,Yes,Yes
2018-10-04,Belagavi,4.8,14.5,9.7,91.9,1016.5,26.5,NE,66.7,5.0,24.4,Yes,Yes
2018-10-05,Mangaluru,11.4,23.2,17.8,67.4,1023.6,21.6,SW,50.1,6.4,2.7,Yes,No
2018-10-06,Mangaluru,14.9,24.6,20.9,76.1,1021.0,14.5,SW,43.2,4.4,2.7,Yes,Yes
2018-10-07,Belagavi,10.3,19.2,13.6,79.0,1014.9,21.7,N,86.9,3.7,24.1,Yes,Yes
2018-10-08,Mysuru,8.2,17.1,13.4,63.0,1013.1,18.0,S,58.1,5.8,0.0,No,Yes
2018-10-09,Bengaluru,7.9,17.4,14.4,75.1,1011.6,19.0,SE,40.9,8.5,8.4,Yes,Yes
2018-10-10,Belagavi,13.4,22.3,18.7,57.2,1019.9,17.0,SE,30.3,7.1,0.0,No,No
2018-10-11,Mangaluru,7.2,15.8,10.4,53.5,1021.8,20.0,SE,65.2,3.4,0.0,No,No
2018-10-12,Mysuru,8.8,20.6,15.1,79.1,1022.1,19.5,W,41.1,5.8,5.3,Yes,Yes
2018-10-13,Hubballi,11.4,24.5,18.1,70.1,1018.3,12.4,S,80.8,2.7,12.6,Yes,Yes
2018-10-14,Mysuru,11.6,19.5,16.2,77.1,1013.1,24.7,SW,14.5,7.5,0.0,No,Yes
2018-10-15,Bengaluru,10.8,21.8,15.0,74.3,1015.4,30.7,NW,76.1,5.2,17.5,Yes,Yes
2018-10-16,Mysuru,13.1,23.4,18.3,62.8,1024.6,24.3,S,57.4,6.8,0.0,No,No
2018-10-17,Bengaluru,-3.4,7.5,3.5,,1016.3,21.0,S,56.3,5.1,8.5,Yes,Yes
2018-10-18,Hubballi,10.7,21.5,17.1,59.6,1019.5,21.6,E,46.2,5.7,0.0,No,No
2018-10-19,Hubballi,5.5,15.0,11.8,91.0,1013.3,20.1,NE,89.8,0.3,18.7,Yes,Yes
2018-10-20,Mysuru,3.3,10.5,7.1,57.9,1020.4,22.1,S,58.8,5.9,3.3,Yes,Yes
2018-10-21,Belagavi,9.9,23.0,16.5,71.8,1016.4,21.6,S,40.2,8.6,0.8,No,No
2018-10-22,Belagavi,14.8,23.4,20.0,61.5,1023.8,18.3,NW,23.8,7.3,0.0,No,Yes
2018-10-23,Belagavi,7.4,17.2,14.0,80.8,1022.4,28.4,W,60.0,4.9,0.0,No,Yes
2018-10-24,Hubballi,12.8,23.8,18.4,69.9,1016.1,,E,52.9,6.1,9.4,Yes,No
2018-10-25,Bengaluru,14.8,25.7,21.1,67.5,1017.9,24.5,NE,29.2,9.6,0.0,No,No
2018-10-26,Mangaluru,16.3,24.6,20.0,83.9,1015.7,21.1,W,57.7,5.4,12.6,Yes,Yes
2018-10-27,Mysuru,15.5,24.8,21.4,73.9,1011.3,29.1,,45.9,6.4,6.6,Yes,Yes
2018-10-28,Bengaluru,13.8,21.0,17.8,79.6,1014.1,22.8,SW,57.0,5.5,7.7,Yes,Yes
2018-10-29,Mangaluru,11.5,21.7,15.2,61.5,1019.3,20.0,NW,60.5,3.2,14.1,Yes,Yes
2018-10-30,Hubballi,3.3,13.1,8.6,56.3,1019.9,20.4,SE,69.9,2.4,3.8,Yes,Yes
2018-10-31,Mangaluru,8.7,17.5,14.1,74.3,1019.0,21.5,N,68.4,3.3,13.5,Yes,Yes
2018-11-01,Hubballi,6.8,15.5,11.7,69.1,1016.7,16.7,NW,41.8,7.7,3.1,Yes,Yes
2018-11-02,Hubballi,20.5,27.3,23.9,80.3,1022.8,18.2,S,62.7,4.4,6.7,Yes,Yes
2018-11-03,Bengaluru,10.6,19.5,14.6,71.7,1018.4,14.1,S,54.6,4.8,4.7,Yes,Yes
2018-11-04,Belagavi,11.9,22.0,15.8,75.0,1021.5,17.5,N,35.0,6.4,8.6,Yes,Yes
2018-11-05,Belagavi,13.4,22.2,17.6,52.9,1009.1,21.5,S,52.1,5.5,7.9,Yes,Yes
2018-11-06,Bengaluru,10.2,21.1,15.7,94.9,998.3,22.3,SW,90.8,4.5,41.8,Yes,Yes
2018-11-07,Mysuru,17.6,28.1,22.4,70.1,1019.2,13.1,S,53.5,5.4,5.0,Yes,Yes
2018-11-08,Hubballi,6.3,19.0,13.2,80.3,1010.6,20.4,S,33.2,6.3,0.3,No,No
2018-11-09,Mysuru,13.5,21.9,16.5,61.7,1016.6,23.2,N,50.1,5.9,0.0,No,No
2018-11-10,Hubballi,9.0,18.1,12.9,75.3,1016.1,20.2,SW,36.9,9.0,0.0,No,Yes
2018-11-11,Hubballi,5.3,15.5,10.6,55.8,1025.5,,E,60.3,4.4,2.4,Yes,Yes
2018-11-12,Belagavi,7.0,18.5,13.6,76.7,1019.5,19.1,E,63.5,3.3,4.9,Yes,Yes
2018-11-13,Belagavi,12.8,20.3,15.9,66.8,1018.3,18.5,N,49.2,5.3,0.0,No,Yes
2018-11-14,Hubballi,7.9,19.5,14.5,71.2,1021.5,18.1,E,48.5,6.1,16.7,Yes,No
2018-11-15,Belagavi,8.5,18.4,13.5,79.1,1019.1,21.3,SE,53.5,6.4,3.4,Yes,Yes
2018-11-16,Belagavi,4.6,15.0,10.8,55.7,1014.9,29.7,SE,47.4,7.3,0.0,No,No
2018-11-17,Mangaluru,9.4,20.4,16.1,62.1,1022.5,17.5,NW,38.3,5.6,5.8,Yes,No
2018-11-18,Mangaluru,6.7,15.3,10.6,75.6,1011.5,19.1,,34.4,6.0,0.0,No,No
2018-11-19,Hubballi,14.4,25.9,19.7,95.1,1018.6,,SW,80.1,2.9,26.2,Yes,Yes
2018-11-20,Belagavi,10.6,21.1,17.1,68.1,1009.2,17.5,N,46.5,6.9,1.7,Yes,Yes
2018-11-21,Mangaluru,4.7,17.4,11.1,76.7,1017.9,24.6,NE,58.2,3.6,0.0,No,Yes
2018-11-22,Mysuru,10.7,21.7,15.8,68.1,1017.7,10.6,SW,56.5,4.6,14.6,Yes,No
2018-11-23,Hubballi,7.3,18.1,14.1,92.5,1025.1,17.9,S,66.8,3.7,18.0,Yes,Yes
2018-11-24,Hubballi,12.7,21.5,18.5,48.0,1008.8,23.3,NE,26.6,8.9,0.0,No,No
2018-11-25,Mysuru,17.6,26.0,22.7,69.9,1013.5,18.7,S,27.8,8.3,1.7,Yes,Yes
2018-11-26,Hubballi,6.7,16.5,9.9,49.0,1020.5,16.6,SW,35.8,8.1,0.0,No,No
2018-11-27,Belagavi,13.1,24.2,18.0,38.3,1018.0,21.5,W,46.2,7.8,0.0,No,No
2018-11-28,Mangaluru,12.3,21.5,17.0,71.7,1017.1,23.3,E,42.8,6.1,3.0,Yes,Yes
2018-11-29,Bengaluru,16.3,23.7,20.5,69.6,1011.4,20.5,NW,47.5,4.6,0.0,No,Yes
2018-11-30,Mangaluru,12.0,25.0,18.8,64.3,1013.1,16.4,E,82.6,1.7,3.0,Yes,Yes
2018-12-01,Mysuru,8.3,19.0,15.0,66.2,1022.2,21.3,NW,23.8,5.8,0.0,No,No
2018-12-02,Bengaluru,12.5,23.7,16.9,100.0,1015.6,17.8,NW,53.7,5.0,22.6,Yes,Yes
2018-12-03,Belagavi,10.3,20.2,15.1,63.9,1017.7,22.3,SE,79.0,3.0,6.2,Yes,Yes
2018-12-04,Belagavi,16.7,28.6,22.7,72.9,1015.1,25.2,NE,53.5,6.5,5.0,Yes,Yes
2018-12-05,Mangaluru,12.3,23.4,18.6,58.8,1009.7,8.8,N,37.9,6.9,0.0,No,Yes
2018-12-06,Hubballi,22.8,29.3,26.2,69.9,1020.2,19.5,W,70.5,3.5,7.5,Yes,Yes
2018-12-07,Hubballi,13.6,21.8,18.5,63.2,1017.9,,S,,5.6,5.7,Yes,No
2018-12-08,Mysuru,9.4,23.0,16.1,60.9,1026.9,28.7,E,44.1,5.1,0.0,No,No
2018-12-09,Hubballi,7.3,17.6,13.0,,1010.2,17.0,W,62.9,6.0,19.0,Yes,Yes
2018-12-10,Belagavi,6.8,15.7,11.9,79.5,1019.3,21.8,SW,46.9,5.1,1.6,Yes,Yes
2018-12-11,Bengaluru,7.1,18.8,12.9,66.8,1008.5,18.6,W,36.4,5.6,0.0,No,No
2018-12-12,Mangaluru,14.8,27.0,20.5,37.2,1015.7,15.4,S,38.2,7.8,0.0,No,No
2018-12-13,Mangaluru,14.8,25.6,21.6,60.3,1019.7,14.9,N,34.0,7.9,0.0,No,Yes
2018-12-14,Mangaluru,6.7,18.6,13.3,96.8,1004.4,24.8,W,63.9,2.6,20.5,Yes,Yes
2018-12-15,Hubballi,18.8,27.4,23.4,61.4,1013.6,22.2,S,54.9,6.5,0.6,No,Yes
2018-12-16,Bengaluru,14.9,24.3,18.0,77.1,1011.7,26.1,SE,68.6,3.4,19.9,Yes,Yes
2018-12-17,Hubballi,16.3,24.0,20.6,80.9,1010.9,18.4,N,74.3,3.4,13.8,Yes,Yes
2018-12-18,Hubballi,22.8,31.1,26.6,66.0,1016.3,19.3,NW,45.3,6.4,5.8,Yes,Yes
2018-12-19,Belagavi,20.4,28.4,23.9,53.0,1019.9,17.0,NW,53.7,6.2,0.0,No,Yes
2018-12-20,Belagavi,12.8,24.9,19.4,33.7,1013.5,16.8,N,45.9,6.7,0.0,No,No
2018-12-21,Hubballi,11.2,20.7,17.0,70.8,1015.1,13.7,NW,58.3,5.1,16.4,Yes,Yes
2018-12-22,Mysuru,9.0,17.0,12.1,52.6,1014.5,18.1,S,38.8,6.3,0.0,No,No
2018-12-23,Mysuru,11.3,23.2,18.0,64.2,1013.9,14.6,S,35.3,7.6,0.0,No,No
2018-12-24,Mysuru,13.5,26.7,20.2,46.9,1008.3,,E,51.3,5.6,0.0,No,Yes
2018-12-25,Hubballi,10.4,22.3,17.2,58.4,1019.2,18.2,S,22.8,10.3,0.0,No,No
2018-12-26,Bengaluru,14.4,24.3,20.8,61.8,1015.0,18.6,N,45.7,6.9,0.0,No,No
2018-12-27,Mysuru,18.4,25.1,21.7,,1015.4,24.1,W,12.4,7.9,4.5,Yes,No
2018-12-28,Belagavi,15.2,27.4,20.7,47.5,1009.3,17.1,SW,23.9,7.4,0.0,No,Yes
2018-12-29,Mangaluru,15.8,26.0,19.1,74.9,1010.9,20.2,S,41.8,,14.4,Yes,Yes
2018-12-30,Mangaluru,16.6,26.2,22.5,53.2,1012.2,25.3,SW,62.7,6.3,2.1,Yes,No
2018-12-31,Hubballi,19.9,29.7,23.7,40.0,1005.4,22.2,SW,51.3,7.4,0.0,No,No
2019-01-01,Mangaluru,11.0,21.8,17.8,58.4,1004.5,21.5,E,40.1,6.2,0.0,No,Yes
2019-01-02,Hubballi,21.2,34.3,27.9,59.9,1009.8,15.6,NE,,3.9,0.0,No,Yes
2019-01-03,Mangaluru,16.6,25.4,22.0,61.2,1015.3,17.7,SW,62.8,3.5,0.0,No,Yes
2019-01-04,Bengaluru,16.6,27.4,22.6,75.3,1009.3,11.4,,52.7,5.9,3.9,Yes,Yes
2019-01-05,Bengaluru,19.1,30.9,25.5,55.9,1007.4,18.6,SW,26.6,10.5,0.0,No,No
2019-01-06,Bengaluru,19.2,30.2,23.8,57.0,1008.3,17.6,W,44.7,6.9,10.3,Yes,Yes
2019-01-07,Bengaluru,21.5,33.2,26.8,45.0,1010.0,16.5,N,41.5,,0.0,No,Yes
2019-01-08,Mysuru,20.5,28.0,24.2,67.8,1010.4,20.4,NW,33.6,6.3,0.0,No,Yes
2019-01-09,Belagavi,13.8,27.7,20.8,59.9,1022.9,11.4,W,54.5,4.7,0.2,No,No
2019-01-10,Bengaluru,18.1,30.4,24.8,52.4,1017.2,22.7,E,50.2,4.8,0.0,No,No
2019-01-11,Mysuru,14.0,24.6,18.9,34.3,1017.0,19.7,SE,45.4,5.8,0.0,No,No
2019-01-12,Hubballi,18.9,30.6,24.1,74.3,1017.6,15.7,NW,58.9,5.5,24.9,Yes,Yes
2019-01-13,Mangaluru,18.9,27.9,23.6,41.9,1006.7,15.3,W,,6.4,0.0,No,Yes
2019-01-14,Mangaluru,20.1,27.7,23.1,49.3,1005.5,17.7,,42.0,7.8,0.0,No,No
2019-01-15,Mysuru,19.6,30.5,23.5,60.5,1005.9,21.8,SW,52.2,6.3,0.0,No,No
2019-01-16,Mangaluru,13.2,19.7,16.6,41.6,1018.0,16.0,S,35.7,4.7,0.0,No,Yes
2019-01-17,Bengaluru,17.8,28.6,22.1,37.8,1008.5,16.1,NE,,6.1,1.0,Yes,No
2019-01-18,Mangaluru,20.9,31.2,24.8,29.9,1004.9,15.5,S,57.1,5.1,5.2,Yes,Yes
2019-01-19,Bengaluru,19.2,29.3,25.2,63.8,1008.9,22.5,NW,19.9,8.5,1.7,Yes,Yes
2019-01-20,Bengaluru,15.6,26.9,20.6,48.4,1009.8,13.8,SE,57.5,6.2,0.0,No,Yes
2019-01-21,Mangaluru,23.6,34.2,29.9,89.8,1012.2,15.1,NW,51.6,5.7,22.0,Yes,Yes
2019-01-22,Mysuru,15.9,27.0,21.5,42.5,1012.0,21.0,E,30.8,,0.0,No,Yes
2019-01-23,Hubballi,23.3,33.7,29.0,43.2,1006.5,15.7,W,46.2,6.4,1.4,Yes,Yes
2019-01-24,Mysuru,20.4,30.3,26.9,47.2,1014.0,19.5,NE,21.5,7.9,0.0,No,Yes
2019-01-25,Belagavi,16.4,29.3,22.8,56.7,1007.3,,SE,35.4,7.2,0.0,No,Yes
2019-01-26,Belagavi,29.3,37.7,32.6,47.9,1009.6,14.0,E,31.4,8.7,0.0,No,No
2019-01-27,Bengaluru,15.5,25.7,20.8,60.6,1013.7,20.7,W,45.9,6.1,0.0,No,Yes
2019-01-28,Bengaluru,24.7,35.9,29.4,41.3,1007.0,12.0,SE,29.5,7.5,0.0,No,No
2019-01-29,Mysuru,24.4,34.1,29.8,36.2,1007.3,14.0,S,63.5,4.7,0.0,No,Yes
2019-01-30,Mysuru,16.8,28.5,23.3,31.0,1013.0,15.6,SE,64.4,6.2,0.0,No,No
2019-01-31,Bengaluru,28.6,38.2,31.6,25.7,1005.7,10.5,NE,4.9,8.3,0.0,No,No
2019-02-01,Hubballi,22.1,29.6,25.2,45.9,1007.9,12.7,SE,51.5,7.8,4.0,Yes,No
2019-02-02,Hubballi,24.2,33.6,27.5,48.3,1012.6,14.8,N,57.2,3.8,3.7,Yes,Yes
2019-02-03,Belagavi,21.0,32.5,27.5,44.1,1020.0,14.4,S,,5.0,0.0,No,No
2019-02-04,Hubballi,21.6,29.6,26.0,66.4,1012.6,19.3,SE,41.7,7.4,10.8,Yes,Yes
2019-02-05,Mangaluru,25.4,33.0,29.9,66.0,1011.9,20.3,E,47.8,7.3,0.0,No,No
2019-02-06,Bengaluru,25.5,35.8,29.9,47.1,1012.1,10.6,S,32.6,5.6,0.0,No,Yes
2019-02-07,Mysuru,15.9,23.9,19.9,29.4,1004.0,14.4,SW,30.4,6.2,0.0,No,Yes
2019-02-08,Bengaluru,29.0,38.5,32.2,43.9,1009.8,16.6,E,24.4,8.3,0.0,No,No
2019-02-09,Mangaluru,13.8,24.2,20.4,43.3,1009.0,19.9,NE,40.6,9.4,0.0,No,No
2019-02-10,Hubballi,27.4,36.6,31.3,42.4,1010.7,16.6,SW,19.4,9.9,0.0,No,No
2019-02-11,Bengaluru,25.2,35.2,31.8,41.7,1009.6,14.9,SW,38.7,6.5,0.0,No,No
2019-02-12,Mangaluru,16.2,29.0,23.0,42.0,1010.9,16.3,SW,23.1,5.2,0.0,No,No
2019-02-13,Hubballi,20.5,31.9,25.9,45.1,1007.3,16.3,N,46.1,6.3,2.5,Yes,No
2019-02-14,Belagavi,18.7,29.8,23.2,41.9,1009.1,9.8,W,31.6,7.8,0.0,No,No
2019-02-15,Belagavi,20.8,32.1,26.8,51.8,1002.6,14.2,SE,50.1,5.4,0.0,No,No
2019-02-16,Belagavi,23.5,30.0,26.6,53.5,1007.1,19.2,S,62.6,3.8,6.6,Yes,Yes
2019-02-17,Mangaluru,24.3,37.3,31.0,38.0,1015.5,12.5,W,64.1,4.9,0.0,No,Yes
2019-02-18,Mangaluru,28.6,37.5,33.2,,1010.1,13.8,SE,12.7,7.8,0.0,No,No
2019-02-19,Mysuru,29.4,40.2,33.6,36.9,1008.3,12.2,SE,27.2,10.0,0.0,No,No
2019-02-20,Mysuru,22.4,32.8,25.9,29.1,1017.9,3.9,S,32.1,9.1,0.0,No,No
2019-02-21,Belagavi,20.6,30.9,27.4,,1001.5,13.2,W,53.1,6.4,6.1,Yes,Yes
2019-02-22,Bengaluru,15.3,24.9,21.6,38.3,1002.7,14.3,SW,15.6,8.8,0.0,No,No
2019-02-23,Hubballi,19.3,31.8,25.2,51.8,1016.8,,SW,31.0,6.6,0.5,No,Yes
2019-02-24,Mysuru,25.6,38.9,32.3,19.0,1008.4,8.3,NW,34.6,7.1,0.0,No,No
2019-02-25,Hubballi,28.2,40.4,35.0,64.4,1006.9,9.4,N,52.0,,9.4,Yes,Yes
2019-02-26,Bengaluru,19.6,30.3,23.7,55.6,1002.0,15.9,N,52.9,6.6,5.9,Yes,No
2019-02-27,Belagavi,20.2,33.1,26.4,29.4,1010.2,20.7,NE,43.4,6.6,0.0,No,No
2019-02-28,Hubballi,22.6,33.9,28.7,,1010.6,18.3,S,41.9,7.6,0.0,No,No
2019-03-01,Belagavi,24.8,35.7,30.0,67.2,1002.4,7.3,S,54.8,6.1,9.4,Yes,Yes
2019-03-02,Hubballi,22.1,31.2,25.7,38.1,1007.1,16.1,E,41.1,7.1,7.1,Yes,Yes
2019-03-03,Bengaluru,23.9,34.4,30.7,36.9,1006.1,10.0,E,49.7,7.0,0.0,No,Yes
2019-03-04,Mysuru,22.9,31.9,27.2,19.6,1009.0,10.3,NW,0.0,10.6,0.0,No,No
2019-03-05,Mangaluru,23.8,34.8,29.1,42.4,1002.1,10.7,E,65.1,5.6,0.0,No,Yes
2019-03-06,Belagavi,28.3,36.8,31.4,43.8,1013.9,15.3,N,9.4,9.4,0.0,No,No
2019-03-07,Mysuru,24.6,33.1,29.3,55.0,1012.1,16.3,NE,30.8,7.1,4.2,Yes,Yes
2019-03-08,Hubballi,22.1,34.2,27.6,29.5,1005.7,12.0,,33.4,6.6,0.0,No,No
2019-03-09,Mysuru,24.4,35.1,28.9,27.9,1006.4,12.1,SW,46.3,5.3,0.0,No,Yes
2019-03-10,Mangaluru,24.2,32.3,29.1,51.5,1006.8,14.2,SE,0.7,8.0,0.0,No,No
2019-03-11,Belagavi,24.2,32.4,28.0,58.1,1003.5,14.6,NE,47.8,4.9,5.8,Yes,Yes
2019-03-12,Belagavi,24.1,35.5,28.5,27.1,1005.1,17.0,W,47.7,,0.0,No,No
2019-03-13,Mysuru,30.1,40.5,36.0,58.8,1006.0,7.1,E,63.4,4.1,8.3,Yes,Yes
2019-03-14,Bengaluru,25.0,37.5,31.9,46.2,1015.4,12.3,S,33.0,9.1,0.0,No,No
2019-03-15,Hubballi,23.6,31.9,28.5,58.8,1012.0,7.9,SE,44.0,6.1,14.4,Yes,Yes
2019-03-16,Mysuru,26.7,36.7,32.5,44.7,1011.9,12.0,SW,33.7,7.5,0.0,No,No
2019-03-17,Bengaluru,21.5,34.9,28.4,,1009.1,11.3,N,25.2,8.2,0.0,No,No
2019-03-18,Belagavi,28.4,39.5,34.5,43.6,1001.6,12.0,NE,27.0,9.7,0.0,No,No
2019-03-19,Hubballi,28.2,37.6,31.3,58.1,,8.9,SW,34.9,6.4,0.0,No,No
2019-03-20,Belagavi,22.6,32.4,29.4,34.6,1012.0,6.2,S,45.4,6.0,0.0,No,No
2019-03-21,Mangaluru,25.2,37.3,31.6,40.6,1000.8,3.7,E,43.2,6.3,0.0,No,No
2019-03-22,Bengaluru,19.5,27.8,23.6,43.1,1010.3,11.6,N,49.6,7.2,3.4,Yes,No
2019-03-23,Mangaluru,21.7,31.8,25.4,10.4,1018.7,10.3,NW,32.4,8.9,0.0,No,Yes
2019-03-24,Mangaluru,18.5,31.9,25.1,65.2,1012.4,9.3,N,61.6,5.4,3.7,Yes,Yes
2019-03-25,Mangaluru,24.8,36.3,30.5,34.3,1014.1,17.3,NE,51.9,7.2,0.0,No,No
2019-03-26,Bengaluru,32.9,40.5,36.9,51.2,1008.1,8.6,W,19.3,8.6,0.0,No,Yes
2019-03-27,Hubballi,33.0,43.8,38.9,44.0,1011.9,17.7,S,29.8,7.3,0.0,No,No
2019-03-28,Belagavi,27.1,37.4,32.5,60.1,1003.4,18.5,E,45.6,7.6,10.5,Yes,No
2019-03-29,Hubballi,27.8,38.3,32.0,49.9,1011.0,4.2,E,44.6,6.9,0.0,No,No
2019-03-30,Hubballi,17.6,27.6,22.8,42.2,1010.3,12.4,E,31.8,6.5,0.0,No,Yes
2019-03-31,Hubballi,22.7,32.2,27.8,34.3,1008.5,10.4,E,52.4,6.8,0.3,No,Yes
2019-04-01,Belagavi,21.8,32.3,26.8,54.6,1013.6,0.4,NE,76.5,3.4,6.3,Yes,Yes
2019-04-02,Belagavi,22.4,33.1,27.5,22.5,1004.3,6.2,SW,36.8,6.5,0.0,No,No
2019-04-03,Bengaluru,26.3,35.6,29.3,52.8,1006.1,15.1,SW,47.4,7.1,0.0,No,No
2019-04-04,Mysuru,24.0,34.7,28.1,31.8,1007.5,20.1,SW,50.5,5.7,0.0,No,Yes
2019-04-05,Belagavi,17.3,28.6,22.1,60.1,1001.9,15.6,NE,21.0,8.7,0.9,No,Yes
2019-04-06,Belagavi,29.5,38.5,33.0,47.0,1008.2,13.3,NW,44.2,7.1,5.7,Yes,Yes
2019-04-07,Mysuru,19.7,30.8,25.7,52.8,998.4,11.9,NW,60.8,4.0,3.2,Yes,Yes
2019-04-08,Belagavi,24.5,37.1,30.9,46.1,1012.3,18.8,S,33.8,7.6,6.8,Yes,No
2019-04-09,Hubballi,32.0,42.5,38.2,24.1,1007.3,20.6,W,16.2,10.3,0.0,No,No
2019-04-10,Belagavi,21.4,32.3,26.2,34.8,1004.5,9.7,SE,36.1,5.8,0.0,No,No
2019-04-11,Bengaluru,14.0,24.8,19.8,53.3,1002.9,4.1,NE,45.4,6.8,0.0,No,No
2019-04-12,Belagavi,25.4,32.2,28.7,47.3,1005.9,3.7,E,30.3,6.5,3.7,Yes,Yes
2019-04-13,Mysuru,30.4,40.3,34.2,59.5,1010.6,17.4,SW,80.2,4.5,17.6,Yes,Yes
2019-04-14,Hubballi,34.5,43.2,37.6,50.2,1009.9,11.9,SW,37.9,8.1,0.0,No,No
2019-04-15,Mysuru,18.0,28.2,24.9,33.8,1003.6,12.9,S,21.2,7.8,0.0,No,No
2019-04-16,Belagavi,26.4,36.5,31.7,35.9,1003.0,5.0,E,38.0,9.5,0.0,No,No
2019-04-17,Belagavi,24.1,32.8,27.8,46.8,1010.5,9.2,NE,57.3,6.6,7.9,Yes,Yes
2019-04-18,Bengaluru,23.4,34.9,29.2,17.8,1003.6,11.0,SW,32.4,8.1,0.0,No,No
2019-04-19,Hubballi,35.3,45.9,40.2,65.8,1007.6,13.1,S,,5.9,13.2,Yes,Yes
2019-04-20,Belagavi,18.8,27.3,23.6,51.1,1007.9,10.7,W,32.4,8.5,4.4,Yes,Yes
2019-04-21,Bengaluru,23.9,33.7,30.6,60.6,1008.9,8.1,NW,71.5,2.8,9.3,Yes,No
2019-04-22,Bengaluru,25.5,37.5,31.4,27.0,1011.7,9.2,E,44.2,6.5,0.0,No,No
2019-04-23,Mysuru,28.0,40.7,33.8,61.0,1001.1,17.2,SW,65.1,5.0,21.7,Yes,Yes
2019-04-24,Hubballi,26.4,36.6,29.8,72.9,997.9,13.4,SE,59.6,4.5,16.3,Yes,Yes
2019-04-25,Mangaluru,27.2,35.6,30.6,30.4,1004.7,14.9,N,49.5,6.4,0.0,No,Yes
2019-04-26,Bengaluru,22.1,32.8,27.7,55.6,1016.5,8.8,N,34.1,8.6,0.0,No,No
2019-04-27,Mangaluru,26.7,37.0,30.3,46.5,1017.7,0.7,SW,36.2,6.5,0.0,No,No
2019-04-28,Mysuru,23.0,33.0,27.8,28.0,1016.8,10.4,E,56.4,5.2,0.0,No,No
2019-04-29,Bengaluru,26.3,35.7,31.6,52.6,1006.7,9.1,SW,69.4,3.2,9.2,Yes,Yes
2019-04-30,Hubballi,23.0,33.3,27.6,56.8,998.8,14.0,W,30.5,5.3,0.4,No,No
2019-05-01,Mangaluru,27.1,35.4,30.5,39.7,996.1,25.8,N,44.6,7.2,2.0,Yes,Yes
2019-05-02,Hubballi,22.8,34.9,28.8,61.0,1004.7,15.5,SW,42.9,6.4,0.0,No,No
2019-05-03,Mangaluru,26.8,39.5,33.3,27.2,1006.9,23.7,SW,25.4,7.9,0.0,No,No
2019-05-04,Mysuru,24.9,35.3,28.6,29.4,1014.4,15.0,SE,41.0,5.4,0.0,No,No
2019-05-05,Bengaluru,15.2,25.2,21.6,49.1,1012.3,10.3,SW,61.7,4.6,0.0,No,Yes
2019-05-06,Bengaluru,27.5,38.8,33.7,47.9,1009.2,14.3,W,,7.1,0.0,No,No
2019-05-07,Mysuru,19.7,31.1,24.9,39.1,1003.6,20.0,SE,35.9,7.0,0.0,No,Yes
2019-05-08,Belagavi,20.5,30.6,25.8,57.6,,20.3,E,55.8,5.4,0.0,No,No
2019-05-09,Mangaluru,20.4,31.5,26.0,54.4,1009.5,10.7,SE,41.4,6.8,3.9,Yes,Yes
2019-05-10,Mangaluru,28.7,40.1,33.8,58.5,1011.8,14.1,N,54.6,4.0,1.0,Yes,No
2019-05-11,Belagavi,13.3,24.6,19.7,46.9,1010.3,7.4,E,64.7,5.4,12.8,Yes,Yes
2019-05-12,Mysuru,35.8,45.3,40.7,55.8,1003.2,16.5,W,16.1,7.1,0.0,No,No
2019-05-13,Hubballi,27.1,36.0,32.3,43.3,1011.7,19.4,,54.3,4.3,0.7,No,Yes
2019-05-14,Hubballi,25.7,35.1,28.8,73.5,1010.7,13.4,N,31.3,6.1,0.0,No,Yes
2019-05-15,Mysuru,23.9,33.8,27.6,39.3,1003.3,10.7,SE,59.1,4.9,0.0,No,Yes
2019-05-16,Hubballi,22.3,34.9,28.9,74.5,1004.8,14.8,SE,45.2,5.8,4.5,Yes,No
2019-05-17,Mysuru,26.3,34.3,29.7,49.8,1012.2,15.1,S,26.7,7.8,0.0,No,No
2019-05-18,Mangaluru,23.5,35.5,30.1,33.1,1007.7,13.9,NE,48.7,4.9,0.0,No,Yes
2019-05-19,Mangaluru,24.1,33.2,29.7,,1016.9,14.3,,56.9,6.5,9.3,Yes,Yes
2019-05-20,Belagavi,21.0,32.0,27.7,51.5,1011.5,13.0,W,30.6,8.5,0.0,No,No
2019-05-21,Mysuru,20.2,31.2,26.5,60.4,1006.6,17.7,SW,30.4,7.3,0.0,No,No
2019-05-22,Hubballi,20.1,29.7,26.5,,1009.1,16.7,NW,48.2,5.4,6.6,Yes,Yes
2019-05-23,Mysuru,21.2,29.7,26.3,54.6,1009.5,9.9,NE,28.8,6.9,0.0,No,No
2019-05-24,Bengaluru,25.2,37.8,31.5,43.6,1005.7,9.9,E,26.5,7.4,1.0,Yes,Yes
2019-05-25,Belagavi,24.4,36.1,29.2,62.7,1004.8,13.0,N,51.8,,0.0,No,Yes
2019-05-26,Bengaluru,11.8,19.2,15.0,51.2,1013.0,17.0,NW,31.0,6.3,0.0,No,Yes
2019-05-27,Belagavi,23.6,32.7,29.2,59.6,,,NE,55.2,6.4,3.3,Yes,Yes
2019-05-28,Belagavi,21.4,34.0,27.3,25.7,1012.7,11.6,E,57.6,5.6,0.0,No,Yes
2019-05-29,Belagavi,22.9,33.0,26.3,57.2,1017.3,15.3,SE,45.6,8.2,0.0,No,No
2019-05-30,Bengaluru,18.4,30.3,24.7,44.4,1007.1,13.0,NE,44.7,5.9,0.0,No,No
2019-05-31,Belagavi,27.3,35.0,30.6,72.1,1018.3,17.9,N,84.1,2.6,19.2,Yes,Yes
2019-06-01,Mysuru,25.0,33.3,29.8,59.9,1005.5,15.8,NW,31.2,6.9,0.0,No,No
2019-06-02,Mysuru,17.9,29.6,22.8,55.6,1005.0,13.3,,65.1,4.2,0.0,No,Yes
2019-06-03,Bengaluru,24.3,34.1,27.4,58.7,1001.4,,W,64.6,3.8,9.0,Yes,Yes
2019-06-04,Mangaluru,18.5,27.7,21.8,41.2,1008.0,20.0,NW,54.3,5.8,0.0,No,No
2019-06-05,Mangaluru,15.2,26.8,20.0,72.8,1007.8,12.5,S,73.5,3.9,21.5,Yes,Yes
2019-06-06,Bengaluru,18.7,26.5,22.9,77.5,1013.1,16.5,NE,60.2,4.4,3.3,Yes,Yes
2019-06-07,Belagavi,22.5,32.2,28.7,58.5,1011.8,14.7,S,39.7,8.2,8.5,Yes,No
2019-06-08,Belagavi,24.3,32.7,29.0,73.2,1004.7,16.7,E,70.7,6.4,21.1,Yes,Yes
2019-06-09,Belagavi,23.7,30.9,27.1,47.5,1008.8,12.5,SW,61.0,6.3,9.2,Yes,Yes
2019-06-10,Bengaluru,24.2,34.1,27.8,45.0,1009.0,15.6,N,59.6,5.7,11.8,Yes,Yes
2019-06-11,Belagavi,21.2,33.5,26.8,55.3,1002.0,19.7,SE,47.8,6.9,4.4,Yes,No
2019-06-12,Mysuru,15.3,25.9,22.1,60.3,1006.1,11.6,N,38.4,9.0,0.0,No,No
2019-06-13,Belagavi,19.8,31.1,26.2,50.5,1007.3,10.1,SE,48.1,6.9,0.0,No,Yes
2019-06-14,Bengaluru,24.1,32.4,27.6,62.0,1018.4,10.3,NW,63.9,4.0,0.4,No,No
2019-06-15,Belagavi,24.2,31.0,27.3,59.4,1012.3,10.9,S,64.1,5.1,1.1,Yes,Yes
2019-06-16,Mysuru,25.8,35.3,28.9,44.0,1014.7,18.1,E,36.2,7.7,0.0,No,No
2019-06-17,Bengaluru,21.6,31.9,26.8,62.5,1004.0,10.1,SE,54.7,4.2,5.5,Yes,Yes
2019-06-18,Mangaluru,20.3,30.5,25.3,66.9,1017.6,14.6,W,,7.0,0.0,No,No
2019-06-19,Bengaluru,25.0,32.0,28.0,58.8,1018.2,18.4,NW,63.3,6.0,1.1,Yes,Yes
2019-06-20,Hubballi,20.3,28.7,23.5,70.9,1001.8,17.7,NW,41.6,4.3,11.2,Yes,Yes
2019-06-21,Mangaluru,12.9,26.1,19.9,42.7,1008.4,14.5,,53.8,4.0,4.2,Yes,Yes
2019-06-22,Mangaluru,15.8,26.9,22.7,63.1,1014.5,16.9,SE,33.0,,0.0,No,No
2019-06-23,Bengaluru,16.7,23.7,20.2,43.7,1015.3,16.7,NE,58.0,5.6,0.0,No,No
2019-06-24,Hubballi,16.7,25.7,20.3,44.7,1008.8,15.4,N,47.7,4.4,0.0,No,No
2019-06-25,Mangaluru,15.7,27.9,22.3,50.7,1010.8,15.6,SW,33.6,7.1,0.0,No,No
2019-06-26,Belagavi,14.6,23.4,19.6,47.2,1009.4,25.5,SW,54.3,6.9,0.0,No,No
2019-06-27,Hubballi,14.6,25.4,21.4,52.2,1013.1,19.8,NW,37.0,7.0,0.0,No,No
2019-06-28,Hubballi,9.8,18.5,14.9,56.5,1018.6,26.6,E,58.8,6.2,3.6,Yes,Yes
2019-06-29,Bengaluru,17.9,29.9,23.2,69.4,1008.9,,S,48.6,5.2,6.8,Yes,Yes
2019-06-30,Bengaluru,18.3,26.1,22.2,55.7,1017.8,16.5,E,21.5,7.2,0.0,No,No
2019-07-01,Bengaluru,12.3,21.9,18.8,,1009.0,11.6,N,26.6,8.8,2.8,Yes,No
2019-07-02,Hubballi,18.3,30.9,24.6,73.8,1008.8,13.8,SW,,,12.7,Yes,Yes
2019-07-03,Mysuru,21.2,31.8,25.6,50.3,1017.2,24.7,SE,65.6,3.1,3.9,Yes,Yes
2019-07-04,Bengaluru,9.8,20.1,15.2,59.9,1017.9,15.1,NW,62.5,3.8,8.9,Yes,No
2019-07-05,Mysuru,14.1,24.7,18.5,66.2,1017.6,25.0,SE,75.8,5.6,10.0,Yes,Yes
2019-07-06,Mangaluru,13.5,23.1,18.3,63.5,1006.9,12.4,E,75.2,2.6,19.5,Yes,No
2019-07-07,Belagavi,11.1,21.4,17.5,74.5,1011.2,13.2,SE,46.8,7.2,7.1,Yes,Yes
2019-07-08,Belagavi,19.8,29.1,24.4,67.4,1017.8,,SE,49.1,5.3,2.2,Yes,Yes
2019-07-09,Mysuru,13.9,25.2,20.2,51.6,1014.0,17.4,W,39.5,6.7,0.0,No,Yes
2019-07-10,Hubballi,13.0,22.8,19.8,88.3,1008.5,21.4,W,50.2,6.2,23.0,Yes,Yes
2019-07-11,Belagavi,8.0,16.2,12.7,64.7,1016.3,19.6,SE,23.3,5.5,4.5,Yes,Yes
2019-07-12,Mysuru,16.6,29.6,23.1,60.9,1010.5,16.2,NW,49.1,,6.4,Yes,Yes
2019-07-13,Bengaluru,11.3,20.1,15.5,74.5,1023.1,17.4,NE,35.5,7.1,2.2,Yes,Yes
2019-07-14,Mysuru,17.5,24.9,20.5,66.2,1022.0,16.8,NW,51.0,4.9,4.7,Yes,Yes
2019-07-15,Mangaluru,17.9,27.8,21.3,68.2,1017.4,14.5,W,84.0,4.2,17.3,Yes,Yes
2019-07-16,Mysuru,19.5,29.1,25.5,93.6,1021.3,14.7,S,,3.5,19.2,Yes,Yes
2019-07-17,Bengaluru,11.3,18.5,14.7,60.6,1014.9,22.4,NW,52.2,6.3,0.3,No,No
2019-07-18,Mysuru,0.9,14.0,7.7,,1018.5,11.1,S,62.7,3.1,10.8,Yes,No
2019-07-19,Bengaluru,13.9,24.5,20.4,65.8,1022.2,24.9,NW,55.5,4.9,3.6,Yes,Yes
2019-07-20,Bengaluru,21.7,32.2,26.7,77.5,1016.1,17.2,NW,60.4,3.7,13.1,Yes,Yes
2019-07-21,Mangaluru,19.0,30.3,24.3,46.8,1013.7,15.5,SW,38.3,9.1,2.2,Yes,No
2019-07-22,Mangaluru,14.3,24.0,20.1,41.6,1006.5,21.7,,38.1,5.2,0.0,No,No
2019-07-23,Belagavi,11.2,21.2,17.2,58.3,,24.7,W,33.9,7.0,2.0,Yes,No
2019-07-24,Bengaluru,17.3,27.3,22.2,46.0,1019.4,23.3,NW,56.1,3.3,0.0,No,No
2019-07-25,Bengaluru,10.7,21.1,15.0,60.8,1020.1,21.0,N,23.2,10.0,1.5,Yes,No
2019-07-26,Bengaluru,14.0,25.9,20.6,72.1,1018.0,,SE,,4.8,12.8,Yes,Yes
2019-07-27,Belagavi,17.5,23.9,20.6,55.7,1012.8,12.2,E,26.2,8.0,0.0,No,No
2019-07-28,Hubballi,18.3,27.1,22.7,49.5,1005.7,17.1,SE,59.2,6.8,9.9,Yes,Yes
2019-07-29,Mangaluru,23.7,33.7,29.4,67.6,1013.2,15.6,N,46.7,6.3,19.0,Yes,No
2019-07-30,Mangaluru,13.3,26.0,19.8,77.4,1014.3,24.2,SE,37.5,7.1,0.0,No,Yes
2019-07-31,Bengaluru,12.8,20.3,16.1,46.9,1014.3,17.9,NE,52.5,5.8,0.0,No,Yes
2019-08-01,Belagavi,12.3,24.5,17.9,77.3,1019.1,22.9,NW,69.9,4.9,26.5,Yes,No
2019-08-02,Bengaluru,5.9,15.2,10.8,77.5,1026.0,21.7,N,49.4,5.3,5.1,Yes,No
2019-08-03,Mangaluru,9.2,18.8,15.0,79.4,1016.8,16.2,S,67.6,4.1,12.6,Yes,Yes
2019-08-04,Belagavi,11.7,21.2,16.0,82.8,1015.2,17.4,S,23.8,9.0,1.6,Yes,Yes
2019-08-05,Mysuru,9.6,20.0,15.4,94.8,1015.0,25.0,NE,43.1,6.7,18.6,Yes,Yes
2019-08-06,Mangaluru,14.3,23.6,18.0,64.3,1017.1,16.8,NW,70.1,4.0,22.3,Yes,Yes
2019-08-07,Mysuru,7.9,20.7,14.0,70.1,1012.4,20.4,S,49.7,4.2,1.5,Yes,Yes
2019-08-08,Hubballi,15.7,28.5,21.7,64.0,1017.2,16.9,SW,22.7,9.9,0.0,No,No
2019-08-09,Mysuru,10.3,21.0,17.1,69.2,1018.9,18.8,NE,42.2,5.7,0.0,No,Yes
2019-08-10,Belagavi,13.3,20.6,16.9,87.8,1017.8,19.9,S,46.3,7.3,13.0,Yes,Yes
2019-08-11,Mysuru,9.7,22.3,15.6,,1019.1,17.1,W,43.9,6.6,2.8,Yes,No
2019-08-12,Hubballi,13.1,23.6,17.4,59.5,1019.1,16.4,NW,43.2,4.8,7.2,Yes,Yes
2019-08-13,Mangaluru,15.8,24.0,20.0,86.5,1008.1,21.5,S,62.3,6.3,20.6,Yes,Yes
2019-08-14,Hubballi,8.5,19.3,13.1,82.4,1020.3,17.0,NW,56.9,5.6,23.5,Yes,Yes
2019-08-15,Belagavi,9.7,19.8,13.8,,1013.8,17.2,SW,71.8,5.6,5.5,Yes,Yes
2019-08-16,Mysuru,11.2,19.2,15.2,80.8,1011.7,16.8,SE,63.7,4.5,8.0,Yes,Yes
2019-08-17,Mysuru,4.8,17.5,10.9,74.8,1011.8,20.3,W,61.8,5.7,19.2,Yes,Yes
2019-08-18,Belagavi,7.1,17.2,12.9,88.9,1019.5,24.4,NW,78.0,1.4,17.0,Yes,Yes
2019-08-19,Bengaluru,10.7,19.1,14.2,72.0,1016.3,26.7,N,48.0,5.4,0.0,No,Yes
2019-08-20,Belagavi,14.2,24.9,19.5,83.6,1009.1,17.9,S,39.5,5.2,7.0,Yes,No
2019-08-21,Belagavi,12.6,20.7,17.0,100.0,1020.0,29.4,N,83.1,2.6,22.8,Yes,Yes
2019-08-22,Hubballi,9.7,22.0,16.6,78.8,1010.4,16.8,NW,58.5,5.7,7.6,Yes,Yes
2019-08-23,Hubballi,14.4,25.0,19.1,72.4,1018.4,25.3,N,56.0,4.6,0.0,No,Yes
2019-08-24,Belagavi,11.9,18.5,15.1,80.6,1019.0,18.1,NW,47.7,7.1,4.8,Yes,Yes
2019-08-25,Mangaluru,12.8,21.6,17.1,67.7,1022.3,17.5,NW,42.8,5.4,0.0,No,Yes
2019-08-26,Mysuru,10.8,20.5,15.1,100.0,1026.8,18.1,S,77.7,4.6,21.0,Yes,Yes
2019-08-27,Belagavi,13.4,23.2,16.5,74.5,1011.1,20.9,W,69.6,5.8,0.8,No,Yes
2019-08-28,Bengaluru,8.0,19.6,13.0,69.2,1017.7,23.5,N,64.5,5.8,7.2,Yes,Yes
2019-08-29,Mysuru,-1.1,9.2,5.5,62.6,1016.7,23.9,SW,61.9,4.4,7.3,Yes,Yes
2019-08-30,Mangaluru,8.4,20.1,14.6,86.0,1020.3,17.5,NE,67.9,1.8,11.9,Yes,Yes
2019-08-31,Belagavi,15.1,24.2,20.8,83.3,1019.2,17.3,W,60.3,5.7,16.6,Yes,Yes
2019-09-01,Mangaluru,14.4,22.9,18.7,67.1,1016.5,17.7,SW,49.2,5.7,0.0,No,Yes
2019-09-02,Mysuru,14.9,24.2,18.8,80.1,1016.1,,E,75.2,2.6,9.6,Yes,Yes
2019-09-03,Bengaluru,15.5,23.2,19.9,55.2,1012.7,20.6,NW,41.5,5.9,0.0,No,No
2019-09-04,Mysuru,11.7,21.8,15.2,75.6,1023.3,17.7,NE,60.8,6.7,10.1,Yes,Yes
2019-09-05,Mysuru,12.2,21.9,15.6,79.0,1020.7,22.6,W,44.5,4.9,5.2,Yes,Yes
2019-09-06,Belagavi,7.0,17.1,12.3,94.1,1023.0,30.6,S,,6.2,23.2,Yes,Yes
2019-09-07,Mysuru,7.1,18.4,13.4,64.5,1016.9,19.6,NE,47.3,6.3,0.0,No,No
2019-09-08,Belagavi,13.7,23.6,17.1,58.5,1015.3,19.9,SW,36.3,6.5,0.0,No,No
2019-09-09,Belagavi,15.0,22.6,19.4,63.2,1013.2,23.9,W,62.2,5.6,16.6,Yes,No
2019-09-10,Mangaluru,10.5,17.5,14.0,58.0,1020.4,19.4,NW,28.0,9.6,0.0,No,No
2019-09-11,Bengaluru,8.4,16.9,12.7,90.2,1013.5,24.4,E,62.6,4.4,19.4,Yes,Yes
2019-09-12,Belagavi,8.1,18.9,14.4,92.8,1027.9,18.9,W,64.1,4.4,4.9,Yes,Yes
2019-09-13,Hubballi,13.6,23.7,16.8,78.1,1012.2,29.1,NE,29.1,8.3,0.0,No,Yes
2019-09-14,Mangaluru,3.0,12.2,8.6,89.0,1020.1,23.2,W,54.0,6.6,7.8,Yes,Yes
2019-09-15,Belagavi,1.9,9.3,5.1,76.0,1026.6,19.3,N,59.3,4.9,9.6,Yes,Yes
2019-09-16,Belagavi,7.4,18.4,12.1,73.4,1021.8,19.5,W,60.8,4.6,0.0,No,Yes
2019-09-17,Mangaluru,4.4,15.5,9.3,70.6,1019.7,19.8,S,50.2,3.2,6.3,Yes,Yes
2019-09-18,Mysuru,7.6,17.8,12.2,70.9,1014.0,27.4,N,63.5,3.8,13.1,Yes,Yes
2019-09-19,Belagavi,8.0,17.9,13.6,56.1,1012.0,16.8,W,45.8,4.8,0.0,No,No
2019-09-20,Bengaluru,5.4,15.8,12.3,77.9,1022.7,19.2,NW,56.4,6.1,4.3,Yes,Yes
2019-09-21,Belagavi,15.9,26.9,19.9,74.3,1026.4,19.7,N,58.5,4.8,13.0,Yes,Yes
2019-09-22,Mangaluru,10.0,19.4,15.4,83.8,1016.7,21.9,S,72.4,3.6,18.1,Yes,Yes
2019-09-23,Hubballi,10.9,21.7,15.3,76.0,1013.2,20.9,S,45.3,6.2,4.5,Yes,Yes
2019-09-24,Mangaluru,9.5,23.1,16.5,72.9,1006.7,16.0,SE,46.9,5.0,10.5,Yes,Yes
2019-09-25,Mangaluru,2.7,14.2,9.5,64.5,1014.1,20.4,E,40.8,8.5,0.0,No,No
2019-09-26,Bengaluru,14.8,24.6,18.2,75.8,1018.4,21.6,NW,50.3,7.4,11.9,Yes,Yes
2019-09-27,Mysuru,6.8,17.8,13.7,83.8,1027.0,19.5,W,79.9,5.3,18.7,Yes,Yes
2019-09-28,Bengaluru,10.7,23.3,16.7,61.3,1022.4,24.7,N,,6.0,1.2,Yes,Yes
2019-09-29,Bengaluru,2.7,15.3,9.7,76.0,1020.5,25.7,SW,38.5,6.8,2.9,Yes,Yes
2019-09-30,Belagavi,1.7,11.6,7.8,77.8,1017.0,21.7,N,47.1,8.0,0.0,No,Yes
2019-10-01,Hubballi,13.8,23.4,17.3,66.4,1016.1,22.9,W,57.1,4.4,0.0,No,Yes
2019-10-02,Mangaluru,9.5,22.2,15.5,67.9,1026.0,13.4,NW,38.6,5.7,0.0,No,Yes
2019-10-03,Bengaluru,4.5,15.7,10.4,77.8,1020.0,20.3,S,45.2,5.5,3.4,Yes,Yes
2019-10-04,Bengaluru,6.9,16.6,10.5,61.4,,26.0,S,69.7,4.8,15.3,Yes,Yes
2019-10-05,Mysuru,12.5,24.7,18.5,79.2,1015.6,20.3,W,47.5,5.1,12.3,Yes,Yes
2019-10-06,Mysuru,3.6,15.4,9.3,64.2,,19.0,W,65.0,4.4,7.4,Yes,Yes
2019-10-07,Hubballi,13.6,25.4,20.6,87.7,1016.2,31.1,NE,78.9,1.5,24.5,Yes,Yes
2019-10-08,Mangaluru,5.0,16.4,10.5,100.0,1021.8,29.2,N,54.0,,7.6,Yes,Yes
2019-10-09,Bengaluru,12.0,21.8,16.6,64.5,1018.4,23.8,N,37.5,5.1,4.5,Yes,Yes
2019-10-10,Belagavi,6.0,17.4,12.8,81.2,1018.5,26.5,S,,4.4,3.1,Yes,Yes
2019-10-11,Mysuru,11.0,20.2,16.5,66.1,1025.5,13.0,SW,35.1,8.5,2.6,Yes,Yes
2019-10-12,Bengaluru,7.6,18.6,12.0,87.2,1015.4,18.8,SW,61.7,6.3,13.2,Yes,Yes
2019-10-13,Belagavi,10.4,18.2,13.5,59.5,1028.2,20.0,N,45.7,6.6,0.0,No,No
2019-10-14,Bengaluru,8.3,18.3,14.4,80.4,1015.5,20.9,E,62.6,5.1,15.4,Yes,Yes
2019-10-15,Hubballi,6.7,14.2,10.2,64.1,1019.3,19.9,SE,71.6,3.4,10.9,Yes,Yes
2019-10-16,Hubballi,10.5,21.2,17.2,72.0,1017.4,11.6,S,66.1,3.6,5.5,Yes,Yes
2019-10-17,Belagavi,5.4,15.3,12.3,62.1,1019.4,23.4,S,57.2,4.8,0.0,No,Yes
2019-10-18,Mysuru,9.5,18.2,13.4,84.2,1021.0,24.0,N,29.2,5.8,0.9,No,No
2019-10-19,Hubballi,7.0,17.0,10.4,64.2,1020.9,28.2,W,57.3,5.5,0.0,No,No
2019-10-20,Mysuru,-1.2,7.3,4.2,,1014.9,18.6,SW,83.2,3.1,2.4,Yes,Yes
2019-10-21,Belagavi,9.9,20.5,13.7,70.0,1013.0,18.2,SE,7.8,8.2,2.5,Yes,Yes
2019-10-22,Belagavi,19.0,27.9,24.2,72.7,1031.1,11.0,SE,64.4,6.5,0.0,No,No
2019-10-23,Bengaluru,13.1,23.6,17.7,75.7,1016.2,20.5,SW,52.9,6.3,17.8,Yes,No
2019-10-24,Belagavi,8.4,20.7,14.5,64.7,1022.0,25.2,S,38.1,7.7,5.0,Yes,No
2019-10-25,Bengaluru,6.6,19.6,13.6,76.3,1010.5,19.1,S,67.5,3.8,22.2,Yes,Yes
2019-10-26,Mysuru,10.0,19.2,14.8,92.0,1017.1,30.1,NW,87.4,2.7,16.8,Yes,Yes
2019-10-27,Bengaluru,11.2,22.8,17.0,64.2,1017.8,20.5,NW,62.3,5.6,0.0,No,No
2019-10-28,Mysuru,5.8,15.0,10.1,87.5,1020.7,22.1,S,54.4,5.6,2.9,Yes,Yes
2019-10-29,Hubballi,12.9,23.0,19.4,91.3,1004.7,16.0,E,47.4,8.0,12.7,Yes,Yes
2019-10-30,Mysuru,14.7,21.6,17.8,63.4,1019.1,22.5,N,52.5,5.4,0.0,No,No
2019-10-31,Mangaluru,12.9,21.0,17.9,55.6,1012.5,13.4,E,60.3,4.4,0.1,No,Yes
2019-11-01,Bengaluru,13.2,21.2,16.9,76.5,1019.8,24.1,S,,6.6,3.6,Yes,No
2019-11-02,Hubballi,11.6,21.2,15.3,,1012.9,24.2,SE,,4.6,0.0,No,No
2019-11-03,Mysuru,12.8,24.8,18.0,95.1,1013.8,26.7,N,100.0,2.8,20.0,Yes,Yes
2019-11-04,Belagavi,13.5,21.2,17.7,,1016.6,17.1,N,70.3,2.6,8.6,Yes,Yes
2019-11-05,Bengaluru,9.2,18.4,14.0,62.7,1012.7,21.8,SW,67.3,5.2,9.3,Yes,Yes
2019-11-06,Mysuru,9.0,16.9,13.2,58.4,1015.5,23.3,S,26.5,7.0,0.0,No,Yes
2019-11-07,Hubballi,11.2,22.0,16.0,85.1,1011.9,22.8,S,48.4,6.5,12.4,Yes,Yes
2019-11-08,Belagavi,17.7,28.5,21.9,65.0,1008.6,17.5,S,52.1,6.7,6.6,Yes,Yes
2019-11-09,Bengaluru,4.6,14.2,10.8,72.3,1022.8,11.3,NW,38.9,6.9,0.0,No,No
2019-11-10,Hubballi,4.7,16.6,10.0,83.0,1011.2,22.2,S,82.2,1.7,14.7,Yes,Yes
2019-11-11,Belagavi,12.9,20.7,16.6,65.6,1016.7,20.2,W,72.4,2.9,0.0,No,Yes
2019-11-12,Mangaluru,13.2,20.1,16.2,70.7,1021.3,18.5,W,45.3,5.4,11.2,Yes,Yes
2019-11-13,Belagavi,13.7,20.0,16.8,70.9,1014.4,23.7,S,80.1,1.1,16.3,Yes,Yes
2019-11-14,Bengaluru,12.5,20.5,17.2,79.1,1013.2,20.5,NW,56.6,6.6,16.0,Yes,Yes
2019-11-15,Mangaluru,11.1,18.7,15.4,77.8,1018.4,15.3,W,95.0,2.2,16.6,Yes,Yes
2019-11-16,Mysuru,18.3,27.1,22.3,67.9,1022.8,12.8,S,54.3,4.1,0.7,No,No
2019-11-17,Mangaluru,4.6,15.7,10.1,71.1,1011.3,15.9,N,62.1,6.6,12.3,Yes,Yes
2019-11-18,Mangaluru,7.0,17.0,13.3,65.7,1016.3,30.0,E,72.3,3.1,0.0,No,Yes
2019-11-19,Mangaluru,13.0,20.1,16.3,52.2,1008.3,23.2,NW,65.1,4.9,0.0,No,No
2019-11-20,Belagavi,6.8,13.9,10.2,72.9,1014.9,21.0,SE,61.8,3.9,3.6,Yes,Yes
2019-11-21,Mangaluru,11.7,22.4,16.2,92.3,1017.0,19.5,W,59.8,2.6,11.2,Yes,Yes
2019-11-22,Mangaluru,18.9,27.2,23.6,58.8,1012.5,19.1,S,56.2,,0.0,No,Yes
2019-11-23,Mysuru,12.6,20.5,17.2,59.9,1014.4,24.7,SE,,6.4,0.0,No,No
2019-11-24,Mangaluru,12.6,21.3,18.1,58.5,1009.5,18.0,SW,50.7,6.9,3.3,Yes,Yes
2019-11-25,Belagavi,8.9,15.4,12.3,77.5,1016.9,22.2,N,39.3,7.1,12.0,Yes,Yes
2019-11-26,Hubballi,10.0,20.2,15.0,73.9,1021.7,18.5,SE,27.9,7.8,12.5,Yes,Yes
2019-11-27,Hubballi,9.8,19.4,16.1,66.4,1010.8,27.5,N,52.3,,0.0,No,Yes
2019-11-28,Belagavi,9.7,20.3,16.4,57.1,1013.1,22.7,NE,66.8,6.0,5.8,Yes,Yes
2019-11-29,Belagavi,17.7,29.2,22.9,69.0,1018.7,24.6,E,,4.7,7.6,Yes,Yes
2019-11-30,Mangaluru,16.6,27.0,20.1,48.9,1022.1,17.2,NE,43.3,6.2,0.0,No,No
2019-12-01,Belagavi,7.7,20.0,13.6,69.2,1008.5,23.7,N,78.9,4.8,7.5,Yes,No
2019-12-02,Mangaluru,12.9,26.0,19.1,77.7,1015.0,18.2,W,47.5,7.5,1.0,Yes,Yes
2019-12-03,Bengaluru,16.5,25.9,20.3,52.0,1017.2,19.8,SW,17.0,10.0,0.0,No,No
2019-12-04,Mysuru,17.2,29.9,22.9,48.4,1015.2,25.8,NW,11.6,8.7,0.0,No,No
2019-12-05,Mysuru,18.1,29.8,24.8,85.5,1003.2,,NE,41.5,5.3,13.4,Yes,Yes
2019-12-06,Mysuru,8.7,20.8,14.6,59.0,1018.0,19.9,N,60.8,6.1,0.6,No,No
2019-12-07,Bengaluru,10.9,22.4,15.5,79.7,1023.0,20.8,NW,47.4,4.4,4.8,Yes,Yes
2019-12-08,Mysuru,9.1,19.7,13.9,64.0,1015.9,21.0,NE,57.5,7.5,0.0,No,Yes
2019-12-09,Mangaluru,14.8,24.9,18.1,63.7,1010.1,17.1,N,75.2,3.8,11.4,Yes,Yes
2019-12-10,Hubballi,15.9,25.0,21.0,70.6,1012.6,27.1,E,36.7,5.7,0.0,No,Yes
2019-12-11,Mysuru,17.0,27.4,23.2,54.5,1023.9,13.5,SW,54.0,4.0,0.0,No,No
2019-12-12,Mysuru,12.2,23.7,19.1,66.5,1019.5,24.5,E,59.7,3.5,11.9,Yes,Yes
2019-12-13,Mangaluru,13.7,23.1,18.3,60.1,1018.1,23.4,NW,36.1,7.2,0.0,No,No
2019-12-14,Mangaluru,15.5,26.9,20.3,48.5,1016.5,26.1,E,64.7,4.6,1.9,Yes,Yes
2019-12-15,Mysuru,13.2,23.0,16.5,68.2,1011.3,12.0,N,48.0,4.5,9.7,Yes,Yes
2019-12-16,Belagavi,22.2,33.9,28.3,60.7,1013.6,14.8,SE,,5.9,0.0,No,No
2019-12-17,Bengaluru,7.8,17.6,13.6,61.8,1014.1,24.2,NE,81.4,1.6,20.1,Yes,Yes
2019-12-18,Hubballi,16.3,24.9,20.9,48.9,1017.1,10.6,W,52.4,6.3,0.0,No,Yes
2019-12-19,Hubballi,22.6,33.9,28.4,82.2,1021.8,11.6,NW,71.8,4.0,16.7,Yes,Yes
2019-12-20,Bengaluru,15.0,25.5,20.5,73.4,1019.7,16.0,NW,74.7,3.3,14.4,Yes,Yes
2019-12-21,Mysuru,13.8,23.9,19.8,74.2,1007.0,18.6,NE,44.9,,2.5,Yes,Yes
2019-12-22,Mysuru,15.0,23.0,19.3,58.7,1015.1,24.2,NE,67.2,4.0,10.8,Yes,Yes
2019-12-23,Mysuru,14.5,26.0,20.1,41.4,1017.5,17.0,SW,34.0,6.7,0.0,No,No
2019-12-24,Mysuru,21.0,32.7,26.5,85.3,1016.8,15.2,NE,51.0,6.1,20.6,Yes,Yes
2019-12-25,Mysuru,8.9,16.3,12.3,,1010.5,18.8,E,45.3,6.4,3.0,Yes,No
2019-12-26,Hubballi,23.3,32.1,27.4,52.4,1028.1,19.3,SE,36.6,7.9,0.0,No,No
2019-12-27,Mysuru,9.3,21.6,15.7,66.1,1007.1,19.1,NE,63.8,4.1,6.6,Yes,Yes
2019-12-28,Mangaluru,16.9,25.4,20.5,74.8,1007.9,16.6,SE,58.9,2.9,0.8,No,Yes
2019-12-29,Belagavi,15.5,26.8,20.0,60.3,1014.4,9.4,NW,41.8,7.7,0.0,No,No
2019-12-30,Mysuru,20.3,27.7,24.2,75.7,1023.7,13.4,N,65.4,3.4,5.1,Yes,Yes
2019-12-31,Mangaluru,12.0,22.0,15.6,73.1,1008.8,22.7,N,50.1,4.5,9.6,Yes,Yes
2020-01-01,Hubballi,20.4,28.2,24.0,46.8,1011.6,17.7,SW,38.8,6.7,0.0,No,Yes
2020-01-02,Mangaluru,26.0,36.1,30.4,51.4,1018.2,15.5,NE,46.3,6.5,0.0,No,No
2020-01-03,Bengaluru,10.7,21.0,17.0,70.7,1012.6,21.2,S,60.2,4.3,11.7,Yes,Yes
2020-01-04,Bengaluru,16.4,30.2,23.3,26.4,1010.9,12.1,NW,41.4,5.9,0.0,No,No
2020-01-05,Mangaluru,14.8,23.2,20.0,56.9,1015.3,15.7,SW,42.3,6.0,0.0,No,No
2020-01-06,Mysuru,19.0,29.6,24.5,41.3,1013.7,17.0,E,54.2,7.2,0.2,No,No
2020-01-07,Mysuru,16.9,29.7,23.0,52.5,1017.4,,SW,42.7,6.4,0.0,No,No
2020-01-08,Mysuru,14.9,25.4,20.5,54.4,1018.6,,NE,36.9,5.8,0.0,No,No
2020-01-09,Mangaluru,18.8,31.5,25.2,53.4,1013.6,15.5,E,24.3,6.8,0.0,No,No
2020-01-10,Bengaluru,24.1,37.4,30.6,50.8,1013.4,10.5,NE,60.1,4.7,9.8,Yes,Yes
2020-01-11,Bengaluru,17.2,26.0,22.7,44.0,1012.9,16.8,NW,42.8,6.7,0.0,No,No
2020-01-12,Hubballi,21.4,31.5,26.5,84.4,1014.2,10.7,E,61.9,5.4,3.6,Yes,Yes
2020-01-13,Bengaluru,14.0,24.3,18.6,79.1,1011.9,16.6,W,72.3,4.1,16.7,Yes,Yes
2020-01-14,Bengaluru,15.2,26.4,20.1,42.5,1011.6,21.3,S,34.8,,0.0,No,Yes
2020-01-15,Belagavi,21.5,29.6,25.9,75.2,1017.5,14.6,NW,34.4,6.6,8.7,Yes,No
2020-01-16,Bengaluru,25.4,35.4,30.1,51.1,1018.9,11.0,S,46.5,7.0,0.0,No,No
2020-01-17,Mangaluru,19.1,29.4,25.7,57.2,1003.7,15.1,NW,52.5,4.2,5.2,Yes,Yes
2020-01-18,Mysuru,16.3,29.2,23.2,54.7,1011.2,12.1,SW,42.9,5.9,0.0,No,No
2020-01-19,Mangaluru,20.1,28.7,24.6,47.3,1007.6,17.8,N,66.0,5.2,7.0,Yes,Yes
2020-01-20,Mysuru,15.8,23.8,19.7,66.7,1009.4,14.7,SW,14.4,9.8,0.0,No,No
2020-01-21,Mysuru,23.9,33.3,27.2,56.2,1012.9,22.1,NE,64.3,4.4,0.0,No,Yes
2020-01-22,Hubballi,22.1,34.9,28.5,48.7,1014.1,19.8,S,56.4,4.8,0.0,No,Yes
2020-01-23,Bengaluru,16.8,27.6,23.3,38.6,1010.1,14.5,S,47.3,4.5,0.0,No,Yes
2020-01-24,Hubballi,18.5,28.3,23.3,43.3,1001.0,17.9,SW,0.0,10.6,0.0,No,No
2020-01-25,Mysuru,21.2,32.2,26.4,34.0,1005.7,13.3,NE,57.9,6.8,9.1,Yes,Yes
2020-01-26,Belagavi,17.8,29.7,23.7,53.7,1014.9,15.0,NW,31.1,10.5,0.0,No,No
2020-01-27,Belagavi,20.8,31.4,25.3,38.9,996.6,13.3,SW,33.0,7.7,0.0,No,Yes
2020-01-28,Hubballi,30.3,38.7,34.1,49.9,1016.2,17.7,W,42.4,6.4,0.0,No,No
2020-01-29,Hubballi,21.4,30.0,24.8,,,20.3,SW,58.8,4.0,4.4,Yes,Yes
2020-01-30,Bengaluru,20.6,28.0,24.5,67.0,1016.6,17.7,SW,61.4,2.6,12.6,Yes,Yes
2020-01-31,Hubballi,17.9,30.3,23.5,52.0,1009.0,18.1,NE,59.2,5.3,0.0,No,Yes
2020-02-01,Hubballi,24.8,35.0,29.2,51.1,999.6,18.1,N,57.7,8.0,9.2,Yes,Yes
2020-02-02,Mangaluru,19.1,30.1,25.6,74.5,1011.9,16.5,S,58.6,6.6,10.1,Yes,Yes
2020-02-03,Hubballi,20.5,28.4,23.8,58.0,1016.1,,E,54.4,6.8,0.0,No,No
2020-02-04,Hubballi,27.2,35.2,31.8,47.6,1014.2,21.0,NE,27.7,8.0,0.0,No,No
2020-02-05,Mangaluru,28.3,37.1,32.3,34.2,1006.2,21.3,NW,27.4,8.1,0.0,No,No
2020-02-06,Mysuru,17.8,30.0,24.4,55.8,1009.9,13.1,NW,60.8,2.0,4.7,Yes,Yes
2020-02-07,Mysuru,13.2,26.2,19.4,60.8,1006.7,12.5,NE,61.9,5.8,8.1,Yes,Yes
2020-02-08,Mangaluru,24.1,36.6,31.0,43.1,1005.2,16.3,NE,,4.9,0.0,No,Yes
2020-02-09,Bengaluru,20.9,29.9,24.3,54.0,1014.0,16.0,SW,38.9,5.9,3.3,Yes,No
2020-02-10,Hubballi,24.2,36.5,30.3,45.9,1003.1,13.0,SW,57.0,4.9,8.8,Yes,Yes
2020-02-11,Bengaluru,15.9,24.4,19.4,47.9,1004.6,8.7,NE,26.7,7.3,0.0,No,No
2020-02-12,Belagavi,27.3,34.1,31.0,20.0,1003.4,14.9,S,49.2,5.0,0.0,No,No
2020-02-13,Bengaluru,19.5,29.2,22.6,47.0,1001.4,15.8,E,39.9,6.7,7.8,Yes,Yes
2020-02-14,Hubballi,25.7,35.1,30.5,61.1,1009.5,16.4,N,74.7,3.1,2.9,Yes,Yes
2020-02-15,Mysuru,24.2,34.7,27.7,41.8,1014.5,14.8,SE,18.9,8.5,0.0,No,No
2020-02-16,Hubballi,19.6,28.6,24.0,49.8,1007.7,12.3,S,71.4,2.3,2.3,Yes,Yes
2020-02-17,Hubballi,22.1,31.9,26.3,39.9,1001.1,17.3,S,35.5,6.8,6.5,Yes,Yes
2020-02-18,Hubballi,23.8,35.6,30.7,53.1,1012.7,13.5,W,40.6,5.3,0.0,No,No
2020-02-19,Bengaluru,22.9,32.4,28.5,46.0,1016.9,11.4,SE,46.3,5.4,2.0,Yes,No
2020-02-20,Mysuru,25.8,37.2,30.5,37.2,1005.2,12.4,SE,29.4,7.7,0.0,No,No
2020-02-21,Mysuru,29.6,41.7,36.1,64.3,1005.9,6.1,NE,49.6,3.9,0.0,No,No
2020-02-22,Bengaluru,18.8,26.9,22.1,59.3,1010.8,12.3,E,37.7,5.9,0.0,No,Yes
2020-02-23,Bengaluru,30.5,38.5,34.9,40.7,1016.3,15.7,S,30.8,8.1,0.0,No,No
2020-02-24,Bengaluru,23.8,35.9,28.9,53.8,1005.5,14.3,S,53.8,3.8,0.5,No,No
2020-02-25,Belagavi,21.8,31.6,25.0,54.1,1001.4,19.0,N,33.1,9.4,4.7,Yes,Yes
2020-02-26,Belagavi,19.7,28.0,23.3,55.2,1011.2,11.8,SE,35.6,8.5,0.0,No,Yes
2020-02-27,Hubballi,21.4,31.7,28.0,27.1,1012.0,14.7,SE,15.2,8.1,0.0,No,No
2020-02-28,Belagavi,28.8,35.6,32.5,59.3,1007.9,15.9,S,41.2,5.6,4.7,Yes,Yes
2020-02-29,Bengaluru,21.7,32.0,28.4,40.3,1005.1,22.1,SE,60.8,5.2,0.0,No,Yes
2020-03-01,Bengaluru,31.6,40.1,35.0,42.7,1012.8,13.2,NE,29.4,5.8,0.0,No,No
2020-03-02,Bengaluru,16.6,29.5,23.2,78.5,1010.4,8.4,N,45.4,3.8,17.5,Yes,Yes
2020-03-03,Mysuru,24.2,33.5,29.0,50.4,1003.9,16.0,S,48.1,5.4,12.2,Yes,Yes
2020-03-04,Mysuru,18.8,28.9,24.1,42.0,1007.9,20.0,SW,36.2,6.8,0.0,No,No
2020-03-05,Belagavi,26.5,35.5,30.6,20.0,1000.8,11.2,NW,66.4,4.6,0.2,No,No
2020-03-06,Mangaluru,28.7,35.9,32.8,63.1,1011.0,15.8,N,47.8,5.3,0.0,No,No
2020-03-07,Mangaluru,22.7,31.3,27.6,30.2,1006.2,17.3,SW,42.1,8.0,0.0,No,No
2020-03-08,Bengaluru,14.5,24.0,18.9,34.1,1005.3,16.5,W,52.8,3.8,0.0,No,No
2020-03-09,Mysuru,26.9,34.3,30.2,42.1,1007.3,12.9,NE,55.7,4.0,0.0,No,Yes
2020-03-10,Hubballi,26.8,36.3,31.2,63.0,1007.6,9.5,N,53.7,6.1,6.5,Yes,Yes
2020-03-11,Belagavi,27.1,34.6,31.1,55.2,1011.8,12.0,SW,44.7,4.9,0.9,No,Yes
2020-03-12,Mysuru,28.1,40.7,34.5,43.9,1010.3,14.1,SE,,2.5,0.0,No,Yes
2020-03-13,Bengaluru,19.0,31.5,25.3,49.4,1006.5,15.9,S,43.3,6.5,5.5,Yes,Yes
2020-03-14,Bengaluru,28.8,38.0,32.4,38.5,1011.1,13.6,N,33.8,5.9,0.0,No,Yes
2020-03-15,Mangaluru,28.5,39.6,34.5,47.3,1009.2,10.7,NW,34.2,7.0,0.0,No,No
2020-03-16,Bengaluru,17.8,27.2,22.6,46.4,1005.1,14.4,NW,17.7,7.7,0.0,No,No
2020-03-17,Bengaluru,24.6,36.8,31.0,57.1,1006.6,15.6,NW,60.2,4.0,0.0,No,Yes
2020-03-18,Hubballi,23.7,33.9,27.8,57.0,1006.4,13.6,E,12.6,6.4,0.0,No,No
2020-03-19,Belagavi,26.1,35.7,29.5,51.3,1009.7,8.8,S,45.4,6.4,0.0,No,No
2020-03-20,Hubballi,25.0,35.6,31.2,40.9,1005.3,11.4,N,38.3,5.3,1.2,Yes,Yes
2020-03-21,Mangaluru,21.5,31.7,27.9,54.1,1005.1,15.9,S,80.3,3.1,18.1,Yes,Yes
2020-03-22,Mysuru,20.8,31.6,27.2,44.1,1016.9,6.5,SW,15.2,8.1,0.0,No,No
2020-03-23,Mangaluru,25.7,33.1,30.1,32.2,1011.8,3.7,N,24.4,7.7,0.0,No,No
2020-03-24,Bengaluru,22.5,30.3,25.6,40.3,1003.2,18.1,N,39.1,6.6,0.0,No,No
2020-03-25,Belagavi,22.1,29.7,25.6,46.1,1009.9,14.1,SE,40.5,6.9,0.0,No,No
2020-03-26,Bengaluru,26.0,38.8,32.7,56.0,1007.6,14.4,NW,39.2,5.9,6.4,Yes,No
2020-03-27,Belagavi,20.9,31.1,25.4,42.8,1009.0,7.7,NW,40.9,8.1,0.0,No,No
2020-03-28,Belagavi,26.1,35.8,32.7,30.5,1007.7,15.0,N,18.3,6.3,0.0,No,No
2020-03-29,Belagavi,24.9,35.4,31.8,45.7,1013.0,13.1,NW,48.6,5.7,0.0,No,No
2020-03-30,Mysuru,18.5,28.3,23.1,46.4,1008.7,5.7,E,8.7,10.3,0.0,No,No
2020-03-31,Mangaluru,21.2,32.8,27.3,47.2,1006.7,17.7,SE,43.5,6.9,2.9,Yes,Yes
2020-04-01,Mysuru,31.1,40.9,34.8,56.0,1012.2,12.6,E,38.4,5.6,0.4,No,No
2020-04-02,Mysuru,21.5,32.9,26.1,57.2,1008.2,10.4,SW,63.1,3.8,9.8,Yes,No
2020-04-03,Mysuru,22.3,33.9,28.1,37.9,1007.6,10.5,E,,3.3,1.4,Yes,Yes
2020-04-04,Hubballi,28.0,37.0,31.8,37.6,1008.6,3.9,W,35.1,7.8,0.0,No,No
2020-04-05,Hubballi,28.8,37.8,33.1,32.6,1006.6,14.4,NE,58.9,4.2,0.0,No,Yes
2020-04-06,Hubballi,23.7,34.9,29.0,53.5,1007.1,13.1,E,41.6,6.8,0.0,No,Yes
2020-04-07,Mysuru,21.8,34.3,27.6,62.5,1004.1,11.3,N,35.5,7.4,7.1,Yes,Yes
2020-04-08,Bengaluru,31.2,40.3,35.6,41.3,1003.3,17.2,S,67.7,7.2,5.7,Yes,Yes
2020-04-09,Hubballi,32.4,42.2,36.9,42.3,1002.1,6.5,NW,49.7,6.2,0.0,No,No
2020-04-10,Hubballi,30.4,37.6,33.8,62.8,1000.1,9.7,SE,50.2,4.8,11.1,Yes,Yes
2020-04-11,Mysuru,23.3,36.6,30.2,51.3,1002.7,8.7,SE,55.8,3.6,5.8,Yes,Yes
2020-04-12,Mangaluru,21.2,32.5,26.6,50.5,1006.2,11.0,SE,49.3,5.6,4.6,Yes,Yes
2020-04-13,Bengaluru,21.4,30.9,26.5,31.1,1007.7,12.4,S,36.4,6.8,0.0,No,Yes
2020-04-14,Belagavi,28.0,38.4,31.9,,1005.8,13.9,NW,26.5,5.1,1.4,Yes,No
2020-04-15,Belagavi,26.5,38.3,31.4,34.3,995.4,10.8,E,34.7,6.3,0.0,No,No
2020-04-16,Bengaluru,30.5,39.5,35.3,31.9,1015.1,8.7,SW,47.1,6.4,0.0,No,No
2020-04-17,Mysuru,28.2,36.0,32.3,41.5,1012.7,18.9,W,39.7,6.0,0.0,No,Yes
2020-04-18,Mangaluru,18.8,29.9,23.6,38.7,1009.5,21.9,NE,54.0,6.7,0.0,No,No
2020-04-19,Mangaluru,30.0,39.1,33.8,43.1,1016.8,12.8,N,48.0,4.1,0.0,No,Yes
2020-04-20,Belagavi,19.7,32.1,25.6,28.6,1002.5,9.3,SW,,8.9,0.0,No,No
2020-04-21,Mangaluru,21.3,32.4,28.0,57.4,1016.8,18.2,SE,28.2,8.7,7.1,Yes,Yes
2020-04-22,Belagavi,27.4,35.8,30.5,59.6,1002.6,6.6,N,46.5,7.3,8.3,Yes,Yes
2020-04-23,Hubballi,32.2,42.7,37.4,22.8,1008.6,11.0,NW,26.2,5.9,0.0,No,No
2020-04-24,Mysuru,35.9,45.5,41.8,58.0,,9.6,E,53.2,5.9,11.5,Yes,Yes
2020-04-25,Mangaluru,25.1,38.7,31.7,36.6,1007.6,7.8,W,28.9,6.8,0.0,No,No
2020-04-26,Mysuru,24.1,34.2,28.5,56.7,1009.5,11.4,NW,38.5,5.1,4.7,Yes,Yes
2020-04-27,Hubballi,24.7,37.0,31.3,45.7,1006.8,9.1,SW,59.1,4.6,6.9,Yes,Yes
2020-04-28,Bengaluru,26.4,36.8,32.7,47.0,1011.2,12.6,W,46.0,5.1,4.4,Yes,Yes
2020-04-29,Bengaluru,22.7,33.4,27.8,44.6,1008.2,12.7,NE,32.3,,0.0,No,No
2020-04-30,Bengaluru,32.1,42.5,36.2,61.5,1005.2,10.2,W,49.8,6.5,0.0,No,Yes
2020-05-01,Belagavi,24.2,36.1,29.8,32.2,1005.0,11.2,NW,58.6,3.7,0.0,No,No
2020-05-02,Belagavi,26.8,37.5,30.8,54.5,1011.9,11.8,SE,51.2,4.9,0.0,No,Yes
2020-05-03,Bengaluru,27.0,35.0,31.4,60.5,1004.7,16.0,W,58.1,4.7,17.3,Yes,Yes
2020-05-04,Hubballi,25.5,34.1,30.4,56.0,1012.6,12.2,E,36.1,6.9,10.2,Yes,Yes
2020-05-05,Belagavi,27.0,37.8,32.0,75.5,1014.2,16.2,SW,70.6,5.3,13.9,Yes,Yes
2020-05-06,Bengaluru,22.3,32.3,26.1,41.4,999.8,15.3,NE,76.3,4.5,7.2,Yes,Yes
2020-05-07,Mysuru,20.5,31.9,26.2,59.4,1013.8,15.2,SW,36.9,7.0,0.0,No,Yes
2020-05-08,Bengaluru,17.0,27.5,24.0,46.8,1018.5,18.6,SE,26.0,7.5,0.0,No,No
2020-05-09,Bengaluru,26.1,35.4,30.1,63.0,1009.5,8.6,E,52.8,3.5,18.0,Yes,Yes
2020-05-10,Mysuru,26.1,37.3,31.3,,1011.3,,N,57.4,6.8,10.9,Yes,Yes
2020-05-11,Belagavi,25.1,33.5,30.0,43.9,1013.6,20.2,SW,41.2,6.0,0.5,No,No
2020-05-12,Mysuru,30.5,38.0,34.7,64.4,1007.1,12.2,S,34.9,9.0,8.6,Yes,Yes
2020-05-13,Belagavi,23.2,31.9,27.9,43.0,1009.5,2.0,SE,40.6,6.9,0.0,No,No
2020-05-14,Hubballi,24.6,33.9,30.5,32.1,1002.0,12.5,NE,46.8,8.5,0.0,No,No
2020-05-15,Belagavi,18.7,27.0,23.4,43.0,1009.4,13.9,NE,36.1,7.7,0.0,No,No
2020-05-16,Mangaluru,21.1,29.9,26.1,56.8,1011.3,3.0,S,56.8,3.5,2.9,Yes,Yes
2020-05-17,Belagavi,25.4,35.5,30.3,66.3,1011.4,18.9,S,69.0,3.5,11.9,Yes,Yes
2020-05-18,Mangaluru,25.6,34.5,30.9,51.1,,10.7,E,49.0,5.7,0.0,No,Yes
2020-05-19,Belagavi,22.0,31.6,26.2,65.8,1005.1,15.0,S,50.9,4.7,6.2,Yes,Yes
2020-05-20,Mysuru,21.9,31.1,27.0,33.9,1006.4,12.8,SE,51.0,5.3,0.0,No,Yes
2020-05-21,Belagavi,17.5,25.3,21.1,45.0,1018.6,8.6,SW,,5.8,0.0,No,No
2020-05-22,Bengaluru,19.6,32.5,25.6,47.1,1008.5,9.6,S,29.5,7.5,0.0,No,Yes
2020-05-23,Belagavi,27.1,36.7,30.5,49.4,1010.3,10.2,SE,40.8,6.9,0.0,No,Yes
2020-05-24,Mysuru,23.0,33.8,29.1,52.0,1009.0,18.3,N,38.4,5.6,0.0,No,Yes
2020-05-25,Mysuru,22.4,33.5,28.7,59.5,1005.4,13.5,S,36.7,9.3,10.9,Yes,No
2020-05-26,Belagavi,23.7,30.3,26.8,46.0,1017.7,12.0,N,70.9,4.2,0.0,No,Yes
2020-05-27,Belagavi,20.2,32.9,26.5,53.3,1007.0,10.5,W,78.9,2.4,11.9,Yes,Yes
2020-05-28,Belagavi,18.1,26.7,23.7,51.3,1004.1,19.1,SW,40.2,4.7,0.0,No,Yes
2020-05-29,Hubballi,25.7,32.6,29.1,40.9,1007.6,20.2,NE,42.7,6.5,0.0,No,No
2020-05-30,Mangaluru,20.8,33.0,27.8,50.9,999.9,19.2,SW,42.5,,3.2,Yes,Yes
2020-05-31,Belagavi,22.5,31.7,28.0,50.7,1006.7,16.5,W,61.9,5.8,5.5,Yes,Yes
2020-06-01,Belagavi,19.2,29.3,23.8,50.7,1005.2,15.7,S,64.9,4.4,6.7,Yes,Yes
2020-06-02,Mangaluru,10.6,20.2,17.2,53.3,1013.3,9.8,NE,19.7,6.9,0.0,No,No
2020-06-03,Bengaluru,26.9,33.4,30.0,54.0,1006.9,13.7,SW,53.8,7.5,0.0,No,No
2020-06-04,Hubballi,17.8,29.7,23.6,48.2,1014.8,12.1,N,24.7,8.5,0.0,No,Yes
2020-06-05,Hubballi,18.4,27.3,22.0,68.9,1017.4,7.6,NE,78.9,3.1,10.5,Yes,Yes
2020-06-06,Bengaluru,22.9,31.1,28.1,39.8,1014.4,19.2,N,47.5,6.2,0.0,No,No
2020-06-07,Mangaluru,20.2,27.4,23.6,45.4,1009.6,12.2,E,30.8,8.0,0.0,No,No
2020-06-08,Mangaluru,23.6,33.2,29.3,87.7,1011.4,19.9,SW,56.4,3.6,18.1,Yes,Yes
2020-06-09,Mysuru,22.5,33.8,27.4,42.1,1003.2,18.7,SW,37.5,7.1,0.0,No,Yes
2020-06-10,Mangaluru,24.5,32.8,27.5,38.5,1010.2,17.5,N,48.3,5.4,0.0,No,No
2020-06-11,Hubballi,15.9,24.4,19.2,63.8,1006.7,17.8,NW,66.2,5.1,7.4,Yes,No
2020-06-12,Mysuru,23.6,32.7,29.4,30.4,1014.6,13.0,E,19.9,7.5,0.0,No,No
2020-06-13,Belagavi,20.8,31.1,25.4,52.7,1024.1,22.9,NE,73.7,3.1,1.6,Yes,No
2020-06-14,Belagavi,17.1,26.4,22.8,81.5,,15.8,N,81.7,5.2,24.1,Yes,Yes
2020-06-15,Belagavi,20.1,29.8,24.7,37.5,1001.5,16.9,E,26.9,9.2,0.0,No,No
2020-06-16,Mysuru,12.4,22.3,16.9,32.5,1009.7,13.2,N,39.1,2.8,0.0,No,No
2020-06-17,Hubballi,19.1,31.9,25.5,38.5,1012.2,12.1,SE,66.1,5.9,3.5,Yes,No
2020-06-18,Mangaluru,13.2,25.8,19.6,67.5,1012.1,17.8,SW,70.5,4.0,7.9,Yes,Yes
2020-06-19,Mysuru,11.5,21.9,18.2,70.5,1008.2,16.9,SE,48.2,5.1,11.2,Yes,Yes
2020-06-20,Hubballi,11.1,24.0,17.4,51.1,1013.1,12.9,NE,57.7,4.0,0.0,No,No
2020-06-21,Mangaluru,24.3,30.8,27.8,65.7,1005.8,10.4,SE,96.2,0.8,20.3,Yes,Yes
2020-06-22,Bengaluru,17.4,25.0,20.7,74.5,1007.4,11.2,SW,56.4,4.5,7.5,Yes,Yes
2020-06-23,Hubballi,25.9,32.4,29.2,79.5,1015.4,21.1,S,47.3,4.7,4.0,Yes,Yes
2020-06-24,Bengaluru,13.8,26.7,20.8,55.3,1007.2,14.0,E,49.7,4.2,0.0,No,Yes
2020-06-25,Belagavi,10.9,20.9,15.9,30.9,1015.1,15.2,SW,41.1,5.3,0.0,No,No
2020-06-26,Belagavi,14.7,21.9,18.2,49.0,1005.7,22.4,SW,36.7,,0.0,No,Yes
2020-06-27,Hubballi,22.3,30.8,27.4,53.9,1021.5,12.2,S,,5.6,0.0,No,No
2020-06-28,Bengaluru,15.9,25.6,21.7,56.2,1008.9,13.9,SE,28.7,8.3,0.0,No,No
2020-06-29,Mysuru,16.7,26.7,20.0,57.3,1011.7,13.8,NE,37.9,6.8,0.0,No,No
2020-06-30,Mangaluru,18.3,28.4,22.7,73.3,1014.6,23.4,NW,65.7,3.0,15.5,Yes,Yes
2020-07-01,Belagavi,20.2,27.9,24.0,75.4,1010.2,25.0,S,28.8,8.2,8.9,Yes,Yes
2020-07-02,Belagavi,19.4,32.9,26.3,58.3,1013.9,20.1,SW,,3.6,0.0,No,Yes
2020-07-03,Belagavi,23.2,31.0,27.5,73.8,1016.1,20.3,W,24.3,8.7,2.1,Yes,Yes
2020-07-04,Belagavi,14.3,25.9,20.1,65.2,1018.2,15.0,NE,25.1,6.5,0.5,No,No
2020-07-05,Hubballi,9.4,20.8,16.1,61.9,1017.4,25.2,N,42.3,5.7,0.0,No,Yes
2020-07-06,Hubballi,13.2,23.7,19.6,72.3,1012.7,18.5,NW,58.2,4.7,6.4,Yes,Yes
2020-07-07,Bengaluru,17.6,26.2,22.2,62.5,1012.9,,SW,69.9,5.0,10.8,Yes,Yes
2020-07-08,Mysuru,12.9,22.1,17.1,86.6,1025.5,17.2,S,60.5,5.2,0.0,No,Yes
2020-07-09,Bengaluru,10.8,23.7,17.0,44.9,1018.6,16.6,N,39.3,6.8,0.0,No,Yes
2020-07-10,Mysuru,18.3,28.1,22.1,56.2,1009.4,24.5,S,56.2,7.6,0.0,No,Yes
2020-07-11,Hubballi,14.5,26.0,20.4,61.1,1014.6,20.0,NW,36.4,4.8,0.0,No,No
2020-07-12,Belagavi,14.2,27.1,20.6,68.2,1012.5,23.8,NW,54.4,4.2,12.4,Yes,Yes
2020-07-13,Bengaluru,10.9,22.6,17.3,78.4,1013.6,19.1,W,,5.5,0.0,No,Yes
2020-07-14,Mysuru,16.2,23.0,19.3,63.1,1008.2,14.7,E,51.5,3.6,7.2,Yes,Yes
2020-07-15,Mangaluru,11.3,23.3,16.3,46.6,1012.4,15.9,NE,41.7,5.7,0.1,No,Yes
2020-07-16,Mysuru,19.0,28.6,23.5,74.0,1023.6,18.7,N,42.5,7.3,0.0,No,No
2020-07-17,Bengaluru,17.0,28.2,23.9,73.2,1017.6,15.9,W,56.8,,2.2,Yes,Yes
2020-07-18,Hubballi,7.1,18.4,12.3,41.1,1002.3,14.0,SE,43.8,5.9,0.0,No,No
2020-07-19,Belagavi,11.1,20.7,15.8,64.6,1020.9,23.4,S,68.5,2.2,4.8,Yes,Yes
2020-07-20,Mangaluru,9.4,16.4,13.4,45.8,1020.4,16.5,SW,19.2,7.4,0.0,No,No
2020-07-21,Bengaluru,10.3,20.9,16.7,57.2,1013.3,19.3,N,46.7,5.6,0.0,No,Yes
2020-07-22,Hubballi,14.5,23.6,18.8,54.6,1018.7,20.0,W,35.4,7.8,0.0,No,No
2020-07-23,Mysuru,6.9,17.7,13.2,75.3,1011.0,16.5,W,68.2,2.3,15.9,Yes,Yes
2020-07-24,Hubballi,8.6,20.4,15.2,67.3,1013.0,24.8,S,63.2,4.2,7.9,Yes,Yes
2020-07-25,Hubballi,11.5,18.5,14.7,50.7,1022.9,14.6,NW,52.9,6.9,0.0,No,No
2020-07-26,Belagavi,14.4,24.7,19.4,76.9,1014.2,20.2,S,45.2,5.7,7.6,Yes,Yes
2020-07-27,Bengaluru,14.1,25.7,18.8,49.4,1006.3,20.2,S,58.0,2.6,1.9,Yes,Yes
2020-07-28,Hubballi,10.9,21.5,15.5,70.8,1015.4,19.1,N,30.4,9.0,0.0,No,No
2020-07-29,Mysuru,14.5,24.7,19.0,57.3,1015.4,14.2,N,21.9,9.1,6.7,Yes,No
2020-07-30,Mysuru,10.8,19.7,15.9,62.9,1021.9,22.9,S,31.0,8.5,3.7,Yes,No
2020-07-31,Belagavi,13.4,22.2,16.9,73.5,1016.1,22.5,SE,53.9,3.4,9.2,Yes,Yes
2020-08-01,Hubballi,18.1,30.9,24.6,74.0,1014.0,16.9,SW,64.7,6.4,10.4,Yes,Yes
2020-08-02,Mysuru,17.9,27.1,23.1,84.0,1021.4,22.5,NE,13.9,7.9,1.0,No,Yes
2020-08-03,Mysuru,8.1,15.8,12.5,67.2,1016.9,21.2,W,71.7,3.4,13.1,Yes,Yes
2020-08-04,Belagavi,16.9,26.5,20.9,72.0,1012.6,14.7,NW,55.8,4.5,10.1,Yes,Yes
2020-08-05,Hubballi,15.2,26.4,20.7,63.3,1022.2,16.4,S,26.8,8.9,0.0,No,No
2020-08-06,Belagavi,6.6,18.9,12.7,71.0,1017.5,24.5,SE,54.9,5.2,15.7,Yes,Yes
2020-08-07,Hubballi,15.7,26.0,20.5,74.3,1016.6,21.2,NE,71.1,4.7,12.0,Yes,Yes
2020-08-08,Mysuru,16.3,29.6,23.2,68.0,1017.6,17.8,S,,5.0,17.6,Yes,Yes
2020-08-09,Bengaluru,7.4,16.6,12.5,47.8,1011.4,16.7,NW,60.6,4.8,1.9,Yes,Yes
2020-08-10,Mysuru,6.3,16.4,13.2,73.6,1014.2,18.1,W,33.9,6.0,0.5,No,No
2020-08-11,Bengaluru,14.0,26.8,20.8,74.2,1016.9,18.5,NE,48.5,8.1,13.1,Yes,Yes
2020-08-12,Hubballi,12.4,22.3,17.8,61.8,1016.0,16.9,S,35.9,5.3,0.0,No,No
2020-08-13,Hubballi,13.4,22.6,18.8,54.8,1023.4,13.4,N,72.7,4.4,2.2,Yes,Yes
2020-08-14,Mangaluru,14.4,21.0,17.8,88.1,1018.2,25.0,S,69.8,4.6,7.2,Yes,Yes
2020-08-15,Hubballi,11.2,24.0,17.9,76.5,1021.5,24.4,S,98.3,3.2,20.1,Yes,Yes
2020-08-16,Hubballi,4.8,17.3,11.0,68.0,1017.3,15.5,S,45.2,7.9,0.0,No,No
2020-08-17,Mangaluru,15.4,24.9,20.4,57.3,1022.6,21.2,S,37.0,6.7,0.0,No,No
2020-08-18,Bengaluru,16.5,27.3,20.8,61.2,1019.4,17.1,SE,47.3,,0.0,No,No
2020-08-19,Hubballi,8.7,19.7,15.1,86.9,1017.6,19.7,E,80.4,,19.6,Yes,Yes
2020-08-20,Belagavi,11.6,22.5,15.7,73.1,1017.5,19.4,SE,48.7,5.9,0.0,No,No
2020-08-21,Hubballi,4.5,16.6,9.7,65.0,1012.9,19.2,SE,52.9,4.3,3.0,Yes,Yes
2020-08-22,Hubballi,14.0,24.1,17.8,77.9,1020.2,28.9,N,57.6,4.7,12.9,Yes,No
2020-08-23,Mysuru,11.7,22.0,17.9,62.1,1017.6,19.2,S,50.5,4.2,0.0,No,No
2020-08-24,Hubballi,9.3,19.8,15.3,90.1,1015.3,17.8,SE,51.2,6.2,12.7,Yes,Yes
2020-08-25,Hubballi,15.8,25.1,20.0,88.5,1023.4,,NE,58.3,6.4,5.8,Yes,Yes
2020-08-26,Belagavi,10.6,18.4,14.1,66.8,1011.7,,S,49.0,5.8,2.0,Yes,Yes
2020-08-27,Mangaluru,13.9,23.9,17.6,65.0,1015.9,14.6,N,50.9,3.8,12.5,Yes,Yes
2020-08-28,Mangaluru,5.7,17.9,11.2,41.2,1023.2,18.2,SW,55.6,6.6,0.0,No,Yes
2020-08-29,Mangaluru,11.5,22.0,15.1,55.0,1019.7,27.1,NW,73.4,1.8,7.8,Yes,Yes
2020-08-30,Mysuru,10.1,18.8,14.4,56.9,1017.9,22.3,SW,35.1,5.2,0.0,No,Yes
2020-08-31,Hubballi,9.6,20.0,15.9,74.7,1019.5,22.1,N,49.0,5.7,0.9,No,No
2020-09-01,Bengaluru,10.2,17.1,13.5,69.3,1019.2,29.9,W,40.3,6.9,0.0,No,Yes
2020-09-02,Bengaluru,9.1,17.6,14.4,57.2,1010.7,22.4,NE,50.7,6.3,6.4,Yes,Yes
2020-09-03,Belagavi,13.5,21.9,18.1,70.0,1016.6,18.6,SW,44.9,6.2,1.4,Yes,Yes
2020-09-04,Mysuru,9.6,17.2,13.0,,1026.5,20.4,,60.4,7.1,3.9,Yes,Yes
2020-09-05,Mysuru,3.3,12.9,8.3,80.0,1015.2,17.0,SW,73.5,3.9,14.4,Yes,Yes
2020-09-06,Hubballi,16.6,25.1,21.7,51.0,1016.9,26.6,S,7.5,10.6,0.0,No,No
2020-09-07,Bengaluru,15.6,26.4,20.1,72.3,1015.8,23.9,E,,5.8,0.0,No,No
2020-09-08,Mysuru,6.2,14.9,9.4,57.3,1018.1,,E,41.0,5.0,0.0,No,Yes
2020-09-09,Belagavi,13.4,22.5,17.3,84.9,1015.7,26.5,SE,,4.3,18.7,Yes,Yes
2020-09-10,Bengaluru,7.8,17.6,12.5,83.5,1021.1,20.1,N,45.0,8.8,0.0,No,Yes
2020-09-11,Mysuru,11.4,19.6,15.5,63.4,1019.7,18.0,W,68.3,3.7,0.0,No,Yes
2020-09-12,Hubballi,11.9,22.3,15.6,,1022.6,,S,64.7,3.8,0.8,No,Yes
2020-09-13,Hubballi,8.5,17.3,13.4,68.8,1013.5,18.3,NE,,5.1,3.1,Yes,Yes
2020-09-14,Hubballi,6.6,16.8,11.2,47.4,1017.1,22.5,NE,55.9,4.8,0.0,No,No
2020-09-15,Hubballi,5.8,15.5,11.5,78.5,1017.7,26.4,S,45.2,5.3,0.0,No,No
2020-09-16,Bengaluru,5.3,17.5,10.6,71.3,1021.1,21.2,S,44.2,5.7,0.0,No,Yes
2020-09-17,Bengaluru,7.2,17.5,10.9,86.3,1014.9,22.5,NE,70.8,5.8,15.1,Yes,Yes
2020-09-18,Mysuru,8.1,18.0,13.9,61.5,1023.5,21.5,N,38.1,6.7,0.0,No,Yes
2020-09-19,Belagavi,6.4,18.2,11.3,67.3,1024.8,25.1,SW,73.6,2.3,12.9,Yes,Yes
2020-09-20,Mangaluru,13.4,22.3,16.8,56.7,1014.0,19.3,SE,42.8,4.6,0.0,No,No
2020-09-21,Mangaluru,17.0,26.0,20.0,62.8,1016.5,13.2,SE,57.6,7.8,14.6,Yes,Yes
2020-09-22,Hubballi,6.2,15.9,11.8,60.7,1016.3,23.8,SE,80.8,,7.3,Yes,Yes
2020-09-23,Mysuru,9.5,18.9,15.0,86.8,1032.1,25.9,S,49.1,6.4,8.3,Yes,No
2020-09-24,Mangaluru,9.8,22.5,16.0,66.5,1016.8,23.8,NE,52.6,,14.8,Yes,Yes
2020-09-25,Mangaluru,9.9,20.0,15.9,76.4,1027.4,19.4,W,71.4,4.4,7.9,Yes,Yes
2020-09-26,Mangaluru,7.8,21.0,14.3,70.4,1012.7,17.4,W,,6.1,1.6,Yes,Yes
2020-09-27,Mangaluru,12.8,21.4,17.0,59.7,1014.0,24.0,NE,44.0,5.6,0.3,No,Yes
2020-09-28,Mangaluru,11.3,19.0,15.9,73.0,1015.6,22.6,NE,46.4,6.7,0.7,No,Yes
2020-09-29,Mysuru,5.8,14.4,9.1,82.2,1014.8,21.5,SW,54.4,3.8,8.3,Yes,Yes
2020-09-30,Mangaluru,12.8,21.9,17.5,60.5,1017.7,29.3,NE,70.9,6.5,17.2,Yes,Yes
2020-10-01,Mangaluru,13.7,24.5,17.6,84.7,1015.5,18.2,NE,54.7,5.8,3.3,Yes,Yes
2020-10-02,Mysuru,4.7,15.5,11.0,64.8,1014.9,29.1,E,52.1,5.2,5.0,Yes,Yes
2020-10-03,Bengaluru,8.5,18.4,14.2,69.2,1024.8,22.1,NW,46.3,5.8,0.0,No,No
2020-10-04,Bengaluru,10.6,22.0,16.8,81.3,1025.1,14.6,SW,68.1,3.7,7.1,Yes,Yes
2020-10-05,Bengaluru,7.8,19.1,13.2,67.0,1023.7,21.3,S,54.1,4.9,5.4,Yes,Yes
2020-10-06,Mangaluru,12.9,25.2,18.3,75.4,1021.6,25.8,NW,40.1,3.7,3.1,Yes,Yes
2020-10-07,Mysuru,19.6,26.8,23.5,71.1,1019.4,20.5,W,38.9,6.6,0.0,No,Yes
2020-10-08,Bengaluru,5.3,15.6,10.9,76.4,1016.5,16.1,SW,25.6,7.7,0.0,No,Yes
2020-10-09,Hubballi,5.0,14.2,8.6,46.2,1014.2,21.3,S,31.0,8.0,0.0,No,Yes
2020-10-10,Hubballi,11.2,18.4,15.3,52.8,1020.7,18.5,E,58.0,4.5,8.4,Yes,No
2020-10-11,Mysuru,13.3,22.0,17.0,82.1,1013.0,23.9,NW,77.7,2.6,11.0,Yes,Yes
2020-10-12,Mangaluru,6.5,19.5,13.2,87.1,1013.9,25.0,SE,70.1,4.1,27.4,Yes,Yes
2020-10-13,Bengaluru,13.4,23.2,20.0,63.7,1024.6,17.6,N,58.8,3.2,7.8,Yes,Yes
2020-10-14,Mangaluru,2.4,13.2,8.9,71.6,1028.3,19.0,SW,51.8,5.9,8.3,Yes,Yes
2020-10-15,Bengaluru,10.2,21.6,17.0,78.0,1020.8,24.9,S,67.8,2.1,11.3,Yes,Yes
2020-10-16,Belagavi,6.4,17.7,11.9,82.7,1024.3,18.4,S,62.4,6.1,15.3,Yes,Yes
2020-10-17,Belagavi,14.6,25.4,21.2,,1017.5,17.5,E,72.1,4.8,0.0,No,No
2020-10-18,Mangaluru,18.2,26.3,22.4,63.6,1012.0,17.0,S,49.0,,0.0,No,Yes
2020-10-19,Hubballi,6.8,14.8,11.4,70.2,1021.7,23.1,S,73.2,4.7,12.2,Yes,Yes
2020-10-20,Mangaluru,7.4,19.3,12.3,82.6,1021.5,22.9,SE,71.1,4.2,13.3,Yes,Yes
2020-10-21,Bengaluru,14.6,22.8,18.0,100.0,1019.0,18.9,E,76.0,2.5,19.0,Yes,Yes
2020-10-22,Mangaluru,6.7,16.2,13.0,71.2,1017.4,21.7,SW,23.3,5.6,0.0,No,No
2020-10-23,Mangaluru,11.0,17.7,14.4,57.0,1023.3,27.7,NW,61.7,5.2,0.0,No,Yes
2020-10-24,Bengaluru,8.6,18.3,14.8,78.6,1013.6,17.7,S,54.5,4.5,2.1,Yes,Yes
2020-10-25,Hubballi,0.4,10.9,7.1,89.5,1014.6,13.7,NE,54.1,6.8,15.4,Yes,Yes
2020-10-26,Belagavi,9.5,20.7,14.7,74.8,1013.4,23.3,E,32.7,7.3,1.3,Yes,Yes
2020-10-27,Bengaluru,8.4,17.3,12.1,62.5,1018.8,21.0,SE,49.9,5.0,0.0,No,No
2020-10-28,Mangaluru,8.2,19.0,12.9,84.8,1012.9,18.6,SW,59.4,7.2,28.7,Yes,Yes
2020-10-29,Mysuru,17.2,23.8,20.8,81.1,1014.8,24.0,N,37.9,,11.6,Yes,Yes
2020-10-30,Mangaluru,6.5,14.1,10.0,60.7,1014.7,24.7,S,27.2,3.3,2.0,Yes,No
2020-10-31,Mangaluru,12.3,23.0,18.4,77.5,1016.9,12.5,NE,63.3,4.1,22.9,Yes,Yes
2020-11-01,Mysuru,9.5,18.8,14.1,84.7,1010.7,18.6,NW,72.0,2.3,21.6,Yes,No
2020-11-02,Mangaluru,11.1,17.4,14.1,86.8,1018.5,30.5,NE,62.6,3.8,7.5,Yes,Yes
2020-11-03,Mysuru,15.3,23.5,18.5,71.7,1024.2,23.5,N,70.9,3.9,1.3,Yes,Yes
2020-11-04,Mangaluru,10.5,20.9,16.8,68.1,1018.6,23.8,E,50.9,,8.3,Yes,Yes
2020-11-05,Hubballi,12.3,21.5,17.8,86.9,1025.6,25.8,SE,59.0,5.4,0.0,No,Yes
2020-11-06,Belagavi,13.1,25.1,19.4,57.5,1024.5,21.1,S,34.3,8.4,0.0,No,No
2020-11-07,Hubballi,10.2,17.7,14.3,77.2,1021.6,24.2,S,32.5,8.1,0.0,No,Yes
2020-11-08,Bengaluru,9.0,19.8,13.3,55.3,1018.1,23.8,SW,74.9,4.4,4.9,Yes,Yes
2020-11-09,Bengaluru,6.0,18.1,11.5,84.4,1017.7,23.0,S,75.7,3.9,19.9,Yes,Yes
2020-11-10,Mangaluru,7.0,16.9,12.6,68.3,1021.4,19.5,NW,31.4,,0.0,No,Yes
2020-11-11,Bengaluru,24.7,34.7,27.8,86.5,1015.5,21.4,NE,61.9,4.5,18.6,Yes,Yes
2020-11-12,Bengaluru,14.4,25.7,21.1,77.0,1008.0,18.3,E,54.3,5.1,22.5,Yes,Yes
2020-11-13,Mangaluru,4.6,17.6,10.8,56.2,1019.8,20.7,N,,4.1,0.0,No,No
2020-11-14,Mangaluru,7.5,17.9,11.0,87.8,1011.6,15.9,NW,54.0,6.8,29.9,Yes,Yes
2020-11-15,Belagavi,15.3,24.6,18.3,89.1,1012.4,17.3,NW,66.4,4.4,17.6,Yes,Yes
2020-11-16,Mysuru,12.6,22.2,18.7,80.9,,19.3,E,69.6,7.7,18.0,Yes,Yes
2020-11-17,Mangaluru,12.2,24.1,18.8,61.0,1016.6,16.6,SE,55.4,4.9,0.0,No,Yes
2020-11-18,Belagavi,11.4,21.6,15.7,66.3,1009.9,18.3,SE,49.7,6.0,14.8,Yes,No
2020-11-19,Hubballi,12.0,19.6,16.3,71.5,1017.7,19.6,W,51.2,6.4,10.4,Yes,Yes
2020-11-20,Bengaluru,13.1,24.8,18.2,61.1,1021.7,21.8,N,63.5,3.4,10.9,Yes,Yes
2020-11-21,Mysuru,11.6,23.8,17.3,89.7,1011.1,23.9,NW,67.8,4.8,17.7,Yes,Yes
2020-11-22,Hubballi,2.6,15.0,8.2,70.9,1023.0,18.2,NE,54.5,5.5,0.0,No,Yes
2020-11-23,Mangaluru,10.3,21.4,16.3,36.5,1008.8,25.3,NW,39.1,6.4,0.0,No,No
2020-11-24,Hubballi,10.5,18.2,13.9,72.8,1027.1,23.7,SW,59.3,6.5,0.0,No,No
2020-11-25,Belagavi,13.1,23.2,18.1,64.4,1014.4,21.9,NW,43.7,5.3,0.0,No,No
2020-11-26,Mangaluru,24.5,35.4,29.5,67.4,1017.1,20.4,N,64.3,5.0,7.4,Yes,No
2020-11-27,Mangaluru,12.3,23.8,19.1,63.7,1006.8,21.0,NW,34.3,8.9,15.9,Yes,Yes
2020-11-28,Mysuru,9.9,20.9,16.5,77.6,1015.8,24.4,SW,49.9,5.0,8.6,Yes,Yes
2020-11-29,Belagavi,15.6,24.9,21.6,81.1,1017.2,24.5,SE,66.6,4.1,12.4,Yes,Yes
2020-11-30,Bengaluru,13.4,24.7,20.0,70.9,1015.6,24.8,NE,36.3,9.8,0.7,No,Yes
2020-12-01,Hubballi,13.8,24.4,19.8,63.2,1013.1,19.6,E,26.7,,0.0,No,No
2020-12-02,Mysuru,14.8,26.3,20.7,66.5,1011.1,21.6,NW,52.6,5.0,6.0,Yes,Yes
2020-12-03,Mysuru,22.7,31.4,26.6,67.0,1021.4,24.6,SE,26.4,8.8,0.0,No,No
2020-12-04,Mangaluru,8.5,17.0,14.0,56.9,1015.8,16.7,NE,28.3,7.0,0.0,No,No
2020-12-05,Hubballi,13.9,25.5,20.5,73.3,1023.2,17.8,NE,65.7,2.7,0.0,No,Yes
2020-12-06,Mysuru,9.1,21.1,15.1,71.6,1012.8,19.1,S,50.6,7.4,3.1,Yes,Yes
2020-12-07,Mangaluru,15.7,27.9,21.1,84.3,1013.2,22.5,E,78.0,2.2,17.6,Yes,Yes
2020-12-08,Mangaluru,11.3,19.1,15.3,80.7,1019.3,22.5,NE,39.2,9.7,1.0,Yes,Yes
2020-12-09,Belagavi,11.8,22.2,17.5,57.1,1007.0,17.9,N,46.4,5.5,0.0,No,Yes
2020-12-10,Mangaluru,13.7,24.5,18.1,75.0,1009.0,12.7,SW,61.0,7.5,13.1,Yes,Yes
2020-12-11,Bengaluru,20.0,26.5,23.3,53.5,1020.4,19.6,W,28.8,6.0,0.0,No,No
2020-12-12,Belagavi,19.2,27.6,23.2,73.0,1009.0,14.9,E,69.7,5.4,13.5,Yes,Yes
2020-12-13,Belagavi,10.1,20.0,14.7,58.2,1005.7,12.5,E,55.9,5.9,2.2,Yes,No
2020-12-14,Bengaluru,13.0,24.4,20.0,51.9,1024.0,13.3,,21.6,9.2,0.0,No,No
2020-12-15,Bengaluru,11.0,22.0,17.1,67.3,1007.6,19.6,SE,51.3,6.9,5.6,Yes,Yes
2020-12-16,Mysuru,10.9,21.8,15.0,31.5,1015.4,23.7,E,43.4,,0.0,No,Yes
2020-12-17,Mysuru,13.3,22.4,19.3,42.4,1014.7,18.3,E,33.1,5.7,0.0,No,No
2020-12-18,Bengaluru,14.7,22.4,19.1,61.0,1000.2,18.9,S,27.2,7.7,3.6,Yes,Yes
2020-12-19,Mysuru,24.7,34.0,30.2,63.9,1012.8,22.7,E,54.7,5.7,3.6,Yes,Yes
2020-12-20,Bengaluru,16.3,26.9,22.3,58.2,1016.3,,SW,81.4,2.6,0.0,No,Yes
2020-12-21,Bengaluru,9.3,20.1,15.2,43.4,1015.7,19.9,SW,36.6,7.3,0.0,No,No
2020-12-22,Mangaluru,15.0,21.8,18.6,52.3,1018.4,17.7,SW,69.5,4.6,13.9,Yes,Yes
2020-12-23,Mysuru,18.8,31.6,25.1,66.6,1011.8,19.9,NW,40.3,5.5,0.0,No,Yes
2020-12-24,Belagavi,22.8,35.5,29.5,68.6,1017.2,15.6,NE,55.7,5.8,3.0,Yes,Yes
2020-12-25,Belagavi,11.0,19.0,14.9,61.2,1010.1,14.2,W,61.0,4.6,6.0,Yes,Yes
2020-12-26,Mysuru,9.6,17.9,13.9,75.0,1006.4,17.9,NW,54.9,4.6,12.8,Yes,Yes
2020-12-27,Mysuru,22.3,32.1,29.0,65.6,1006.8,23.9,W,46.8,7.0,0.0,No,Yes
2020-12-28,Mysuru,16.3,27.8,23.2,51.6,1005.9,20.6,N,56.5,4.4,4.3,Yes,Yes
2020-12-29,Mysuru,13.5,22.4,18.4,57.0,1018.2,15.1,W,76.2,3.1,0.0,No,Yes
2020-12-30,Mangaluru,21.0,29.6,24.1,43.2,1005.5,11.7,SW,46.8,6.2,0.0,No,No
2020-12-31,Bengaluru,4.8,16.8,11.6,58.5,1014.3,10.2,S,40.7,,0.0,No,Yes
2021-01-01,Mysuru,19.0,29.0,22.2,73.1,1011.6,22.2,S,51.4,5.9,2.1,Yes,Yes
2021-01-02,Mysuru,19.3,29.8,23.6,67.7,1012.3,13.0,S,89.9,3.1,19.7,Yes,Yes
2021-01-03,Bengaluru,22.8,29.4,26.1,76.1,1019.5,15.4,S,57.4,4.9,5.2,Yes,Yes
2021-01-04,Bengaluru,13.4,24.3,18.5,55.3,1010.4,21.9,SE,38.2,6.7,1.1,Yes,No
2021-01-05,Bengaluru,19.9,26.5,23.0,74.9,1015.5,10.1,W,37.8,6.8,5.9,Yes,Yes
2021-01-06,Hubballi,15.2,23.4,19.1,56.1,1012.6,22.5,S,20.1,,0.7,No,No
2021-01-07,Belagavi,19.1,29.2,24.0,75.9,1011.5,15.4,NW,60.8,4.6,3.3,Yes,Yes
2021-01-08,Mysuru,16.2,24.5,19.5,57.7,1023.7,11.7,SE,57.9,6.8,4.2,Yes,Yes
2021-01-09,Mangaluru,16.7,27.4,21.6,66.2,1004.9,15.2,SE,45.5,5.8,6.1,Yes,No
2021-01-10,Mangaluru,15.3,25.6,19.4,75.1,1018.4,13.3,E,54.8,3.4,3.8,Yes,Yes
2021-01-11,Bengaluru,22.0,32.4,26.1,54.9,1015.2,17.8,N,29.4,10.8,0.0,No,No
2021-01-12,Mangaluru,20.3,30.3,27.1,59.5,1009.4,13.4,E,50.8,5.4,6.9,Yes,Yes
2021-01-13,Belagavi,17.1,28.4,22.8,72.1,1019.8,8.2,NW,61.1,6.5,0.5,No,Yes
2021-01-14,Mysuru,17.3,30.9,24.1,54.8,1002.3,14.9,SE,38.9,8.4,4.5,Yes,Yes
2021-01-15,Mangaluru,12.9,24.3,18.2,40.3,1008.9,10.3,E,66.5,5.6,12.2,Yes,Yes
2021-01-16,Belagavi,16.3,28.1,23.0,81.6,1005.3,16.5,NW,45.1,6.0,17.0,Yes,Yes
2021-01-17,Belagavi,17.8,31.1,24.1,50.0,,10.8,NW,49.3,6.2,6.3,Yes,Yes
2021-01-18,Hubballi,27.9,38.1,34.9,57.3,1005.6,13.5,NE,60.7,3.4,2.1,Yes,Yes
2021-01-19,Hubballi,15.1,23.5,20.1,69.1,1013.2,16.1,NW,51.5,8.1,9.8,Yes,Yes
2021-01-20,Mangaluru,24.8,36.6,30.6,47.6,1010.0,14.5,W,41.2,5.5,0.0,No,No
2021-01-21,Belagavi,25.2,34.0,28.8,42.6,1008.5,16.2,S,20.6,8.0,0.0,No,No
2021-01-22,Bengaluru,19.3,29.6,26.1,,1012.7,17.9,S,68.4,4.4,16.0,Yes,Yes
2021-01-23,Hubballi,27.5,36.6,32.1,,1009.3,10.4,W,35.5,6.9,0.0,No,No
2021-01-24,Belagavi,20.0,30.0,26.7,50.5,1005.1,14.7,W,53.3,4.8,9.1,Yes,No
2021-01-25,Hubballi,23.5,32.0,26.9,,1024.5,1.6,SE,57.8,6.9,4.0,Yes,No
2021-01-26,Mysuru,20.2,28.7,25.2,50.3,1008.0,15.8,E,35.7,8.2,3.2,Yes,Yes
2021-01-27,Belagavi,27.5,33.5,30.5,34.8,999.2,13.6,W,35.9,7.4,0.0,No,No
2021-01-28,Belagavi,25.4,34.4,30.1,72.2,1006.0,10.7,NW,73.9,3.4,17.9,Yes,Yes
2021-01-29,Mysuru,20.0,27.3,23.3,54.1,1003.8,15.9,NE,29.9,8.8,0.0,No,Yes
2021-01-30,Hubballi,15.9,25.1,20.7,69.8,1014.2,19.2,NE,84.8,2.4,19.9,Yes,Yes
2021-01-31,Mysuru,20.0,29.7,25.3,49.3,1011.6,12.6,NW,33.5,9.1,0.0,No,No
2021-02-01,Mangaluru,16.6,28.5,23.0,41.6,1011.9,10.6,SW,23.9,8.1,0.0,No,No
2021-02-02,Bengaluru,21.9,31.8,26.0,55.2,1007.9,15.0,NE,49.1,7.4,3.2,Yes,Yes
2021-02-03,Hubballi,26.1,34.9,31.4,49.1,1008.3,8.9,SE,77.8,3.4,0.0,No,Yes
2021-02-04,Belagavi,21.4,29.7,24.7,37.4,1007.7,11.5,SW,11.3,9.1,0.0,No,No
2021-02-05,Mangaluru,19.8,33.0,26.5,68.9,1009.1,,E,50.5,7.3,0.0,No,Yes
2021-02-06,Hubballi,22.2,30.6,27.0,43.6,1013.6,14.3,NE,49.6,8.5,0.0,No,No
2021-02-07,Bengaluru,26.2,37.1,30.3,28.8,1011.0,6.4,NE,37.0,8.8,0.0,No,Yes
2021-02-08,Belagavi,13.1,21.1,18.0,66.6,1011.8,6.7,E,57.4,6.3,7.6,Yes,Yes
2021-02-09,Mysuru,19.7,28.1,24.7,44.4,1011.7,14.5,E,32.0,8.0,0.0,No,No
2021-02-10,Bengaluru,22.1,31.7,28.0,43.0,1013.5,17.2,S,33.2,6.6,0.0,No,No
2021-02-11,Hubballi,25.2,37.0,32.1,28.9,1010.5,7.2,NW,34.3,7.5,0.0,No,No
2021-02-12,Belagavi,21.7,29.6,25.4,70.8,,15.4,N,36.4,5.9,2.9,Yes,Yes
2021-02-13,Hubballi,16.8,24.7,20.0,34.2,1014.8,18.9,N,38.0,7.3,0.0,No,No
2021-02-14,Bengaluru,24.4,36.8,30.1,50.2,1005.5,21.1,NE,39.3,7.3,4.3,Yes,Yes
2021-02-15,Belagavi,18.6,29.5,25.1,60.3,1004.5,14.8,E,42.1,4.1,0.0,No,No
2021-02-16,Bengaluru,17.8,29.4,23.0,54.2,1002.7,15.4,S,51.5,5.8,5.6,Yes,Yes
2021-02-17,Hubballi,22.1,28.7,25.4,48.3,1009.5,4.8,SE,17.0,9.1,0.0,No,No
2021-02-18,Belagavi,22.5,33.5,27.2,28.4,999.3,21.7,N,32.9,7.2,0.0,No,No
2021-02-19,Belagavi,20.0,32.3,25.6,38.9,1010.8,10.9,SW,75.3,4.2,5.5,Yes,No
2021-02-20,Belagavi,15.0,23.5,19.3,50.7,1007.8,9.4,N,29.0,6.0,0.0,No,No
2021-02-21,Hubballi,25.4,37.0,31.8,38.9,1014.0,12.1,E,59.8,4.1,0.0,No,No
2021-02-22,Mangaluru,29.5,37.2,33.4,50.6,1004.9,19.1,W,46.1,7.4,0.0,No,No
2021-02-23,Hubballi,26.6,34.4,31.0,56.2,1007.2,21.8,SE,38.4,6.8,3.0,Yes,No
2021-02-24,Mysuru,17.3,30.0,23.9,59.4,1013.7,13.4,N,28.9,8.0,0.7,No,No
2021-02-25,Mangaluru,22.5,33.3,27.8,33.0,1015.0,16.9,W,40.3,6.0,0.0,No,No
2021-02-26,Hubballi,25.6,34.6,28.6,73.9,1004.6,13.0,S,76.4,3.7,23.3,Yes,No
2021-02-27,Mysuru,27.1,35.9,31.1,56.6,1008.9,8.6,N,41.8,3.8,4.1,Yes,Yes
2021-02-28,Bengaluru,25.5,35.5,31.5,47.2,1009.4,18.7,E,42.7,7.5,0.0,No,No
2021-03-01,Mysuru,22.7,30.6,25.9,60.2,1009.7,10.2,,64.2,6.8,0.0,No,Yes
2021-03-02,Belagavi,22.3,32.5,29.3,75.4,1006.5,18.8,SW,60.3,3.7,19.4,Yes,Yes
2021-03-03,Mangaluru,24.2,35.0,30.8,29.6,1014.2,17.8,SW,13.3,7.8,0.0,No,No
2021-03-04,Hubballi,31.0,39.1,34.9,44.0,998.2,15.0,NW,44.1,6.9,1.6,Yes,No
2021-03-05,Hubballi,25.4,37.8,32.0,18.1,1005.5,19.9,NW,,7.2,0.0,No,No
2021-03-06,Belagavi,26.6,35.6,32.4,48.8,1009.8,21.4,SE,44.0,6.3,0.0,No,No
2021-03-07,Mangaluru,24.9,33.6,29.6,50.8,1009.8,11.8,N,4.2,8.2,0.0,No,Yes
2021-03-08,Mangaluru,31.2,39.1,35.0,45.8,1014.3,9.2,SE,49.2,5.7,0.0,No,No
2021-03-09,Belagavi,27.2,36.2,31.0,38.3,1013.5,4.9,W,37.4,5.7,0.0,No,No
2021-03-10,Mangaluru,20.6,30.0,26.0,21.5,1006.0,21.3,NW,6.2,8.7,0.0,No,No
2021-03-11,Belagavi,30.4,38.6,35.1,50.5,1013.9,10.6,N,,8.0,0.0,No,Yes
2021-03-12,Mysuru,26.9,36.3,32.3,63.4,1003.8,16.8,NE,65.0,3.5,4.8,Yes,Yes
2021-03-13,Belagavi,23.5,32.5,27.8,38.7,1012.0,9.3,N,29.5,6.6,5.3,Yes,No
2021-03-14,Hubballi,23.8,32.8,27.7,51.0,1016.3,18.4,E,31.8,7.4,0.0,No,No
2021-03-15,Bengaluru,24.5,34.0,30.8,26.8,1013.3,9.4,NW,35.2,7.3,0.0,No,No
2021-03-16,Mysuru,24.9,35.8,31.5,51.1,1007.8,7.4,NW,35.8,5.3,1.4,Yes,Yes
2021-03-17,Hubballi,24.7,36.6,30.5,40.8,1005.5,11.3,E,42.8,6.9,0.0,No,Yes
2021-03-18,Mysuru,27.4,36.4,31.0,36.3,999.5,10.0,NW,36.5,6.5,0.0,No,Yes
2021-03-19,Hubballi,33.2,41.4,36.6,36.3,1008.7,14.5,NE,21.5,9.1,0.0,No,No
2021-03-20,Mangaluru,29.0,38.9,34.1,40.6,1001.6,11.9,N,33.6,8.1,0.0,No,No
2021-03-21,Belagavi,25.4,35.1,30.6,49.9,1003.1,14.6,N,,5.0,12.0,Yes,Yes
2021-03-22,Hubballi,28.1,38.0,33.6,29.5,1001.1,,E,37.4,7.6,0.0,No,No
2021-03-23,Hubballi,19.1,30.4,25.8,40.4,1004.8,9.4,NE,39.9,5.7,0.0,No,No
2021-03-24,Mangaluru,25.9,38.0,31.5,44.7,1006.9,9.7,E,71.9,5.6,4.9,Yes,Yes
2021-03-25,Bengaluru,30.5,42.0,37.2,,1008.4,20.2,W,48.7,5.0,0.0,No,No
2021-03-26,Bengaluru,25.6,34.8,29.1,66.6,1004.0,12.9,NE,64.4,5.1,12.4,Yes,Yes
2021-03-27,Belagavi,20.7,32.8,26.6,34.8,1012.4,4.1,E,36.4,6.7,2.5,Yes,Yes
2021-03-28,Mangaluru,20.7,32.1,27.4,,1006.0,9.9,S,43.1,5.2,1.6,Yes,No
2021-03-29,Mysuru,20.8,32.0,25.6,33.3,1003.1,12.4,NW,31.8,8.4,0.0,No,No
2021-03-30,Hubballi,20.0,33.8,26.9,66.6,1008.1,19.4,N,,4.0,3.7,Yes,Yes
2021-03-31,Belagavi,23.3,33.5,28.5,51.6,1016.8,16.1,SE,44.0,4.3,0.0,No,No
2021-04-01,Bengaluru,17.6,29.0,24.4,33.8,1008.7,8.3,NW,41.8,3.1,0.0,No,No
2021-04-02,Mysuru,24.1,36.3,30.1,58.3,1005.2,21.7,S,50.7,4.7,0.0,No,Yes
2021-04-03,Mangaluru,28.8,39.2,33.6,47.4,999.4,11.9,E,43.7,8.0,9.0,Yes,Yes
2021-04-04,Hubballi,23.2,31.8,26.4,48.1,1005.9,17.0,NE,,4.1,4.2,Yes,Yes
2021-04-05,Hubballi,30.4,42.6,36.1,40.9,1008.2,7.4,SE,31.4,6.5,0.0,No,No
2021-04-06,Bengaluru,28.0,37.6,32.0,36.1,1005.1,2.4,NE,29.3,7.1,0.0,No,No
2021-04-07,Bengaluru,29.9,39.7,34.1,49.1,998.7,6.4,SW,55.1,4.9,9.4,Yes,Yes
2021-04-08,Belagavi,24.2,31.1,27.3,38.6,1002.8,0.0,NW,31.5,5.8,0.0,No,Yes
2021-04-09,Hubballi,28.1,39.1,33.3,66.9,1014.3,20.5,NE,47.4,4.9,0.0,No,No
2021-04-10,Hubballi,21.4,32.2,25.5,29.9,1014.2,12.9,SW,20.7,9.5,0.0,No,No
2021-04-11,Hubballi,26.5,38.8,33.5,63.6,1002.6,8.4,W,57.8,5.8,6.5,Yes,Yes
2021-04-12,Hubballi,24.6,37.2,30.6,43.9,1010.5,13.9,SW,50.1,6.2,0.0,No,Yes
2021-04-13,Mysuru,27.6,36.4,32.1,48.9,1001.2,12.9,N,39.8,5.1,0.0,No,Yes
2021-04-14,Mangaluru,20.9,28.3,25.1,55.4,1014.2,14.6,NW,57.9,5.3,11.9,Yes,No
2021-04-15,Mysuru,20.3,31.0,26.2,37.9,1008.4,17.0,E,12.3,6.2,0.0,No,No
2021-04-16,Mangaluru,28.1,35.2,32.1,55.8,1011.9,11.0,N,36.7,8.0,0.0,No,No
2021-04-17,Mysuru,21.1,29.5,25.9,13.1,998.6,8.7,SW,27.7,8.0,0.0,No,No
2021-04-18,Belagavi,27.9,35.3,31.5,37.0,1010.6,15.5,NE,22.2,6.5,0.0,No,No
2021-04-19,Mangaluru,20.1,29.3,24.2,34.6,1007.2,15.4,N,12.6,10.9,0.0,No,No
2021-04-20,Hubballi,29.6,39.8,33.0,,1011.6,12.7,S,32.7,5.1,0.0,No,No
2021-04-21,Mangaluru,19.9,27.7,24.6,43.3,1011.9,21.0,W,52.7,6.2,2.7,Yes,No
2021-04-22,Hubballi,25.0,35.7,31.7,50.6,1007.7,10.6,SW,64.5,5.3,4.8,Yes,Yes
2021-04-23,Belagavi,28.5,38.8,32.0,54.5,1004.4,8.7,NE,38.6,5.3,15.3,Yes,Yes
2021-04-24,Mangaluru,21.9,33.1,26.6,49.0,1011.3,14.0,NE,55.6,5.3,0.0,No,No
2021-04-25,Bengaluru,27.5,38.0,31.7,38.2,1007.2,9.7,S,49.8,3.9,0.0,No,Yes
2021-04-26,Hubballi,25.9,33.7,30.3,50.8,1003.2,14.4,NE,63.6,1.3,15.0,Yes,No
2021-04-27,Mangaluru,21.0,32.7,27.1,47.9,1003.0,9.1,SE,38.9,5.5,5.1,Yes,Yes
2021-04-28,Mysuru,20.4,28.9,25.1,57.8,1000.2,10.9,SE,21.1,7.5,1.2,Yes,Yes
2021-04-29,Mangaluru,15.7,26.9,21.3,56.0,1005.1,20.1,E,48.4,6.7,0.0,No,No
2021-04-30,Hubballi,23.6,35.2,30.4,47.2,1013.2,11.0,E,28.7,7.7,2.3,Yes,No
2021-05-01,Bengaluru,17.3,28.3,22.7,36.1,1008.7,9.4,N,28.6,7.7,0.0,No,No
2021-05-02,Bengaluru,24.9,34.0,29.3,39.2,1005.2,17.4,NW,36.2,5.8,0.0,No,Yes
2021-05-03,Mysuru,23.2,34.4,27.8,40.6,1011.9,8.5,N,36.1,6.4,0.0,No,No
2021-05-04,Belagavi,25.7,34.6,31.5,43.5,1003.8,10.0,W,44.5,5.2,0.0,No,No
2021-05-05,Bengaluru,21.7,31.3,27.5,50.7,1008.5,15.1,S,55.8,3.9,0.0,No,Yes
2021-05-06,Belagavi,22.8,33.6,27.3,56.2,1007.1,16.6,S,42.0,5.8,1.0,No,No
2021-05-07,Hubballi,25.6,37.4,31.5,47.1,1012.0,17.8,SW,49.8,5.9,0.0,No,No
2021-05-08,Mangaluru,24.6,33.5,29.8,48.1,,10.0,W,44.5,5.6,0.0,No,No
2021-05-09,Belagavi,22.7,33.1,29.6,49.8,1004.0,15.4,NE,58.9,4.7,0.0,No,Yes
2021-05-10,Hubballi,23.5,34.4,30.2,42.0,1000.1,,E,39.0,7.6,0.0,No,No
2021-05-11,Hubballi,15.8,27.0,22.1,37.3,1007.0,10.7,SW,38.7,6.2,0.0,No,No
2021-05-12,Hubballi,28.0,34.3,31.1,27.5,1014.5,18.0,E,30.4,5.9,0.0,No,No
2021-05-13,Mysuru,26.0,36.9,30.5,40.4,1006.0,11.0,E,38.7,7.5,0.0,No,No
2021-05-14,Mysuru,18.6,29.0,23.9,54.5,1006.0,14.4,NW,35.1,7.4,1.8,Yes,Yes
2021-05-15,Belagavi,21.8,33.5,26.9,40.6,1013.0,14.0,E,28.0,8.1,0.0,No,No
2021-05-16,Hubballi,21.5,31.9,27.6,46.4,1014.0,9.1,N,55.2,6.2,3.3,Yes,No
2021-05-17,Belagavi,20.5,30.3,27.1,55.0,1008.3,17.3,SE,30.8,8.0,0.0,No,No
2021-05-18,Bengaluru,22.7,35.4,28.9,55.8,1012.3,15.8,SW,42.5,6.5,0.0,No,No
2021-05-19,Belagavi,29.3,36.8,33.2,36.8,1003.5,5.6,S,55.0,8.3,6.1,Yes,Yes
2021-05-20,Mangaluru,26.7,36.0,31.7,61.9,1015.9,14.8,S,44.5,4.8,0.0,No,No
2021-05-21,Hubballi,17.4,26.9,22.0,63.7,1019.8,10.6,E,62.9,4.1,14.1,Yes,Yes
2021-05-22,Belagavi,23.6,34.6,29.6,36.8,1011.7,18.2,E,30.9,8.6,0.0,No,No
2021-05-23,Mysuru,25.8,35.5,32.4,40.7,,8.1,N,25.5,8.0,0.0,No,Yes
2021-05-24,Mangaluru,24.3,33.6,28.5,65.0,1006.5,12.5,NW,27.1,8.7,6.7,Yes,Yes
2021-05-25,Belagavi,26.2,34.5,31.2,49.2,1012.4,15.4,N,64.4,4.8,2.5,Yes,Yes
2021-05-26,Belagavi,28.8,39.1,34.8,24.5,1007.4,14.3,S,,10.2,0.0,No,Yes
2021-05-27,Belagavi,27.5,37.6,30.7,34.6,1015.9,17.2,E,50.0,4.6,0.0,No,Yes
2021-05-28,Mysuru,20.6,31.6,27.5,48.6,1012.6,8.1,E,29.4,9.2,0.0,No,No
2021-05-29,Belagavi,24.4,36.8,30.6,37.8,1006.2,20.9,W,59.9,6.4,0.0,No,Yes
2021-05-30,Bengaluru,21.7,31.9,26.8,47.1,1010.0,16.4,SW,,2.1,8.7,Yes,Yes
2021-05-31,Bengaluru,20.1,30.0,26.2,52.6,1005.4,19.9,S,20.8,9.0,0.0,No,No
2021-06-01,Bengaluru,18.3,30.5,24.6,70.0,1009.1,18.0,N,36.7,6.9,11.4,Yes,Yes
2021-06-02,Belagavi,27.2,37.4,32.2,49.2,1007.3,14.5,SW,56.3,4.6,9.9,Yes,Yes
2021-06-03,Mangaluru,17.7,27.6,22.5,65.8,1016.0,9.5,S,59.0,2.8,12.0,Yes,Yes
2021-06-04,Mysuru,25.4,34.9,31.8,70.3,1020.8,12.5,N,64.8,3.4,12.9,Yes,Yes
2021-06-05,Bengaluru,21.1,31.9,27.5,70.6,1003.2,21.1,N,44.6,7.1,7.5,Yes,No
2021-06-06,Bengaluru,16.3,25.8,19.8,57.0,1000.8,20.4,NW,77.6,4.5,11.8,Yes,Yes
2021-06-07,Mangaluru,20.1,32.9,26.8,30.3,1009.3,12.5,SW,38.9,6.5,0.0,No,No
2021-06-08,Bengaluru,12.7,23.0,16.8,59.6,1003.0,3.8,SW,30.6,8.4,11.2,Yes,Yes
2021-06-09,Mysuru,21.9,30.7,27.5,66.9,1011.0,14.3,N,48.0,7.1,1.6,Yes,Yes
2021-06-10,Mangaluru,22.6,32.1,28.4,53.6,,14.0,E,28.4,7.8,0.0,No,No
2021-06-11,Hubballi,18.3,29.4,22.4,75.7,1018.4,14.3,S,79.2,2.5,13.9,Yes,Yes
2021-06-12,Mysuru,20.9,28.8,25.1,65.3,1012.0,17.5,N,41.2,7.1,0.0,No,Yes
2021-06-13,Mysuru,26.5,36.2,32.3,62.1,1010.1,18.9,NW,57.2,5.8,0.0,No,Yes
2021-06-14,Belagavi,18.7,28.6,22.4,68.6,1001.3,19.5,SE,45.4,7.0,8.3,Yes,Yes
2021-06-15,Hubballi,13.6,24.6,20.0,59.8,1011.4,17.4,W,,7.7,0.0,No,Yes
2021-06-16,Hubballi,26.2,33.5,30.1,26.1,1011.8,8.5,NW,6.8,7.8,0.0,No,No
2021-06-17,Mangaluru,27.4,35.3,31.8,50.3,1014.7,14.4,N,54.1,4.9,5.1,Yes,Yes
2021-06-18,Bengaluru,19.8,27.2,23.9,70.9,1008.1,25.1,N,72.8,1.7,14.6,Yes,Yes
2021-06-19,Hubballi,23.8,31.5,27.8,47.1,1009.5,17.4,NW,30.1,8.4,0.0,No,No
2021-06-20,Mangaluru,22.0,33.9,29.0,54.3,1004.4,17.5,NW,23.6,7.8,0.0,No,Yes
2021-06-21,Hubballi,16.5,23.5,20.5,44.7,1000.5,17.5,SW,54.9,5.9,0.8,No,No
2021-06-22,Mysuru,16.1,24.8,21.4,78.9,1006.5,17.8,N,31.9,5.6,0.4,No,Yes
2021-06-23,Hubballi,22.1,34.7,28.1,78.0,1004.3,6.7,W,74.5,5.5,19.2,Yes,Yes
2021-06-24,Bengaluru,26.6,36.3,29.8,,1013.9,15.4,NW,30.4,,0.0,No,Yes
2021-06-25,Mangaluru,18.6,31.5,25.2,60.1,1009.7,16.3,NW,32.5,8.2,4.2,Yes,No
2021-06-26,Bengaluru,15.6,25.1,19.3,50.4,1009.7,21.6,NE,48.9,6.1,0.0,No,Yes
2021-06-27,Belagavi,25.2,36.2,30.6,66.2,1007.6,16.8,SW,35.9,6.8,0.8,No,Yes
2021-06-28,Bengaluru,14.8,24.5,20.4,65.2,996.5,,SE,40.5,6.3,6.4,Yes,Yes
2021-06-29,Bengaluru,15.5,25.4,21.0,69.1,1020.3,18.5,E,57.9,4.4,0.0,No,Yes
2021-06-30,Mangaluru,17.7,27.5,23.6,63.6,1007.8,13.6,W,14.0,10.4,4.7,Yes,No
2021-07-01,Mysuru,21.6,35.2,28.3,95.1,1010.9,12.1,NW,87.7,2.7,31.1,Yes,Yes
2021-07-02,Hubballi,18.7,30.9,25.4,47.8,1005.8,13.7,,44.8,4.7,0.0,No,No
2021-07-03,Hubballi,18.2,30.3,23.5,39.8,1018.0,19.3,S,21.5,7.7,0.0,No,No
2021-07-04,Mangaluru,19.0,27.6,23.5,55.9,1014.0,22.2,S,32.1,7.5,0.0,No,No
2021-07-05,Mangaluru,17.4,27.2,21.7,42.1,1009.2,19.2,SW,56.7,6.4,4.6,Yes,Yes
2021-07-06,Mysuru,17.1,29.7,23.6,43.2,1011.5,19.9,S,51.3,5.0,0.0,No,No
2021-07-07,Mysuru,4.7,14.5,11.1,49.4,1021.9,19.4,SW,65.5,3.9,0.5,No,Yes
2021-07-08,Belagavi,15.8,25.6,19.9,50.6,1013.3,18.0,E,35.0,7.1,0.0,No,No
2021-07-09,Hubballi,18.3,25.6,22.0,50.4,1012.9,20.4,N,49.6,6.9,0.0,No,No
2021-07-10,Hubballi,9.8,20.6,16.2,68.4,1009.2,8.0,NW,58.7,3.5,11.2,Yes,No
2021-07-11,Belagavi,16.8,28.1,22.3,56.3,,18.2,SE,58.0,5.8,1.7,Yes,Yes
2021-07-12,Mangaluru,15.5,24.5,19.8,60.5,1013.3,13.7,S,66.1,3.9,0.8,No,No
2021-07-13,Hubballi,22.0,34.2,27.5,73.6,1015.8,22.6,NW,43.7,6.0,12.2,Yes,Yes
2021-07-14,Bengaluru,23.3,30.6,26.6,54.0,1019.8,17.5,NE,44.9,8.7,8.9,Yes,Yes
2021-07-15,Mangaluru,14.6,21.9,18.3,60.2,1003.1,18.3,NE,39.9,6.4,8.9,Yes,Yes
2021-07-16,Mangaluru,14.3,23.8,19.4,68.1,1008.8,12.2,SE,51.4,6.6,0.0,No,Yes
2021-07-17,Mysuru,14.5,26.0,19.6,40.6,1011.7,22.4,S,51.7,6.6,6.5,Yes,Yes
2021-07-18,Belagavi,14.0,24.4,18.0,35.6,1014.7,20.9,N,14.4,7.4,0.0,No,No
2021-07-19,Mangaluru,13.5,24.9,20.4,68.6,1014.0,20.7,S,69.1,2.0,7.3,Yes,Yes
2021-07-20,Mysuru,11.8,22.7,16.5,70.6,1014.3,15.3,W,36.1,8.0,1.8,Yes,Yes
2021-07-21,Bengaluru,9.0,18.2,14.9,89.7,1017.0,15.5,N,56.3,4.0,23.6,Yes,Yes
2021-07-22,Bengaluru,17.7,24.8,21.7,,1010.5,19.6,S,70.5,2.1,15.8,Yes,Yes
2021-07-23,Hubballi,16.9,28.1,21.6,75.2,1019.8,16.0,NE,60.0,6.2,4.1,Yes,Yes
2021-07-24,Belagavi,9.5,22.3,15.8,63.3,1017.4,20.6,E,55.4,4.2,0.0,No,Yes
2021-07-25,Belagavi,16.1,26.0,22.5,69.4,1013.7,10.3,SW,35.1,6.2,7.0,Yes,Yes
2021-07-26,Mysuru,12.7,20.4,16.2,86.1,1023.4,17.1,NW,43.8,8.7,2.0,Yes,No
2021-07-27,Hubballi,15.2,26.0,19.6,40.9,1023.3,26.3,SE,55.5,3.4,0.0,No,No
2021-07-28,Belagavi,18.0,25.1,21.8,71.5,,20.9,N,44.8,,0.0,No,No
2021-07-29,Hubballi,11.7,24.7,18.2,92.4,1000.6,19.9,E,54.5,4.9,22.6,Yes,Yes
2021-07-30,Mysuru,14.1,25.4,20.1,70.4,1023.7,27.3,NW,67.6,4.1,8.5,Yes,Yes
2021-07-31,Hubballi,10.8,21.7,16.1,87.1,1019.9,10.1,N,,5.3,0.0,No,Yes
2021-08-01,Mangaluru,11.6,22.6,17.2,59.9,1026.0,16.2,W,53.0,4.2,3.5,Yes,Yes
2021-08-02,Mangaluru,10.4,22.4,17.1,67.3,1022.3,18.0,SE,52.6,7.4,4.6,Yes,No
2021-08-03,Mangaluru,10.6,18.5,14.8,68.3,1024.1,23.1,NW,52.3,6.0,5.3,Yes,Yes
2021-08-04,Mangaluru,13.9,20.9,16.9,41.5,1020.7,23.2,W,33.8,7.9,0.0,No,No
2021-08-05,Bengaluru,8.2,16.7,11.3,54.3,1023.1,16.3,W,38.0,,0.0,No,No
2021-08-06,Bengaluru,12.3,20.1,15.5,55.4,1026.4,23.9,E,31.0,7.8,0.0,No,No
2021-08-07,Belagavi,12.7,21.3,16.2,78.7,1017.6,18.3,W,63.7,5.8,9.0,Yes,Yes
2021-08-08,Bengaluru,10.9,20.2,16.2,79.5,1008.7,24.8,NW,46.8,4.9,10.5,Yes,Yes
2021-08-09,Hubballi,9.2,21.0,16.1,73.1,1015.1,15.9,E,68.8,4.6,17.7,Yes,Yes
2021-08-10,Hubballi,12.1,20.3,16.7,79.3,1018.7,19.6,SW,53.3,6.4,13.5,Yes,Yes
2021-08-11,Bengaluru,12.9,22.0,18.8,67.6,1017.2,18.2,SW,36.2,8.8,0.0,No,No
2021-08-12,Hubballi,14.1,27.1,20.3,,1010.7,24.5,SE,55.1,7.7,18.3,Yes,Yes
2021-08-13,Belagavi,7.9,20.0,14.1,70.1,1008.8,18.2,SE,46.9,6.2,13.3,Yes,Yes
2021-08-14,Mysuru,7.0,16.7,11.8,70.9,1013.4,20.2,N,68.5,5.7,9.1,Yes,Yes
2021-08-15,Bengaluru,7.1,17.5,12.3,67.2,1021.2,22.5,NW,46.3,,3.1,Yes,Yes
2021-08-16,Mangaluru,10.1,19.5,14.4,78.8,1025.1,22.7,W,52.4,7.5,7.0,Yes,Yes
2021-08-17,Hubballi,9.1,21.5,14.9,65.7,1021.9,24.1,E,72.4,3.1,0.7,No,Yes
2021-08-18,Hubballi,8.6,19.2,13.1,82.6,1022.7,21.5,SE,65.7,4.2,7.4,Yes,Yes
2021-08-19,Mysuru,6.7,15.2,10.9,57.5,1017.0,,SW,72.9,4.5,9.5,Yes,Yes
2021-08-20,Belagavi,8.7,18.0,14.2,58.1,1008.8,19.4,N,67.1,4.2,4.1,Yes,Yes
2021-08-21,Hubballi,12.3,19.9,16.6,79.7,1015.3,20.9,NW,43.6,6.6,12.0,Yes,Yes
2021-08-22,Mangaluru,13.6,21.8,18.2,70.5,1016.3,21.9,NW,68.1,6.2,16.4,Yes,Yes
2021-08-23,Mysuru,7.7,18.5,13.5,,1015.2,20.3,S,74.4,3.3,16.0,Yes,Yes
2021-08-24,Hubballi,7.6,17.8,14.0,82.6,1018.0,21.0,SW,81.0,1.9,27.3,Yes,Yes
2021-08-25,Mangaluru,7.1,16.1,11.9,64.8,1020.0,15.0,SE,65.7,6.7,4.0,Yes,Yes
2021-08-26,Hubballi,10.3,18.9,15.4,69.8,1022.2,23.7,SW,67.4,5.0,6.9,Yes,Yes
2021-08-27,Mangaluru,6.0,18.7,12.0,89.2,1016.6,21.8,W,56.1,7.6,14.0,Yes,Yes
2021-08-28,Mysuru,13.7,20.8,17.6,91.0,1008.5,25.2,SW,48.8,7.0,13.7,Yes,Yes
2021-08-29,Belagavi,3.4,12.5,8.1,91.5,1015.6,21.2,E,56.3,3.7,16.6,Yes,Yes
2021-08-30,Bengaluru,7.5,17.8,13.7,69.4,1018.3,14.3,S,27.8,8.5,0.0,No,No
2021-08-31,Bengaluru,9.7,19.3,16.3,87.7,1024.3,19.9,SE,80.2,2.1,15.7,Yes,Yes
2021-09-01,Belagavi,10.2,22.5,15.8,61.7,1015.4,20.6,W,45.4,6.2,0.0,No,No
2021-09-02,Hubballi,21.2,30.0,25.7,62.3,1020.8,24.4,NE,69.3,4.1,0.0,No,Yes
2021-09-03,Mysuru,10.9,21.3,16.3,45.1,1019.8,13.2,NW,24.6,6.0,0.0,No,No
2021-09-04,Mangaluru,7.1,16.2,10.8,93.5,1018.6,21.6,E,78.6,2.5,17.2,Yes,Yes
2021-09-05,Mysuru,11.3,19.8,14.4,63.2,1023.1,,W,42.8,9.1,1.2,Yes,Yes
2021-09-06,Belagavi,4.3,12.5,7.6,72.1,1015.2,18.9,SW,34.6,7.4,0.0,No,Yes
2021-09-07,Hubballi,10.9,19.7,14.3,62.8,1015.6,21.9,E,74.5,3.6,14.5,Yes,Yes
2021-09-08,Hubballi,7.4,17.3,11.3,82.2,1018.5,19.1,N,74.5,6.0,12.0,Yes,Yes
2021-09-09,Belagavi,13.4,25.0,18.2,69.4,1015.4,18.7,W,56.0,4.9,0.0,No,No
2021-09-10,Mysuru,8.4,17.9,12.3,58.4,1021.2,20.0,,48.9,5.8,0.0,No,No
2021-09-11,Bengaluru,8.7,18.8,14.0,79.4,1015.1,18.9,SE,63.4,5.9,0.0,No,Yes
2021-09-12,Mysuru,4.9,16.7,11.9,57.0,1019.8,24.5,NE,50.7,5.3,0.0,No,Yes
2021-09-13,Hubballi,16.3,27.2,21.3,64.2,1018.2,18.8,SW,38.8,5.9,0.0,No,No
2021-09-14,Hubballi,7.0,18.6,13.1,49.1,1019.8,18.2,SE,38.5,4.1,0.0,No,No
2021-09-15,Belagavi,17.5,26.3,21.6,57.4,1016.5,28.9,W,77.4,2.4,3.0,Yes,Yes
2021-09-16,Mysuru,10.7,21.9,17.5,76.6,1017.1,25.7,N,95.7,0.9,11.1,Yes,Yes
2021-09-17,Bengaluru,12.2,23.1,16.2,51.0,1019.3,14.4,SW,68.8,4.5,0.0,No,Yes
2021-09-18,Mysuru,10.3,21.7,15.7,56.9,1019.9,18.8,SW,54.9,4.7,8.4,Yes,No
2021-09-19,Hubballi,8.8,19.6,15.7,74.7,1018.9,22.9,S,49.8,8.4,0.4,No,Yes
2021-09-20,Mysuru,0.2,10.6,6.4,68.2,1027.4,23.2,NE,40.3,5.4,0.0,No,No
2021-09-21,Hubballi,6.0,19.6,13.0,98.7,1014.0,16.0,NW,53.5,7.2,13.6,Yes,Yes
2021-09-22,Hubballi,13.0,23.1,17.5,96.8,1018.6,26.6,E,55.4,5.6,7.0,Yes,No
2021-09-23,Mangaluru,10.6,18.1,13.9,64.4,1011.1,25.3,SE,83.0,4.0,7.0,Yes,Yes
2021-09-24,Bengaluru,4.5,12.9,8.4,81.6,1020.8,23.9,NE,84.7,3.8,19.1,Yes,Yes
2021-09-25,Belagavi,7.0,18.3,13.8,83.9,1013.4,27.4,SE,69.8,1.5,12.2,Yes,Yes
2021-09-26,Bengaluru,16.4,24.6,20.8,67.8,1017.6,23.8,NE,37.7,6.8,0.0,No,Yes
2021-09-27,Mysuru,15.5,24.1,19.0,57.0,1017.1,23.8,E,61.2,4.6,4.5,Yes,Yes
2021-09-28,Mangaluru,8.4,19.8,13.8,74.8,1020.4,28.2,SE,51.4,4.4,11.2,Yes,No
2021-09-29,Hubballi,12.8,23.1,17.8,72.9,1016.2,26.4,SE,21.9,8.7,1.2,Yes,No
2021-09-30,Bengaluru,9.3,18.2,12.5,69.8,1016.0,18.6,S,57.2,7.3,0.0,No,Yes
2021-10-01,Hubballi,2.4,12.6,7.2,80.3,1026.2,,N,44.5,3.1,0.0,No,Yes
2021-10-02,Hubballi,4.8,13.5,10.3,66.0,,19.3,NE,39.3,6.1,0.0,No,No
2021-10-03,Mangaluru,16.3,24.0,20.3,61.2,1016.2,24.0,NW,45.7,4.7,0.0,No,Yes
2021-10-04,Bengaluru,9.4,17.3,12.9,76.3,1017.7,23.9,E,48.0,6.1,3.1,Yes,Yes
2021-10-05,Mangaluru,6.6,19.6,13.0,79.6,1027.2,16.5,W,56.3,4.9,0.0,No,Yes
2021-10-06,Hubballi,7.3,17.2,12.8,60.8,1017.8,21.5,S,48.1,5.3,0.0,No,No
2021-10-07,Bengaluru,18.0,26.0,21.7,86.1,1015.5,23.0,S,31.3,8.2,17.2,Yes,No
2021-10-08,Hubballi,15.0,23.9,20.6,53.6,1015.5,20.2,N,69.3,6.2,3.5,Yes,Yes
2021-10-09,Hubballi,17.0,29.8,23.0,67.9,1016.2,23.2,W,37.4,10.1,3.9,Yes,No
2021-10-10,Bengaluru,8.1,19.6,13.5,71.7,1016.0,25.2,E,39.4,5.8,2.1,Yes,Yes
2021-10-11,Belagavi,11.8,21.4,15.3,67.1,1012.5,21.8,W,46.9,3.9,4.0,Yes,Yes
2021-10-12,Mangaluru,4.6,12.6,8.1,67.9,1013.3,22.8,SW,50.6,6.5,4.2,Yes,Yes
2021-10-13,Mysuru,16.9,23.4,20.1,97.1,1014.7,27.4,NW,85.7,4.8,16.3,Yes,Yes
2021-10-14,Hubballi,5.6,13.6,9.5,64.4,1021.8,23.8,NE,54.8,6.4,0.0,No,Yes
2021-10-15,Mangaluru,11.9,21.5,15.1,100.0,1016.9,22.7,SE,73.5,5.8,22.4,Yes,Yes
2021-10-16,Mangaluru,3.7,13.6,9.9,79.7,1017.8,18.0,NW,61.0,4.6,10.6,Yes,Yes
2021-10-17,Bengaluru,8.9,18.5,11.9,75.5,1025.1,24.5,NW,58.7,4.4,10.1,Yes,No
2021-10-18,Bengaluru,5.7,16.1,11.0,80.1,1025.2,23.1,N,61.7,5.0,11.2,Yes,Yes
2021-10-19,Bengaluru,5.7,17.8,12.0,100.0,1017.3,26.9,SE,36.0,6.6,5.7,Yes,Yes
2021-10-20,Mangaluru,5.7,17.1,12.3,,1015.5,21.9,S,46.2,6.9,7.4,Yes,No
2021-10-21,Bengaluru,7.6,19.0,12.3,60.7,1014.3,14.4,SE,66.7,5.6,10.2,Yes,Yes
2021-10-22,Mysuru,12.4,21.8,17.9,65.0,1022.1,14.9,NE,100.0,2.9,16.5,Yes,Yes
2021-10-23,Mangaluru,3.3,15.4,10.1,74.3,1017.5,24.6,SW,36.7,7.6,15.1,Yes,Yes
2021-10-24,Bengaluru,9.8,18.8,15.5,53.1,1016.6,19.3,NW,52.6,5.9,10.8,Yes,Yes
2021-10-25,Hubballi,12.9,24.5,19.5,74.0,1014.4,23.3,NE,46.0,7.1,9.2,Yes,Yes
2021-10-26,Mangaluru,6.9,19.6,12.7,93.9,1014.6,22.0,SW,93.3,0.0,27.2,Yes,Yes
2021-10-27,Belagavi,8.6,15.3,11.9,75.3,1020.0,20.8,SE,34.8,7.4,7.0,Yes,Yes
2021-10-28,Belagavi,10.1,19.0,13.9,69.9,1011.8,21.1,SE,62.3,4.9,5.3,Yes,No
2021-10-29,Mangaluru,12.9,25.0,19.6,65.9,1023.3,18.0,N,30.2,7.7,0.0,No,Yes
2021-10-30,Mangaluru,9.4,22.5,15.8,83.9,1015.6,21.3,,53.8,5.4,14.1,Yes,Yes
2021-10-31,Belagavi,8.2,17.1,12.9,63.1,1017.5,19.0,NE,49.7,6.4,0.0,No,Yes
2021-11-01,Hubballi,13.4,22.1,17.1,95.1,1011.5,19.8,SE,79.1,2.7,25.5,Yes,Yes
2021-11-02,Hubballi,7.1,17.7,10.8,96.0,1018.0,20.0,E,47.2,7.4,12.6,Yes,Yes
2021-11-03,Hubballi,11.4,24.1,18.0,75.7,1016.4,20.3,N,65.2,5.1,4.6,Yes,No
2021-11-04,Mysuru,13.3,23.2,17.0,72.4,1017.7,24.9,N,54.2,5.7,5.4,Yes,Yes
2021-11-05,Mysuru,9.6,20.3,14.2,84.7,1025.3,20.6,W,63.0,3.9,16.6,Yes,Yes
2021-11-06,Hubballi,5.5,17.2,12.1,85.3,1018.8,25.2,N,73.5,4.9,14.7,Yes,Yes
2021-11-07,Belagavi,8.9,16.8,12.0,62.4,1013.8,27.2,N,30.7,,0.0,No,No
2021-11-08,Mysuru,12.3,21.8,17.8,65.6,1014.2,24.4,SW,63.4,3.8,8.5,Yes,No
2021-11-09,Bengaluru,16.3,25.5,20.7,55.9,1020.7,23.1,SW,38.8,6.7,0.0,No,No
2021-11-10,Mysuru,9.8,16.4,13.3,76.5,1024.1,22.2,SE,72.0,4.8,6.6,Yes,Yes
2021-11-11,Belagavi,12.5,21.1,17.7,79.4,1019.0,24.3,NW,61.8,5.5,11.2,Yes,Yes
2021-11-12,Belagavi,2.7,11.8,7.7,55.0,1020.9,,S,43.9,6.9,0.0,No,No
2021-11-13,Mangaluru,10.4,18.1,13.8,65.6,1020.5,24.6,W,42.4,6.6,0.0,No,No
2021-11-14,Belagavi,12.0,21.9,16.1,54.7,1024.5,23.1,NW,59.2,6.3,0.0,No,Yes
2021-11-15,Hubballi,6.7,16.3,12.6,,1007.5,19.1,NW,67.9,5.8,11.2,Yes,Yes
2021-11-16,Belagavi,6.6,18.8,12.6,77.1,1020.5,,E,47.9,6.9,5.2,Yes,No
2021-11-17,Mysuru,8.4,20.0,13.8,61.5,1022.1,20.8,S,32.6,6.6,0.0,No,Yes
2021-11-18,Mysuru,14.3,23.1,17.8,66.5,1010.4,20.0,S,62.0,3.6,12.2,Yes,Yes
2021-11-19,Mysuru,9.5,20.9,15.9,50.4,1012.6,18.4,SE,23.4,7.4,0.0,No,No
2021-11-20,Belagavi,4.1,12.7,7.8,72.0,1012.7,20.9,N,34.2,9.5,0.4,No,Yes
2021-11-21,Hubballi,2.5,13.1,8.4,69.0,1013.2,24.2,N,36.7,7.3,0.0,No,Yes
2021-11-22,Hubballi,11.4,17.9,14.6,60.6,1014.3,23.7,SE,43.0,9.0,0.0,No,Yes
2021-11-23,Mangaluru,14.6,24.6,18.9,66.9,1017.9,21.5,SE,31.7,,0.0,No,No
2021-11-24,Bengaluru,1.3,11.5,6.2,71.1,1020.9,22.4,SW,24.4,7.7,0.0,No,Yes
2021-11-25,Hubballi,12.2,18.4,15.3,59.0,1021.9,25.0,NE,31.6,7.3,0.0,No,No
2021-11-26,Mysuru,11.6,19.1,15.3,,1012.2,19.2,N,55.0,5.3,0.0,No,No
2021-11-27,Mangaluru,18.8,27.9,23.1,90.0,1012.1,15.3,E,41.9,5.6,9.8,Yes,Yes
2021-11-28,Hubballi,9.2,22.7,16.1,60.5,1022.8,24.9,NE,44.1,4.9,2.8,Yes,Yes
2021-11-29,Hubballi,13.2,26.3,19.3,66.7,1019.4,17.5,S,80.9,3.9,14.8,Yes,Yes
2021-11-30,Bengaluru,12.1,24.5,18.5,79.8,1016.5,16.8,W,56.2,6.6,8.5,Yes,Yes
2021-12-01,Bengaluru,3.8,15.5,9.5,100.0,1018.3,12.3,SW,70.1,7.1,26.2,Yes,Yes
2021-12-02,Bengaluru,17.0,25.9,21.2,52.3,1015.7,21.7,SW,31.7,6.8,0.0,No,No
2021-12-03,Hubballi,13.3,24.4,19.1,72.4,1018.4,12.8,N,86.4,2.4,24.3,Yes,Yes
2021-12-04,Hubballi,14.7,24.4,20.4,58.3,1014.0,16.3,SE,40.2,5.7,2.4,Yes,No
2021-12-05,Mysuru,28.8,40.2,34.2,60.1,1017.0,21.5,SE,45.6,,0.0,No,No
2021-12-06,Belagavi,6.1,13.5,10.3,57.7,1008.0,22.0,W,67.8,5.3,2.1,Yes,Yes
2021-12-07,Bengaluru,21.6,30.3,25.7,52.6,1012.0,16.4,SE,43.3,5.3,0.0,No,No
2021-12-08,Mysuru,13.4,24.1,17.7,65.3,1012.0,18.4,N,51.9,4.6,8.2,Yes,Yes
2021-12-09,Mysuru,15.9,27.1,20.2,47.9,1013.4,15.4,,39.9,7.8,0.0,No,No
2021-12-10,Mangaluru,15.6,24.7,19.0,76.7,1010.5,16.6,E,51.6,6.2,13.0,Yes,Yes
2021-12-11,Mysuru,11.4,21.4,17.6,65.8,1012.4,19.8,SE,56.9,6.2,1.4,Yes,Yes
2021-12-12,Bengaluru,12.6,22.4,17.1,69.9,1007.4,16.6,SW,61.3,3.8,4.7,Yes,Yes
2021-12-13,Belagavi,15.0,26.1,20.8,59.0,1017.6,17.6,N,39.0,4.5,0.0,No,Yes
2021-12-14,Mysuru,9.5,20.5,13.6,60.0,1014.3,12.6,S,37.5,5.8,2.7,Yes,No
2021-12-15,Hubballi,17.4,29.2,22.8,67.6,1006.1,22.9,NE,42.9,7.3,5.4,Yes,Yes
2021-12-16,Hubballi,15.1,21.5,18.3,49.9,1010.4,20.3,N,23.9,10.5,1.6,Yes,Yes
2021-12-17,Mysuru,12.1,19.4,15.5,59.3,1016.1,21.4,N,24.9,7.4,0.0,No,No
2021-12-18,Bengaluru,13.9,24.8,18.4,53.1,1011.6,23.3,SW,50.7,,0.0,No,No
2021-12-19,Belagavi,21.3,32.2,25.4,52.5,1010.8,14.7,SE,60.1,6.0,6.5,Yes,Yes
2021-12-20,Belagavi,13.9,22.5,18.3,37.6,1013.8,16.5,W,53.1,3.9,1.7,Yes,No
2021-12-21,Bengaluru,15.3,27.8,22.0,78.7,1015.8,10.3,NE,20.8,8.5,0.0,No,Yes
2021-12-22,Hubballi,14.5,22.0,17.8,54.1,1006.8,30.4,NE,43.0,7.5,0.0,No,No
2021-12-23,Hubballi,19.0,27.1,23.9,76.1,1016.6,17.1,SE,38.9,3.8,1.3,Yes,Yes
2021-12-24,Mangaluru,20.0,30.1,23.7,74.7,1009.7,,E,57.0,6.0,28.9,Yes,Yes
2021-12-25,Mysuru,24.1,34.5,28.5,46.2,1013.6,12.6,N,37.2,8.3,0.0,No,No
2021-12-26,Mysuru,14.9,23.8,20.6,48.3,1013.4,,SE,53.2,6.0,0.0,No,Yes
2021-12-27,Hubballi,17.2,27.7,24.1,91.8,1010.8,24.8,W,61.4,4.8,20.3,Yes,Yes
2021-12-28,Mysuru,16.2,28.9,21.9,81.8,1008.2,17.0,SW,29.3,7.4,12.0,Yes,Yes
2021-12-29,Bengaluru,20.3,32.5,26.9,60.2,1011.8,13.1,E,,6.8,0.0,No,Yes
2021-12-30,Belagavi,15.4,25.2,19.0,63.4,1021.3,16.6,SE,50.5,4.4,6.7,Yes,Yes
2021-12-31,Mangaluru,21.2,29.5,24.9,52.5,1006.2,,S,47.3,5.2,0.0,No,Yes
2022-01-01,Bengaluru,14.9,26.4,21.4,64.9,1021.4,16.8,E,29.9,7.0,0.0,No,No
2022-01-02,Bengaluru,16.6,27.5,22.0,50.9,1011.5,20.1,W,22.3,8.3,0.0,No,No
2022-01-03,Bengaluru,16.6,29.0,22.8,,1012.9,16.6,SW,39.8,6.0,0.0,No,Yes
2022-01-04,Mysuru,19.7,27.9,23.6,43.1,1007.2,15.5,E,21.2,7.2,0.0,No,No
2022-01-05,Belagavi,17.8,27.9,22.2,59.0,1008.6,18.7,NE,23.6,8.9,0.0,No,No
2022-01-06,Mangaluru,20.4,29.8,23.7,44.9,1009.9,18.9,NW,36.3,7.4,0.0,No,No
2022-01-07,Hubballi,22.7,35.5,29.3,57.4,1007.1,9.8,N,40.6,6.0,0.9,No,No
2022-01-08,Bengaluru,20.2,32.0,27.0,45.0,1011.1,16.7,SE,29.8,8.1,0.0,No,No
2022-01-09,Bengaluru,20.3,31.6,26.7,48.3,1010.0,26.0,W,33.8,6.6,0.0,No,Yes
2022-01-10,Bengaluru,16.8,25.0,21.5,67.7,1021.2,10.8,W,52.3,5.7,4.0,Yes,No
2022-01-11,Hubballi,15.6,24.9,19.9,60.1,1006.0,15.7,SW,38.3,8.0,0.0,No,No
2022-01-12,Mysuru,22.6,33.3,27.5,56.8,1012.3,23.7,,48.8,5.2,8.0,Yes,Yes
2022-01-13,Mysuru,21.7,34.0,27.3,67.2,1012.9,20.3,SE,46.2,4.7,18.7,Yes,Yes
2022-01-14,Belagavi,25.1,33.3,29.8,62.2,1006.2,13.8,NW,52.4,5.5,3.5,Yes,Yes
2022-01-15,Mysuru,16.9,28.5,21.6,73.5,1014.9,16.5,NW,67.6,2.7,13.0,Yes,Yes
2022-01-16,Mysuru,18.5,27.2,23.3,50.4,1009.4,15.6,N,,4.9,4.2,Yes,Yes
2022-01-17,Mangaluru,11.8,21.5,17.7,50.5,998.8,12.6,SW,,4.3,8.6,Yes,No
2022-01-18,Mangaluru,16.7,26.3,22.9,39.8,1014.5,15.2,NW,53.5,2.6,0.0,No,Yes
2022-01-19,Mysuru,22.1,35.5,28.6,50.0,1005.5,14.3,SW,48.6,6.6,3.8,Yes,No
2022-01-20,Mangaluru,18.9,28.1,22.8,66.5,1005.7,15.8,NW,45.1,6.0,2.9,Yes,Yes
2022-01-21,Belagavi,23.8,31.5,27.4,70.3,1014.3,12.2,N,47.3,7.5,12.1,Yes,Yes
2022-01-22,Mysuru,19.8,28.5,24.2,66.0,1009.0,10.0,SW,38.2,7.1,3.7,Yes,Yes
2022-01-23,Mangaluru,21.7,33.2,26.4,32.7,1015.3,14.9,SW,38.1,7.7,0.0,No,No
2022-01-24,Hubballi,14.8,27.2,20.6,67.0,1016.6,21.9,SW,62.3,6.2,20.5,Yes,Yes
2022-01-25,Mangaluru,19.6,30.1,25.7,31.7,1007.3,15.2,NE,26.8,7.6,0.0,No,No
2022-01-26,Mangaluru,6.6,16.7,13.5,64.3,1014.4,13.5,N,50.2,5.8,4.3,Yes,Yes
2022-01-27,Hubballi,20.3,31.2,24.8,48.9,1006.5,17.8,NW,34.4,5.2,0.0,No,Yes
2022-01-28,Belagavi,14.6,25.8,19.2,61.5,1021.4,14.1,S,52.7,7.1,0.0,No,No
2022-01-29,Hubballi,25.5,37.0,30.7,36.8,1006.7,22.1,NE,31.5,7.2,0.0,No,No
2022-01-30,Belagavi,22.8,35.7,29.1,66.7,1015.2,14.5,E,40.6,5.4,0.0,No,No
2022-01-31,Hubballi,22.3,33.2,27.9,34.8,1014.2,17.3,N,28.7,8.5,0.0,No,No
2022-02-01,Belagavi,27.0,38.6,32.3,44.1,1011.4,11.4,E,50.2,3.2,0.0,No,Yes
2022-02-02,Belagavi,16.9,29.3,22.5,40.0,1006.4,,NE,39.5,6.2,0.0,No,No
2022-02-03,Bengaluru,28.5,40.0,33.4,30.7,,,SW,30.8,8.5,0.0,No,Yes
2022-02-04,Bengaluru,24.2,35.6,30.3,52.6,998.8,13.9,S,50.0,5.3,0.0,No,Yes
2022-02-05,Mangaluru,22.4,31.7,25.7,73.0,1010.6,12.1,W,48.0,5.1,0.0,No,Yes
2022-02-06,Hubballi,26.3,37.2,31.3,83.1,1011.2,11.5,S,75.1,3.2,9.5,Yes,Yes
2022-02-07,Belagavi,16.2,28.7,22.4,52.0,1010.0,15.1,N,31.2,,5.9,Yes,Yes
2022-02-08,Bengaluru,19.5,27.6,23.7,64.1,994.4,16.4,S,47.8,6.9,0.0,No,Yes
2022-02-09,Mangaluru,18.3,27.7,24.6,53.3,1002.9,13.3,SW,25.2,7.7,0.0,No,No
2022-02-10,Mangaluru,18.9,30.1,25.1,56.3,1005.4,14.9,NW,42.3,6.1,0.0,No,Yes
2022-02-11,Mangaluru,17.7,29.1,23.1,46.0,1010.5,13.5,W,18.2,8.2,0.0,No,No
2022-02-12,Bengaluru,28.3,35.8,32.3,52.2,1010.4,14.0,SE,57.1,5.3,0.0,No,Yes
2022-02-13,Mysuru,20.0,31.6,26.5,56.1,1008.0,12.8,,59.0,5.9,1.7,Yes,No
2022-02-14,Mangaluru,25.9,33.3,29.0,42.6,1012.0,13.6,SW,53.8,,8.1,Yes,Yes
2022-02-15,Mysuru,20.0,31.8,25.4,48.4,1003.6,24.2,NE,44.8,4.6,0.0,No,Yes
2022-02-16,Mysuru,14.4,23.9,20.5,48.4,,14.6,SW,31.2,8.1,0.0,No,No
2022-02-17,Mysuru,24.0,35.4,29.0,58.9,1011.0,15.9,S,36.6,7.6,0.8,No,Yes
2022-02-18,Mangaluru,16.9,25.8,20.3,36.0,,15.0,NE,62.4,5.1,0.0,No,No
2022-02-19,Belagavi,21.5,34.5,27.8,48.0,1007.5,,NE,65.7,5.8,6.6,Yes,Yes
2022-02-20,Mysuru,16.0,29.4,22.7,71.4,1017.5,18.3,SW,55.4,5.4,2.9,Yes,Yes
2022-02-21,Bengaluru,30.9,42.4,36.2,62.3,1010.8,11.9,SW,42.2,7.8,3.7,Yes,No
2022-02-22,Bengaluru,25.8,37.1,32.0,64.3,1003.4,17.3,SE,71.3,5.8,11.8,Yes,Yes
2022-02-23,Mysuru,23.4,32.4,28.8,48.3,1009.4,11.7,NW,33.9,7.9,0.0,No,No
2022-02-24,Mysuru,28.3,37.4,33.5,51.7,1011.9,9.1,SW,49.1,5.0,6.9,Yes,Yes
2022-02-25,Mysuru,21.7,29.9,25.2,59.7,1005.1,14.4,NW,69.2,4.1,22.0,Yes,Yes
2022-02-26,Bengaluru,26.1,36.7,30.8,66.3,1013.5,8.4,SW,39.0,8.2,0.0,No,No
2022-02-27,Hubballi,23.8,34.7,29.5,24.0,1009.9,14.9,W,47.0,4.3,0.0,No,No
2022-02-28,Belagavi,25.0,34.6,29.9,31.5,996.2,8.0,N,45.4,5.7,6.4,Yes,No
2022-03-01,Hubballi,28.5,38.9,34.0,62.8,1009.3,11.4,NE,49.5,5.5,15.4,Yes,Yes
2022-03-02,Bengaluru,25.3,37.8,31.9,43.7,1005.8,6.9,SE,27.6,6.7,0.0,No,No
2022-03-03,Bengaluru,25.7,33.3,30.2,38.8,1010.4,23.9,S,29.7,8.6,0.0,No,No
2022-03-04,Mangaluru,16.1,27.2,22.5,31.7,1012.4,6.0,NW,42.0,7.0,0.0,No,No
2022-03-05,Hubballi,22.2,30.6,25.3,40.0,1008.6,12.6,W,19.6,7.5,0.0,No,No
2022-03-06,Mysuru,22.3,34.1,28.7,29.7,1015.9,17.1,E,38.8,7.5,0.0,No,No
2022-03-07,Mysuru,26.2,35.1,29.6,71.5,1006.7,16.6,N,61.7,4.7,21.5,Yes,Yes
2022-03-08,Bengaluru,20.5,28.0,24.8,46.0,1010.6,15.8,W,58.2,4.1,0.0,No,Yes
2022-03-09,Mangaluru,34.0,44.2,39.0,45.5,1011.5,11.1,SW,22.2,7.3,0.0,No,No
2022-03-10,Hubballi,29.9,40.7,35.5,53.1,1006.9,17.8,E,66.0,5.0,8.8,Yes,No
2022-03-11,Mangaluru,25.1,38.3,31.9,57.5,1011.3,16.0,SE,73.4,5.0,3.4,Yes,Yes
2022-03-12,Belagavi,25.6,35.8,29.8,57.3,1004.4,13.2,NE,54.1,4.9,4.8,Yes,Yes
2022-03-13,Mangaluru,25.4,31.8,28.7,58.7,1005.2,13.2,SE,32.9,7.9,0.0,No,Yes
2022-03-14,Belagavi,21.0,31.0,25.8,38.2,1000.7,11.0,N,,9.0,0.0,No,No
2022-03-15,Hubballi,25.6,35.7,30.0,42.1,1008.5,8.6,N,41.1,5.1,0.0,No,Yes
2022-03-16,Mysuru,25.3,36.0,30.7,54.8,1008.9,17.1,S,51.0,6.2,2.5,Yes,Yes
2022-03-17,Belagavi,18.1,30.5,24.8,39.2,1013.1,17.4,NW,41.0,,0.0,No,Yes
2022-03-18,Mysuru,25.5,34.6,31.1,45.4,1011.1,8.6,SE,47.4,5.9,0.0,No,No
2022-03-19,Mangaluru,23.9,32.8,29.2,50.2,1005.7,11.5,N,43.7,7.8,0.0,No,Yes
2022-03-20,Mangaluru,18.2,27.5,22.2,54.8,1001.2,,SE,50.9,8.4,0.1,No,Yes
2022-03-21,Hubballi,22.3,32.6,26.4,24.0,1009.3,12.0,S,27.7,8.1,0.0,No,No
2022-03-22,Mysuru,23.5,31.3,28.2,53.8,1012.6,12.3,S,41.5,6.3,2.3,Yes,No
2022-03-23,Hubballi,30.9,42.2,37.4,42.4,1010.9,15.9,SE,33.3,8.4,0.0,No,Yes
2022-03-24,Belagavi,26.8,39.1,32.1,53.6,1012.5,9.1,SW,75.2,4.7,6.9,Yes,Yes
2022-03-25,Mangaluru,19.6,30.7,24.6,54.4,1006.0,8.7,N,68.7,1.2,7.2,Yes,Yes
2022-03-26,Mangaluru,26.7,36.7,31.9,64.4,,17.0,W,59.1,5.1,11.8,Yes,Yes
2022-03-27,Mangaluru,17.4,27.2,23.8,61.3,1003.3,10.2,NE,69.4,3.7,6.1,Yes,Yes
2022-03-28,Mangaluru,28.6,38.7,34.3,61.2,1006.7,7.0,SW,61.5,5.4,12.7,Yes,Yes
2022-03-29,Mangaluru,21.4,31.7,28.1,62.3,1006.6,10.1,NE,52.7,5.4,7.9,Yes,Yes
2022-03-30,Belagavi,24.3,36.3,29.6,48.5,1008.0,10.7,SW,21.8,8.1,0.0,No,No
2022-03-31,Belagavi,31.5,41.0,35.3,45.4,1006.4,18.2,S,39.2,5.7,0.0,No,No
2022-04-01,Hubballi,21.8,31.3,24.9,55.5,1006.3,15.7,N,42.2,7.4,5.9,Yes,Yes
2022-04-02,Bengaluru,20.1,31.0,24.4,53.8,1003.1,16.6,S,,9.5,0.0,No,Yes
2022-04-03,Mangaluru,24.4,33.1,27.7,41.3,1011.7,15.3,W,,7.4,0.0,No,Yes
2022-04-04,Mangaluru,29.5,37.2,34.1,49.9,1007.4,15.8,S,52.3,4.0,0.0,No,No
2022-04-05,Bengaluru,20.2,29.1,23.9,44.6,1006.1,9.3,S,47.7,6.0,3.2,Yes,Yes
2022-04-06,Hubballi,14.0,24.9,18.6,34.8,1003.3,11.2,W,21.4,8.2,0.0,No,Yes
2022-04-07,Belagavi,23.6,32.4,28.2,60.6,1000.4,8.1,S,38.0,8.2,1.9,Yes,Yes
2022-04-08,Mangaluru,28.0,38.9,32.2,45.8,1013.6,11.2,SE,60.7,3.5,5.6,Yes,Yes
2022-04-09,Hubballi,29.1,41.7,34.7,69.7,1009.8,14.8,SE,39.7,6.0,2.8,Yes,Yes
2022-04-10,Bengaluru,23.3,33.3,28.1,25.7,998.9,12.6,N,37.8,4.3,0.0,No,No
2022-04-11,Belagavi,21.7,33.4,28.2,38.5,1010.9,17.3,SW,37.6,8.5,0.0,No,No
2022-04-12,Belagavi,31.2,40.1,34.5,45.6,1011.7,7.5,N,50.9,6.1,2.8,Yes,Yes
2022-04-13,Hubballi,17.7,27.6,22.4,59.0,1007.7,14.1,E,35.7,6.5,0.0,No,No
2022-04-14,Mysuru,22.2,31.9,28.3,50.1,1015.1,7.1,NE,46.4,4.5,0.0,No,Yes
2022-04-15,Mysuru,25.6,34.6,30.5,49.1,1008.2,12.5,W,47.2,4.6,4.6,Yes,Yes
2022-04-16,Mysuru,24.7,35.4,31.5,31.9,1000.1,15.1,SE,41.2,7.1,0.5,No,No
2022-04-17,Bengaluru,24.0,31.0,27.7,31.7,1009.0,11.3,W,38.8,5.4,0.0,No,Yes
2022-04-18,Mysuru,25.5,33.4,29.8,49.5,1008.5,14.4,N,50.0,6.0,0.0,No,No
2022-04-19,Hubballi,16.2,26.6,19.7,29.3,1004.3,8.4,NW,69.6,6.7,1.0,Yes,Yes
2022-04-20,Belagavi,23.0,32.2,27.0,39.4,1010.2,5.6,SW,79.2,3.0,11.2,Yes,Yes
2022-04-21,Hubballi,25.7,34.9,31.4,51.9,999.0,14.5,S,36.2,5.8,7.4,Yes,Yes
2022-04-22,Hubballi,20.6,31.4,25.6,34.2,1012.3,19.3,SE,3.9,10.1,0.0,No,No
2022-04-23,Mangaluru,26.0,34.6,29.7,65.3,1003.0,8.4,NE,60.1,3.5,3.6,Yes,Yes
2022-04-24,Bengaluru,26.3,35.1,31.2,60.8,,17.3,SE,52.1,7.7,5.1,Yes,Yes
2022-04-25,Belagavi,21.6,34.7,28.0,27.4,1006.9,12.6,,51.9,7.4,0.0,No,No
2022-04-26,Mangaluru,25.2,33.9,30.0,35.1,1009.7,,NE,43.3,6.2,1.2,Yes,No
2022-04-27,Bengaluru,22.3,28.8,25.4,19.0,1008.4,8.0,E,33.5,6.1,0.0,No,No
2022-04-28,Belagavi,25.1,32.2,28.3,37.2,1003.9,12.6,N,56.8,4.8,6.6,Yes,Yes
2022-04-29,Mangaluru,26.8,38.2,31.6,55.9,1005.1,10.9,SW,66.4,4.1,4.1,Yes,Yes
2022-04-30,Mysuru,24.3,36.1,29.7,41.8,1002.1,7.3,NE,20.9,8.7,0.0,No,No
2022-05-01,Hubballi,20.1,33.2,26.6,52.4,1006.6,5.9,E,33.7,8.4,0.5,No,Yes
2022-05-02,Mysuru,22.9,36.5,29.8,28.8,1013.2,9.3,SW,34.9,5.8,0.0,No,No
2022-05-03,Belagavi,24.8,35.0,31.7,56.7,1007.8,13.5,SW,49.2,7.1,1.2,Yes,Yes
2022-05-04,Mangaluru,15.3,26.4,20.6,40.6,1012.2,12.7,SE,37.9,7.6,0.0,No,No
2022-05-05,Mangaluru,30.2,39.0,33.3,47.6,1015.3,10.8,N,50.6,5.2,0.0,No,No
2022-05-06,Mangaluru,23.4,34.2,27.3,46.5,1005.1,13.7,W,58.5,3.8,4.1,Yes,Yes
2022-05-07,Hubballi,25.5,36.1,30.2,32.5,1007.2,17.1,W,63.8,4.8,0.0,No,No
2022-05-08,Mangaluru,26.7,39.4,33.2,34.1,1019.0,14.5,NE,47.3,4.8,0.0,No,No
2022-05-09,Bengaluru,19.8,28.8,22.9,59.7,1015.4,12.5,SW,36.1,8.2,0.0,No,No
2022-05-10,Bengaluru,20.4,30.9,25.5,53.0,999.9,16.8,W,44.0,5.0,0.0,No,Yes
2022-05-11,Bengaluru,21.4,32.3,27.1,61.0,1010.3,9.3,SW,48.3,6.6,0.5,No,Yes
2022-05-12,Mysuru,20.8,31.9,25.0,52.4,1008.4,12.3,NE,53.7,5.4,0.0,No,Yes
2022-05-13,Belagavi,30.7,41.7,35.0,50.4,1012.6,12.4,NW,51.0,5.1,0.0,No,Yes
2022-05-14,Mysuru,20.0,29.3,24.5,28.2,1004.8,8.3,W,67.0,4.3,0.0,No,Yes
2022-05-15,Mysuru,21.5,29.8,25.6,45.8,1004.4,11.7,SW,36.4,8.3,0.0,No,No
2022-05-16,Hubballi,23.8,33.6,28.6,48.9,1005.3,5.1,N,50.3,4.4,3.8,Yes,No
2022-05-17,Mysuru,19.2,28.8,22.8,72.8,1005.9,21.1,SW,89.5,2.1,26.1,Yes,Yes
2022-05-18,Hubballi,22.2,30.6,26.0,57.8,1012.9,9.8,NW,39.4,5.8,0.0,No,No
2022-05-19,Bengaluru,25.6,33.9,28.7,68.2,1003.0,19.9,NW,54.5,5.4,6.2,Yes,Yes
2022-05-20,Bengaluru,21.4,30.2,26.0,57.1,1005.9,13.8,W,33.7,6.4,0.0,No,No
2022-05-21,Mysuru,21.0,31.6,26.9,41.6,1000.1,16.0,SE,42.9,4.3,0.0,No,Yes
2022-05-22,Mysuru,20.0,31.9,25.0,51.8,1014.2,11.8,SE,,5.9,0.0,No,No
2022-05-23,Bengaluru,15.9,24.8,21.0,53.4,1015.6,14.7,S,62.1,6.8,0.0,No,Yes
2022-05-24,Mangaluru,23.4,35.2,28.2,39.5,1007.7,16.5,NW,43.0,6.7,0.0,No,Yes
2022-05-25,Bengaluru,28.5,37.7,33.8,46.3,,16.6,,29.5,7.8,3.7,Yes,Yes
2022-05-26,Mangaluru,22.9,31.1,26.8,48.7,1011.7,17.2,SE,57.1,4.9,0.0,No,Yes
2022-05-27,Bengaluru,23.7,30.9,27.5,70.6,1016.9,12.7,N,56.0,5.3,0.0,No,Yes
2022-05-28,Belagavi,22.5,35.3,29.3,26.6,1011.7,12.3,E,49.9,5.3,0.0,No,No
2022-05-29,Hubballi,16.5,24.4,21.3,66.3,1006.2,7.9,N,34.3,7.8,0.0,No,Yes
2022-05-30,Hubballi,26.8,39.2,33.1,40.8,1001.7,16.4,NE,46.8,6.2,0.0,No,Yes
2022-05-31,Belagavi,20.3,32.3,26.9,35.8,1004.3,18.7,SW,50.9,4.4,0.0,No,No
2022-06-01,Mangaluru,27.1,38.5,32.5,66.6,1010.3,20.9,W,45.3,6.5,4.3,Yes,No
2022-06-02,Mysuru,18.8,29.1,23.0,61.5,1006.8,,S,30.7,4.5,0.0,No,No
2022-06-03,Mysuru,27.3,36.6,33.1,68.0,1011.1,11.6,S,51.6,6.2,3.4,Yes,Yes
2022-06-04,Hubballi,24.0,31.8,28.8,62.7,1007.5,7.9,W,68.5,2.6,0.8,No,Yes
2022-06-05,Mysuru,20.9,31.4,27.7,78.1,1005.1,19.0,W,73.1,3.8,16.6,Yes,Yes
2022-06-06,Mangaluru,20.1,30.9,26.3,60.3,1004.6,7.7,E,42.7,5.0,9.5,Yes,Yes
2022-06-07,Mysuru,18.0,27.6,24.3,52.0,1018.3,13.6,W,26.5,7.8,1.8,Yes,No
2022-06-08,Bengaluru,24.6,34.8,30.0,58.2,1015.1,14.1,SW,41.8,7.2,0.0,No,No
2022-06-09,Belagavi,22.6,29.7,25.6,69.2,1019.4,14.8,NE,45.7,8.0,0.6,No,Yes
2022-06-10,Hubballi,10.7,21.5,17.0,45.2,1013.5,15.3,W,49.8,4.0,0.0,No,Yes
2022-06-11,Mysuru,17.2,27.1,20.3,47.0,1008.8,15.8,SE,42.2,7.7,5.9,Yes,No
2022-06-12,Mangaluru,20.4,29.8,23.9,51.3,1017.6,5.7,W,34.2,7.3,0.0,No,No
2022-06-13,Mysuru,19.4,31.4,25.8,30.0,1010.9,15.5,SE,53.6,5.0,0.0,No,No
2022-06-14,Belagavi,20.3,29.8,24.2,57.2,1012.3,6.6,SE,50.0,6.7,0.0,No,No
2022-06-15,Bengaluru,22.8,34.4,29.1,33.1,1011.1,18.5,N,44.8,6.0,0.0,No,No
2022-06-16,Hubballi,12.4,21.4,16.3,56.7,996.7,,SE,21.8,9.0,5.9,Yes,Yes
2022-06-17,Hubballi,18.5,31.1,24.6,66.6,1019.5,7.1,NW,15.3,7.5,0.0,No,Yes
2022-06-18,Mangaluru,11.4,19.9,16.6,50.8,1014.1,12.6,NW,23.8,7.3,0.0,No,No
2022-06-19,Bengaluru,21.1,30.9,26.8,76.9,1013.4,,NE,48.5,7.1,12.9,Yes,No
2022-06-20,Mysuru,16.9,26.6,23.2,,1011.5,20.8,S,49.4,7.7,0.0,No,Yes
2022-06-21,Mysuru,18.2,28.2,25.1,71.6,1012.7,16.9,N,18.5,8.4,4.2,Yes,Yes
2022-06-22,Mangaluru,16.5,22.9,19.9,65.6,1009.0,17.6,SE,75.1,0.4,16.7,Yes,Yes
2022-06-23,Bengaluru,22.6,31.4,28.3,37.2,1015.2,21.0,NE,42.4,6.2,0.0,No,No
2022-06-24,Mangaluru,20.4,32.9,27.2,90.6,1005.7,16.0,E,81.6,3.2,36.5,Yes,Yes
2022-06-25,Belagavi,20.7,28.7,25.2,57.5,,19.4,NE,34.7,6.8,0.0,No,Yes
2022-06-26,Belagavi,17.9,26.1,22.3,48.0,1015.2,19.3,S,51.8,6.1,0.0,No,Yes
2022-06-27,Mysuru,19.2,29.6,25.0,41.9,1011.5,11.5,NW,43.0,5.8,0.0,No,No
2022-06-28,Belagavi,15.1,23.7,19.7,56.4,1014.5,22.6,NE,59.8,6.0,0.0,No,No
2022-06-29,Mangaluru,21.9,32.1,25.8,57.8,1007.8,11.1,NW,44.6,4.9,6.5,Yes,No
2022-06-30,Hubballi,25.2,34.3,28.8,60.8,1008.0,20.5,W,56.4,6.8,2.9,Yes,Yes
2022-07-01,Belagavi,22.6,30.7,26.4,56.3,1014.1,10.9,NE,64.0,6.5,10.1,Yes,Yes
2022-07-02,Mangaluru,13.2,23.3,19.0,67.7,1016.4,19.4,W,42.3,5.4,4.5,Yes,No
2022-07-03,Hubballi,16.6,29.0,23.3,55.7,1003.8,24.6,W,50.9,4.7,0.0,No,Yes
2022-07-04,Hubballi,10.3,20.2,16.5,37.4,1015.9,16.4,N,11.6,9.5,0.0,No,No
2022-07-05,Belagavi,19.0,27.9,23.8,59.1,1010.6,16.3,S,59.2,3.6,0.0,No,No
2022-07-06,Bengaluru,18.1,27.6,23.2,32.7,1012.5,19.8,SE,67.4,3.8,0.0,No,No
2022-07-07,Belagavi,8.3,18.6,13.8,65.6,1006.9,16.1,W,32.6,8.6,0.0,No,No
2022-07-08,Belagavi,11.2,20.2,16.5,49.9,1009.4,24.8,W,43.6,7.3,0.0,No,No
2022-07-09,Bengaluru,13.0,23.5,19.9,63.9,1018.6,18.4,S,63.8,7.1,2.7,Yes,Yes
2022-07-10,Belagavi,13.1,26.6,19.6,77.9,1014.0,16.4,E,56.6,5.5,8.4,Yes,Yes
2022-07-11,Mangaluru,12.7,22.5,15.9,51.0,1012.0,15.6,SW,47.9,5.3,10.8,Yes,No
2022-07-12,Bengaluru,15.8,27.2,22.1,75.4,1013.5,14.2,W,49.3,6.0,4.6,Yes,Yes
2022-07-13,Mangaluru,18.0,27.5,21.5,57.7,1016.6,15.5,W,41.7,6.3,0.0,No,Yes
2022-07-14,Hubballi,13.8,25.2,19.5,84.2,1016.5,16.7,S,57.4,5.1,16.8,Yes,Yes
2022-07-15,Bengaluru,13.0,20.5,17.2,59.0,1014.0,16.2,N,49.2,5.9,6.9,Yes,Yes
2022-07-16,Hubballi,18.1,29.3,24.2,53.6,1019.9,15.6,SE,28.7,6.5,0.0,No,No
2022-07-17,Mysuru,23.5,30.3,26.5,72.2,1019.4,26.7,S,52.9,5.9,0.0,No,No
2022-07-18,Mysuru,13.3,23.2,17.8,58.9,1016.7,14.3,SW,72.1,2.3,8.0,Yes,Yes
2022-07-19,Mangaluru,14.1,20.4,17.2,54.3,1015.0,,W,40.4,5.8,0.0,No,No
2022-07-20,Hubballi,14.7,25.1,21.5,58.9,1018.2,,SE,30.0,7.4,0.0,No,Yes
2022-07-21,Hubballi,14.9,24.1,18.0,64.4,1016.5,21.2,W,48.5,3.2,1.6,Yes,Yes
2022-07-22,Bengaluru,15.1,25.1,18.7,81.3,1020.4,18.5,N,46.8,7.0,0.0,No,No
2022-07-23,Mysuru,16.9,28.7,22.1,42.2,1019.7,17.8,W,21.8,5.7,0.0,No,No
2022-07-24,Mangaluru,5.8,17.9,11.4,65.9,1010.2,20.7,W,53.5,6.3,18.1,Yes,Yes
2022-07-25,Mangaluru,18.2,30.8,24.1,73.4,1009.9,20.0,NE,43.7,4.8,0.3,No,No
2022-07-26,Bengaluru,15.0,22.4,19.0,68.4,1011.9,18.0,W,43.0,5.9,4.4,Yes,Yes
2022-07-27,Bengaluru,12.8,22.6,17.0,82.1,1020.4,12.9,SW,60.1,5.6,8.1,Yes,Yes
2022-07-28,Mangaluru,14.2,23.9,18.1,65.7,1007.7,17.3,E,28.3,10.3,5.8,Yes,Yes
2022-07-29,Bengaluru,14.2,22.3,18.2,64.6,1017.7,14.7,S,24.7,8.1,0.0,No,Yes
2022-07-30,Hubballi,5.2,18.3,11.3,74.1,1017.6,16.7,SE,64.7,2.2,9.4,Yes,Yes
2022-07-31,Mangaluru,17.3,28.3,24.1,68.5,1021.7,19.6,S,23.4,9.2,0.0,No,No
2022-08-01,Belagavi,12.8,23.5,18.2,62.8,1016.9,20.9,NW,35.5,6.8,0.0,No,Yes
2022-08-02,Mysuru,16.0,26.2,19.7,73.9,1009.4,26.7,W,27.6,7.8,6.9,Yes,No
2022-08-03,Mysuru,18.3,25.7,21.6,60.1,1011.4,17.5,N,41.7,7.2,4.3,Yes,Yes
2022-08-04,Belagavi,9.6,19.0,13.6,60.8,1010.3,22.8,NE,55.7,2.7,0.0,No,Yes
2022-08-05,Belagavi,15.7,25.3,19.4,62.0,1013.7,21.0,N,51.5,5.7,0.0,No,No
2022-08-06,Hubballi,11.0,21.9,16.4,84.8,1015.5,25.0,SW,94.8,1.6,21.4,Yes,Yes
2022-08-07,Mangaluru,14.9,25.3,20.7,30.1,1010.7,22.2,W,53.4,7.0,0.0,No,No
2022-08-08,Bengaluru,5.7,15.5,8.7,73.7,1024.0,16.0,W,40.5,7.5,0.0,No,No
2022-08-09,Mysuru,11.9,22.1,16.7,69.6,1010.1,13.2,SE,34.9,5.1,13.1,Yes,Yes
2022-08-10,Belagavi,9.1,18.5,14.6,49.2,1023.5,21.4,S,85.3,,11.3,Yes,Yes
2022-08-11,Mangaluru,14.8,24.8,18.6,73.3,1022.8,18.1,W,70.3,4.7,10.5,Yes,Yes
2022-08-12,Bengaluru,12.1,24.3,18.7,75.5,1021.4,16.3,NW,64.0,2.8,9.2,Yes,Yes
2022-08-13,Mysuru,8.6,17.3,13.8,77.1,,15.3,SE,56.9,5.3,0.0,No,Yes
2022-08-14,Mangaluru,9.3,17.8,13.7,38.4,1018.8,21.0,W,44.4,7.5,0.0,No,Yes
2022-08-15,Mysuru,13.0,19.7,16.0,86.8,1010.8,26.5,SW,37.5,5.4,7.1,Yes,Yes
2022-08-16,Hubballi,7.8,16.1,12.8,61.7,1021.8,18.9,SW,52.0,7.3,0.0,No,Yes
2022-08-17,Mysuru,15.3,23.6,19.6,79.0,1016.9,22.9,NW,57.7,3.4,6.6,Yes,Yes
2022-08-18,Hubballi,7.8,18.8,14.7,79.8,1015.3,20.2,W,43.4,5.4,13.9,Yes,Yes
2022-08-19,Hubballi,-0.1,9.3,4.5,60.6,1011.3,15.5,N,41.2,5.4,0.0,No,Yes
2022-08-20,Hubballi,7.8,21.4,14.5,79.2,1005.1,23.7,S,79.4,5.0,16.9,Yes,Yes
2022-08-21,Bengaluru,6.0,18.5,11.7,66.8,1012.4,16.4,SE,49.8,5.3,8.8,Yes,No
2022-08-22,Bengaluru,6.0,15.3,9.3,46.7,1023.2,21.0,S,74.8,2.4,0.0,No,No
2022-08-23,Hubballi,4.0,16.4,10.8,85.8,1015.7,19.6,E,33.2,7.8,0.5,No,Yes
2022-08-24,Mangaluru,12.4,22.9,16.1,62.6,1016.9,24.5,N,42.2,7.3,0.0,No,No
2022-08-25,Hubballi,16.1,24.4,20.9,61.8,1021.1,16.8,N,26.5,8.6,0.0,No,No
2022-08-26,Mangaluru,10.0,21.1,16.7,67.4,1026.9,22.6,E,33.8,,0.0,No,No
2022-08-27,Mysuru,6.7,18.2,13.0,75.6,1024.6,17.8,NE,42.8,6.7,0.0,No,No
2022-08-28,Bengaluru,12.2,23.4,17.1,71.8,1013.1,19.1,SW,58.5,4.3,4.0,Yes,Yes
2022-08-29,Mangaluru,9.6,18.9,13.4,79.2,1008.3,6.7,,,7.0,6.6,Yes,Yes
2022-08-30,Mangaluru,7.4,18.6,12.4,56.7,1029.9,29.6,W,37.5,8.2,0.0,No,Yes
2022-08-31,Mangaluru,5.3,14.1,10.5,64.0,1029.5,23.5,NE,17.2,9.9,0.0,No,No
2022-09-01,Belagavi,1.0,11.8,8.0,71.7,1019.2,18.3,S,75.8,4.6,13.5,Yes,Yes
2022-09-02,Bengaluru,7.1,19.4,13.4,96.0,1011.9,16.9,SE,59.1,5.7,10.4,Yes,No
2022-09-03,Belagavi,9.1,19.9,15.5,71.9,1023.1,19.5,W,37.0,5.4,0.0,No,Yes
2022-09-04,Mysuru,7.5,19.2,14.5,86.4,1017.8,24.3,W,63.7,5.5,11.2,Yes,Yes
2022-09-05,Mangaluru,8.0,19.3,13.1,74.0,1017.8,13.9,SE,57.7,5.3,5.9,Yes,Yes
2022-09-06,Bengaluru,5.6,14.2,10.9,67.8,1022.9,21.0,SW,47.3,7.6,4.4,Yes,Yes
2022-09-07,Bengaluru,12.3,20.8,17.1,70.8,1020.2,28.7,NW,55.5,6.3,1.5,Yes,Yes
2022-09-08,Bengaluru,5.8,13.5,9.3,71.8,1012.6,17.1,SE,36.4,7.6,7.1,Yes,Yes
2022-09-09,Mangaluru,12.6,24.2,17.7,81.2,1017.0,22.0,E,68.9,2.2,14.6,Yes,Yes
2022-09-10,Hubballi,5.2,15.1,10.5,90.5,1021.9,30.5,,46.3,6.0,7.3,Yes,Yes
2022-09-11,Hubballi,7.5,15.5,11.5,78.4,1021.2,24.2,N,47.3,5.4,0.0,No,No
2022-09-12,Hubballi,2.4,14.3,8.6,88.5,1020.0,22.2,NW,70.1,4.5,18.5,Yes,Yes
2022-09-13,Belagavi,8.9,15.5,12.4,62.7,1023.4,23.8,E,68.1,3.8,0.0,No,Yes
2022-09-14,Mangaluru,13.2,24.3,18.2,69.4,1016.9,20.2,E,76.5,3.3,10.0,Yes,Yes
2022-09-15,Mysuru,10.7,22.2,16.4,65.7,1019.7,27.0,W,67.1,5.0,5.1,Yes,Yes
2022-09-16,Belagavi,15.0,21.4,18.2,78.3,1001.9,20.2,E,51.5,5.2,11.7,Yes,Yes
2022-09-17,Bengaluru,10.1,21.3,16.3,70.3,1016.6,14.0,NW,30.0,7.6,0.0,No,Yes
2022-09-18,Hubballi,5.6,14.4,9.8,83.4,1022.7,20.3,NW,79.4,1.6,8.5,Yes,Yes
2022-09-19,Bengaluru,7.0,16.5,12.8,63.5,1016.9,18.0,NE,71.0,3.1,0.0,No,Yes
2022-09-20,Belagavi,7.6,14.6,11.0,,1016.6,20.8,NW,45.0,7.0,12.8,Yes,Yes
2022-09-21,Hubballi,14.0,23.1,19.4,83.0,1013.7,20.9,E,72.0,2.5,12.1,Yes,Yes
2022-09-22,Mangaluru,4.1,14.7,9.3,50.0,1023.9,26.7,N,40.0,8.2,0.0,No,No
2022-09-23,Hubballi,14.0,21.3,17.6,100.0,1021.7,24.7,SE,87.5,3.9,20.8,Yes,Yes
2022-09-24,Hubballi,12.1,20.9,17.6,71.5,1023.1,23.0,NE,45.9,5.9,7.3,Yes,Yes
2022-09-25,Hubballi,15.6,28.2,21.4,50.6,1010.3,22.0,NW,74.9,7.4,17.4,Yes,Yes
2022-09-26,Belagavi,7.4,15.5,12.4,76.8,1018.2,17.7,W,67.5,5.9,10.9,Yes,Yes
2022-09-27,Hubballi,11.6,22.5,16.9,75.4,1017.6,13.3,SW,82.1,2.0,12.4,Yes,No
2022-09-28,Belagavi,16.6,29.9,23.1,74.0,1017.6,22.4,E,47.6,6.9,0.0,No,Yes
2022-09-29,Bengaluru,5.7,14.7,11.5,86.9,1015.9,25.2,E,65.8,4.6,5.3,Yes,Yes
2022-09-30,Mangaluru,1.2,14.7,7.9,84.0,1017.3,21.6,SE,44.0,5.4,0.0,No,No
2022-10-01,Hubballi,1.3,11.5,6.5,78.6,1023.2,19.9,SE,69.1,3.0,4.1,Yes,Yes
2022-10-02,Belagavi,13.2,23.0,16.9,80.4,1009.4,23.9,SW,,5.3,2.9,Yes,Yes
2022-10-03,Hubballi,2.5,12.0,6.5,73.7,1027.9,21.7,NE,90.5,1.7,17.2,Yes,Yes
2022-10-04,Hubballi,8.8,18.0,12.5,96.3,1021.4,28.7,SW,70.7,4.0,18.8,Yes,Yes
2022-10-05,Hubballi,11.4,21.9,15.8,57.2,1018.8,26.9,SW,58.7,4.0,0.0,No,No
2022-10-06,Mysuru,9.9,18.0,14.8,76.6,1023.5,25.8,N,48.6,5.1,9.7,Yes,Yes
2022-10-07,Mangaluru,11.7,20.3,15.7,75.7,,25.0,NE,63.4,4.6,4.7,Yes,Yes
2022-10-08,Mangaluru,10.0,21.8,14.9,84.6,1015.6,16.8,SE,,6.0,5.2,Yes,Yes
2022-10-09,Belagavi,14.7,22.4,19.2,64.7,1018.3,24.6,N,52.6,2.5,0.0,No,No
2022-10-10,Bengaluru,5.1,14.3,10.3,53.9,1025.8,23.4,W,49.2,5.9,0.0,No,No
2022-10-11,Bengaluru,6.7,17.1,11.4,76.7,1018.7,24.4,E,50.4,4.9,0.5,No,Yes
2022-10-12,Bengaluru,6.3,14.5,11.1,78.1,1021.1,23.9,SW,57.2,6.9,6.7,Yes,Yes
2022-10-13,Hubballi,12.5,22.6,17.5,92.6,1015.9,23.7,E,56.4,,19.6,Yes,Yes
2022-10-14,Belagavi,10.9,23.7,17.8,59.4,,32.7,S,43.1,6.0,4.7,Yes,Yes
2022-10-15,Hubballi,10.8,22.1,16.0,88.4,1027.2,21.5,NW,76.5,1.6,12.5,Yes,Yes
2022-10-16,Mysuru,13.1,24.2,19.0,100.0,1023.8,25.6,SE,67.6,4.5,18.2,Yes,Yes
2022-10-17,Belagavi,4.9,14.6,9.6,69.9,1018.4,19.9,S,58.2,4.9,0.0,No,Yes
2022-10-18,Belagavi,16.7,26.9,21.0,58.9,1022.1,24.9,NE,26.7,,2.0,Yes,No
2022-10-19,Belagavi,13.8,24.1,20.5,69.4,1021.6,25.5,NE,59.1,7.1,2.9,Yes,Yes
2022-10-20,Mysuru,11.4,23.1,17.4,74.4,1021.2,23.2,SW,62.7,5.8,7.2,Yes,Yes
2022-10-21,Belagavi,16.3,28.3,21.6,80.9,1024.2,28.4,N,51.4,5.0,2.5,Yes,Yes
2022-10-22,Mysuru,3.5,13.6,7.9,66.9,,,SW,83.0,3.9,15.2,Yes,Yes
2022-10-23,Bengaluru,8.4,15.7,12.5,92.6,1017.9,19.7,SE,27.7,,6.8,Yes,Yes
2022-10-24,Belagavi,7.7,16.7,11.7,60.5,1021.7,22.5,N,60.9,5.2,5.7,Yes,Yes
2022-10-25,Hubballi,12.5,23.5,17.6,52.9,1016.6,25.1,N,56.8,3.4,1.7,Yes,Yes
2022-10-26,Mangaluru,4.0,13.7,10.5,86.9,1013.8,22.3,W,67.9,5.6,14.0,Yes,Yes
2022-10-27,Mysuru,11.3,23.9,17.8,46.2,1017.1,26.6,W,46.1,6.3,0.0,No,No
2022-10-28,Bengaluru,14.4,24.5,20.3,,1018.0,18.8,NE,61.6,4.7,8.6,Yes,Yes
2022-10-29,Bengaluru,12.5,23.1,17.7,100.0,1010.0,16.9,NE,78.0,2.8,18.2,Yes,Yes
2022-10-30,Mangaluru,12.2,23.0,16.1,73.0,1022.6,22.6,NW,43.3,5.4,0.0,No,No
2022-10-31,Belagavi,6.2,18.1,11.1,59.6,1004.4,21.0,SW,53.3,5.9,6.8,Yes,No
2022-11-01,Hubballi,5.9,17.3,11.7,72.2,1031.7,23.5,SE,51.1,3.6,4.3,Yes,Yes
2022-11-02,Mangaluru,14.8,25.2,20.2,72.2,1025.6,21.1,NE,37.5,7.8,7.7,Yes,Yes
2022-11-03,Belagavi,13.3,22.1,18.4,74.6,1016.8,19.9,SE,65.6,3.3,0.0,No,No
2022-11-04,Belagavi,10.5,19.0,15.2,80.4,1018.0,20.9,S,48.7,3.5,6.7,Yes,Yes
2022-11-05,Mysuru,7.7,18.5,13.7,59.9,1019.5,21.2,NW,26.5,10.0,0.0,No,No
2022-11-06,Hubballi,1.0,13.2,7.4,92.5,1014.9,19.8,SW,53.9,4.5,15.1,Yes,Yes
2022-11-07,Hubballi,5.4,17.4,11.3,75.0,1018.8,20.2,E,43.0,5.5,9.0,Yes,Yes
2022-11-08,Mysuru,16.5,27.2,23.3,80.6,1017.0,19.4,SW,72.7,5.3,17.0,Yes,Yes
2022-11-09,Belagavi,4.5,15.8,10.6,64.2,1017.2,24.3,S,53.0,7.8,0.0,No,No
2022-11-10,Belagavi,11.8,22.0,16.6,87.0,1018.5,21.6,W,80.5,1.4,10.5,Yes,No
2022-11-11,Hubballi,14.5,26.5,19.9,68.3,1011.0,29.8,NW,42.3,5.3,5.4,Yes,Yes
2022-11-12,Hubballi,6.0,17.5,11.0,74.6,1017.7,21.4,W,67.9,3.3,15.4,Yes,Yes
2022-11-13,Hubballi,11.7,23.1,16.8,59.9,1018.2,18.5,NE,91.5,3.5,10.9,Yes,Yes
2022-11-14,Hubballi,13.4,25.0,19.9,58.9,1018.0,31.3,E,53.9,7.5,0.0,No,Yes
2022-11-15,Belagavi,12.1,19.6,16.3,79.0,1016.2,22.2,E,69.5,2.9,5.7,Yes,Yes
2022-11-16,Hubballi,24.8,32.2,27.9,65.2,1022.9,24.5,SW,61.5,6.6,6.6,Yes,Yes
2022-11-17,Belagavi,4.0,15.3,9.8,60.1,1015.4,22.8,SW,27.7,6.8,0.0,No,No
2022-11-18,Mysuru,17.1,26.4,20.8,62.4,1018.2,22.9,N,58.8,5.5,3.4,Yes,Yes
2022-11-19,Bengaluru,12.4,22.4,16.0,78.4,1023.5,22.5,E,60.9,3.4,13.1,Yes,Yes
2022-11-20,Mysuru,12.9,24.4,19.9,62.2,1016.5,15.8,SE,46.0,6.0,0.0,No,Yes
2022-11-21,Mysuru,14.6,25.4,18.7,68.2,1017.9,21.7,NE,39.0,6.6,0.0,No,No
2022-11-22,Mangaluru,10.3,17.7,14.1,69.6,1016.3,14.8,W,63.2,4.4,4.0,Yes,Yes
2022-11-23,Mysuru,14.3,21.2,18.0,46.2,1022.9,19.4,NE,28.9,8.1,0.0,No,Yes
2022-11-24,Mangaluru,5.1,13.5,9.8,51.3,1015.3,17.1,N,77.5,2.3,9.3,Yes,Yes
2022-11-25,Mangaluru,15.1,24.6,19.7,72.8,1022.9,21.3,SW,55.8,4.3,0.0,No,No
2022-11-26,Mangaluru,13.1,24.9,18.6,59.7,1015.9,21.2,SW,30.5,8.0,0.0,No,No
2022-11-27,Mysuru,16.7,23.7,20.1,81.0,1012.0,21.7,N,49.7,7.5,14.6,Yes,Yes
2022-11-28,Bengaluru,16.4,27.1,21.9,79.7,1019.6,20.9,,52.7,5.6,0.0,No,Yes
2022-11-29,Mangaluru,14.4,25.4,19.3,76.5,1014.6,17.2,N,91.8,3.0,16.9,Yes,Yes
2022-11-30,Hubballi,14.7,21.6,18.5,89.5,1019.2,18.5,E,47.5,,1.7,Yes,Yes
2022-12-01,Hubballi,8.4,17.7,14.5,66.5,1002.3,23.2,W,49.8,6.8,4.4,Yes,Yes
2022-12-02,Belagavi,10.4,20.3,15.3,75.0,1015.9,23.7,E,46.9,4.9,0.0,No,Yes
2022-12-03,Hubballi,17.1,26.7,23.0,60.0,1013.5,14.7,SE,56.5,4.4,11.5,Yes,No
2022-12-04,Hubballi,17.4,28.9,24.1,96.2,1010.4,13.1,SW,55.7,,14.7,Yes,Yes
2022-12-05,Mangaluru,13.1,20.7,17.6,90.3,1012.9,16.3,N,44.1,8.6,6.1,Yes,Yes
2022-12-06,Mysuru,12.2,25.7,18.8,66.5,1012.7,23.3,NE,48.7,6.6,5.8,Yes,Yes
2022-12-07,Hubballi,11.3,20.8,15.1,70.7,1015.2,23.9,NW,48.8,6.5,0.0,No,Yes
2022-12-08,Mysuru,19.7,29.3,23.6,82.2,1008.5,15.2,SW,49.0,6.4,4.2,Yes,Yes
2022-12-09,Bengaluru,16.0,26.7,21.7,63.8,1016.8,20.1,NW,42.5,4.9,8.7,Yes,Yes
2022-12-10,Hubballi,23.5,33.2,26.9,57.5,1022.0,26.1,SW,65.8,6.8,12.1,Yes,No
2022-12-11,Bengaluru,10.9,22.1,15.8,75.6,1016.5,20.4,NW,50.4,6.4,2.4,Yes,Yes
2022-12-12,Bengaluru,14.0,21.5,17.9,65.8,1019.0,24.3,S,34.3,8.0,3.9,Yes,Yes
2022-12-13,Belagavi,15.2,26.5,20.5,66.8,1020.3,,NE,44.8,4.1,2.0,Yes,Yes
2022-12-14,Mysuru,16.0,27.5,22.2,54.4,1020.9,14.8,SW,47.6,7.0,0.0,No,Yes
2022-12-15,Mysuru,15.8,25.0,18.9,43.5,1024.0,17.6,S,22.4,7.7,0.0,No,No
2022-12-16,Belagavi,11.8,23.1,16.4,66.7,1012.1,18.4,S,76.1,2.1,20.3,Yes,Yes
2022-12-17,Mangaluru,17.7,27.9,23.6,74.5,1010.9,18.6,W,67.8,3.2,3.6,Yes,Yes
2022-12-18,Belagavi,18.7,28.4,23.1,60.7,1018.3,21.8,SE,70.7,2.6,18.7,Yes,Yes
2022-12-19,Belagavi,13.5,22.8,16.7,80.4,1017.8,19.7,S,63.0,3.2,6.8,Yes,Yes
2022-12-20,Belagavi,20.5,32.8,25.9,54.4,1018.0,6.2,E,15.4,8.8,0.0,No,No
2022-12-21,Bengaluru,21.8,30.7,25.3,50.0,1023.5,12.6,NW,68.0,3.9,0.0,No,Yes
2022-12-22,Mysuru,16.8,27.2,21.3,61.6,1014.0,9.0,E,36.7,7.3,3.4,Yes,Yes
2022-12-23,Mangaluru,14.2,27.6,21.2,61.1,1016.0,18.4,SW,37.7,8.9,6.3,Yes,Yes
2022-12-24,Hubballi,18.6,29.2,23.2,71.1,1008.8,18.6,SE,55.8,5.2,17.1,Yes,Yes
2022-12-25,Hubballi,11.3,24.5,17.7,52.3,1024.3,18.7,NE,66.6,1.8,0.0,No,No
2022-12-26,Hubballi,15.0,25.3,21.4,77.8,1011.9,13.6,NE,71.9,3.7,8.8,Yes,Yes
2022-12-27,Mangaluru,8.8,19.4,12.8,84.7,1011.9,20.1,SW,72.5,5.4,16.0,Yes,No
2022-12-28,Hubballi,19.7,28.9,25.1,60.4,1011.6,20.1,SW,44.5,6.2,0.0,No,No
2022-12-29,Mangaluru,8.7,20.7,15.4,75.6,1010.0,12.2,NE,50.3,7.6,9.9,Yes,Yes
2022-12-30,Hubballi,22.4,32.9,27.8,47.6,1009.5,11.2,NE,49.2,,0.0,No,Yes
2022-12-31,Hubballi,14.4,27.0,20.6,73.0,1010.4,17.0,E,52.2,3.4,14.4,Yes,Yes
2023-01-01,Mangaluru,16.4,25.9,21.3,72.3,1006.1,24.1,E,67.3,4.5,9.7,Yes,Yes
2023-01-02,Mysuru,13.9,23.3,19.8,69.8,1008.9,23.6,,,4.9,0.2,No,Yes
2023-01-03,Mangaluru,18.2,27.1,21.3,59.0,1022.4,19.0,SE,57.5,6.5,7.9,Yes,No
2023-01-04,Mangaluru,22.1,33.7,28.2,23.5,1016.3,13.7,SE,0.0,12.2,0.0,No,No
2023-01-05,Belagavi,7.0,19.0,12.7,51.0,1017.1,20.1,NE,47.3,7.1,0.0,No,No
2023-01-06,Bengaluru,23.5,34.0,27.9,50.9,1018.3,14.7,NE,43.7,6.9,1.5,Yes,Yes
2023-01-07,Bengaluru,19.6,30.9,24.3,46.5,1021.4,13.3,E,46.1,7.0,0.0,No,No
2023-01-08,Mysuru,14.0,24.6,18.3,,1003.3,7.7,E,37.4,6.7,0.0,No,Yes
2023-01-09,Mysuru,13.8,24.7,18.9,52.7,1005.9,16.6,NW,26.2,6.1,0.0,No,No
2023-01-10,Mysuru,26.6,34.9,30.1,,1008.0,13.6,N,51.0,5.8,0.0,No,No
2023-01-11,Bengaluru,13.3,22.8,19.7,44.5,1009.5,16.4,N,37.4,7.3,0.0,No,No
2023-01-12,Mysuru,14.1,23.3,19.0,48.3,1010.3,6.8,SW,53.0,4.1,3.0,Yes,Yes
2023-01-13,Mysuru,25.2,34.2,28.3,70.1,1009.4,16.6,NE,43.0,8.0,7.3,Yes,Yes
2023-01-14,Mangaluru,20.1,28.5,25.3,48.5,1012.7,6.1,SW,65.6,5.7,6.3,Yes,Yes
2023-01-15,Mangaluru,13.6,26.3,20.3,50.0,1011.6,20.1,E,60.0,3.4,9.0,Yes,Yes
2023-01-16,Bengaluru,21.7,30.1,25.0,50.4,1007.8,17.7,NE,49.6,7.5,5.1,Yes,Yes
2023-01-17,Mangaluru,16.7,26.7,20.2,59.7,1000.4,14.4,SW,45.7,5.8,10.8,Yes,No
2023-01-18,Mysuru,24.3,34.5,28.8,60.9,1006.2,17.7,SW,62.1,3.9,0.0,No,No
2023-01-19,Mangaluru,22.9,35.0,28.8,18.6,1008.3,11.5,S,38.3,8.1,0.0,No,Yes
2023-01-20,Belagavi,21.4,30.5,26.8,67.2,1009.7,15.6,N,55.5,5.3,12.7,Yes,Yes
2023-01-21,Mangaluru,21.4,30.0,26.3,71.9,1005.2,18.4,SE,69.4,6.5,6.9,Yes,Yes
2023-01-22,Bengaluru,25.0,35.8,32.0,41.9,1008.3,2.8,NE,63.1,3.7,1.1,Yes,No
2023-01-23,Mysuru,21.3,29.4,25.1,42.6,1005.0,13.3,W,23.2,6.0,0.0,No,No
2023-01-24,Mysuru,14.2,27.1,20.5,48.6,1010.0,14.9,S,28.7,7.3,0.0,No,Yes
2023-01-25,Bengaluru,23.6,33.2,27.1,44.7,1005.1,14.1,SE,,8.3,0.0,No,Yes
2023-01-26,Mangaluru,30.1,38.3,33.8,56.2,1006.2,20.7,SW,24.9,6.8,0.5,No,Yes
2023-01-27,Mysuru,17.3,28.2,21.5,29.9,1003.8,10.3,S,36.0,5.4,0.0,No,Yes
2023-01-28,Mysuru,17.8,30.4,24.3,39.6,1009.5,12.2,W,49.9,6.1,0.0,No,Yes
2023-01-29,Belagavi,22.7,33.1,27.5,71.3,1005.8,6.9,E,53.2,3.8,12.4,Yes,Yes
2023-01-30,Bengaluru,21.1,30.5,25.7,41.5,1014.6,20.6,E,33.6,7.6,0.0,No,No
2023-01-31,Mangaluru,17.2,27.7,22.1,67.3,1012.0,,E,68.8,3.9,0.7,No,Yes
2023-02-01,Mangaluru,25.1,36.0,30.7,56.4,1009.5,12.6,SW,49.7,6.5,10.1,Yes,Yes
2023-02-02,Mysuru,30.9,41.7,35.6,30.2,1005.8,14.1,SE,42.2,4.8,0.0,No,No
2023-02-03,Hubballi,20.4,31.1,27.2,59.3,1011.6,16.8,SE,66.1,6.1,0.0,No,Yes
2023-02-04,Belagavi,19.4,29.5,22.9,50.1,,15.6,E,43.2,6.2,0.0,No,No
2023-02-05,Belagavi,15.5,25.8,20.4,45.8,1010.2,24.7,SW,74.2,4.7,0.6,No,Yes
2023-02-06,Belagavi,23.1,34.0,27.8,54.0,,15.8,SE,39.9,7.8,0.0,No,No
2023-02-07,Mysuru,25.5,35.7,31.3,56.6,1011.6,12.1,NW,77.6,2.1,9.7,Yes,Yes
2023-02-08,Bengaluru,22.0,33.4,28.9,59.2,1013.8,11.6,NW,34.0,8.2,0.0,No,No
2023-02-09,Bengaluru,22.9,33.8,27.1,64.6,1009.9,12.3,E,58.6,3.4,13.5,Yes,No
2023-02-10,Belagavi,18.0,30.3,24.8,55.2,1012.5,7.8,NE,,5.2,3.4,Yes,Yes
2023-02-11,Hubballi,16.6,27.2,22.9,33.6,1005.0,13.9,E,55.2,7.8,0.7,No,Yes
2023-02-12,Hubballi,24.5,34.1,30.7,44.2,1006.7,,SW,35.5,8.4,0.0,No,No
2023-02-13,Mangaluru,27.9,35.9,31.1,85.0,1010.6,11.1,N,63.4,7.2,20.4,Yes,Yes
2023-02-14,Hubballi,14.6,27.8,21.4,58.2,1010.5,10.3,NE,38.5,6.3,0.0,No,No
2023-02-15,Belagavi,27.7,38.1,34.0,77.8,1011.3,19.5,SW,,,9.4,Yes,Yes
2023-02-16,Mangaluru,24.3,36.5,30.1,65.9,1014.2,7.7,W,41.5,7.2,8.4,Yes,No
2023-02-17,Belagavi,30.0,37.1,33.5,51.9,1001.5,5.1,E,71.0,4.1,10.7,Yes,Yes
2023-02-18,Bengaluru,17.9,26.1,22.6,52.4,,8.7,N,31.0,6.5,0.0,No,No
2023-02-19,Belagavi,16.2,28.0,22.6,48.2,1009.6,7.0,E,24.1,6.9,0.0,No,No
2023-02-20,Mangaluru,22.8,33.8,27.6,27.6,1004.8,14.7,NE,50.3,6.1,0.0,No,No
2023-02-21,Belagavi,25.5,36.4,30.3,48.5,1025.2,11.7,NW,35.5,5.8,1.4,Yes,Yes
2023-02-22,Mysuru,31.4,40.7,35.5,62.7,1010.8,12.2,E,50.0,4.5,3.6,Yes,Yes
2023-02-23,Mangaluru,28.0,36.8,31.2,,1007.8,17.6,NW,36.5,7.4,0.0,No,No
2023-02-24,Hubballi,22.5,31.6,27.5,52.8,1005.6,10.2,NW,26.4,7.7,0.6,No,No
2023-02-25,Bengaluru,18.4,29.7,24.5,57.9,1005.7,16.0,SE,47.0,7.2,0.0,No,Yes
2023-02-26,Hubballi,30.0,37.4,33.6,36.6,1008.2,18.9,E,58.6,4.6,4.2,Yes,Yes
2023-02-27,Belagavi,18.3,31.6,24.9,42.0,1008.5,11.0,NE,56.8,4.6,0.0,No,No
2023-02-28,Hubballi,30.1,41.0,35.3,35.0,1005.6,15.7,NW,42.5,7.0,5.1,Yes,Yes
2023-03-01,Mangaluru,21.5,33.0,27.7,37.3,1006.5,11.7,S,56.6,4.3,0.0,No,Yes
2023-03-02,Mysuru,29.6,39.3,35.3,31.5,1014.5,16.4,E,21.7,7.4,0.0,No,No
2023-03-03,Hubballi,28.2,36.4,31.7,36.1,1014.7,6.3,SE,34.5,6.4,0.0,No,No
2023-03-04,Belagavi,21.9,34.6,28.5,63.8,1009.0,6.0,NW,56.4,5.0,0.0,No,Yes
2023-03-05,Hubballi,21.2,31.0,27.1,35.6,1000.9,11.0,W,37.3,9.0,0.0,No,No
2023-03-06,Hubballi,24.7,31.3,27.8,48.0,1010.3,8.9,NE,40.5,5.0,0.0,No,No
2023-03-07,Mangaluru,25.6,35.2,31.0,40.4,1015.3,10.4,N,23.1,9.6,0.0,No,No
2023-03-08,Belagavi,24.7,35.8,29.6,60.4,1014.4,11.6,NW,18.0,9.4,0.0,No,No
2023-03-09,Belagavi,20.6,33.5,27.0,61.9,1011.1,15.3,S,62.0,6.7,0.2,No,Yes
2023-03-10,Mysuru,25.3,33.4,28.8,56.5,1014.5,10.7,W,51.2,9.5,0.1,No,No
2023-03-11,Mangaluru,24.4,35.9,29.8,49.7,1007.7,9.0,,58.4,6.9,7.2,Yes,Yes
2023-03-12,Mangaluru,16.8,25.3,21.0,43.1,1010.5,10.9,E,35.7,8.1,0.0,No,No
2023-03-13,Bengaluru,27.4,36.4,31.4,31.5,1003.9,,NE,26.9,6.2,0.0,No,No
2023-03-14,Mysuru,22.6,28.8,25.7,69.1,1008.8,8.5,SE,52.7,4.2,5.3,Yes,Yes
2023-03-15,Mysuru,20.7,30.9,25.0,36.5,1013.9,5.8,NW,52.4,6.1,0.0,No,No
2023-03-16,Belagavi,18.4,28.8,22.9,53.6,1004.3,12.5,SE,42.9,4.4,0.9,No,Yes
2023-03-17,Belagavi,17.8,25.9,22.5,58.2,1002.9,9.9,NE,60.3,5.7,13.1,Yes,Yes
2023-03-18,Mysuru,18.4,28.8,24.3,38.8,1007.7,16.0,W,25.4,5.3,0.0,No,No
2023-03-19,Mangaluru,22.3,31.9,27.0,57.8,1006.0,6.3,SE,45.7,7.6,6.9,Yes,Yes
2023-03-20,Bengaluru,33.9,43.7,37.6,54.5,1010.4,9.9,SW,45.8,5.8,0.0,No,No
2023-03-21,Belagavi,23.2,34.0,27.7,66.0,1004.8,19.3,NW,69.8,4.3,12.9,Yes,Yes
2023-03-22,Bengaluru,27.3,36.5,30.6,39.6,1015.7,8.3,W,44.0,5.4,0.0,No,No
2023-03-23,Mysuru,24.6,35.4,31.5,29.8,1000.6,11.1,S,63.1,2.5,8.2,Yes,No
2023-03-24,Mangaluru,27.2,34.9,30.4,39.1,1013.3,7.2,N,20.4,9.8,0.0,No,No
2023-03-25,Bengaluru,25.8,33.6,29.6,47.6,1003.2,6.6,W,46.0,7.8,0.0,No,Yes
2023-03-26,Hubballi,20.5,30.7,25.2,45.8,998.1,18.2,SE,46.0,5.7,6.9,Yes,No
2023-03-27,Mysuru,29.0,41.4,35.8,40.3,1008.2,12.7,SE,50.4,6.6,0.3,No,No
2023-03-28,Mangaluru,33.5,40.3,37.2,22.1,1005.7,12.5,N,21.7,7.7,0.0,No,No
2023-03-29,Mysuru,18.7,29.2,23.3,50.7,1001.5,5.2,S,70.5,4.5,6.1,Yes,No
2023-03-30,Mysuru,18.9,29.8,25.9,68.7,998.6,13.4,S,52.7,6.5,9.2,Yes,Yes
2023-03-31,Bengaluru,23.5,35.1,28.9,50.6,1007.0,16.6,S,28.9,8.3,3.0,Yes,No
2023-04-01,Bengaluru,20.7,32.5,26.1,52.3,1011.9,16.6,SW,45.7,7.8,0.0,No,No
2023-04-02,Hubballi,25.1,38.2,32.0,51.9,1009.9,14.7,W,41.1,7.2,2.3,Yes,Yes
2023-04-03,Belagavi,22.1,31.7,27.1,49.8,1007.3,7.5,SE,86.7,2.8,6.7,Yes,Yes
2023-04-04,Hubballi,35.6,43.0,38.7,56.2,1009.4,13.3,NW,63.2,3.8,7.2,Yes,Yes
2023-04-05,Mangaluru,31.6,39.5,34.7,49.8,1006.9,14.7,W,45.7,5.6,7.4,Yes,Yes
2023-04-06,Mangaluru,25.1,35.9,30.8,41.3,999.9,4.8,SE,39.8,7.7,0.0,No,No
2023-04-07,Mysuru,30.2,38.1,34.1,35.5,999.9,7.5,NW,53.5,3.7,0.0,No,No
2023-04-08,Bengaluru,29.5,41.1,34.4,42.1,1006.0,15.6,S,56.8,6.6,0.0,No,No
2023-04-09,Mysuru,22.5,32.7,27.7,48.9,1006.2,15.5,SE,0.9,9.6,0.0,No,Yes
2023-04-10,Belagavi,21.0,29.9,26.6,41.4,1011.3,5.9,W,51.2,4.8,0.0,No,No
2023-04-11,Mysuru,26.9,37.2,30.2,49.0,1010.9,15.2,E,45.0,4.9,0.0,No,Yes
2023-04-12,Mangaluru,27.3,38.2,33.3,50.5,1010.1,12.5,W,25.5,8.7,1.4,Yes,No
2023-04-13,Mangaluru,23.7,37.2,30.4,55.3,1005.7,15.2,SE,60.3,5.0,0.6,No,No
2023-04-14,Hubballi,19.5,28.1,23.5,60.7,1000.2,9.6,SW,83.0,5.0,20.1,Yes,Yes
2023-04-15,Mysuru,22.0,30.5,26.6,46.3,1009.2,14.7,S,51.9,4.2,0.1,No,No
2023-04-16,Bengaluru,23.5,35.4,29.5,29.8,1009.8,15.5,W,53.4,4.9,0.0,No,No
2023-04-17,Belagavi,25.4,34.1,29.4,41.4,995.3,10.8,NE,,,15.9,Yes,Yes
2023-04-18,Belagavi,32.4,44.1,37.6,46.1,1003.1,12.3,NW,31.0,6.5,0.0,No,No
2023-04-19,Bengaluru,18.4,28.9,24.1,23.7,1003.8,9.6,S,6.6,9.5,0.0,No,No
2023-04-20,Belagavi,25.1,36.0,31.6,62.4,1007.9,18.9,NE,59.8,5.4,0.6,No,Yes
2023-04-21,Bengaluru,31.1,42.4,35.5,47.6,1003.3,11.8,SE,40.3,7.2,0.0,No,Yes
2023-04-22,Bengaluru,33.6,44.9,38.6,50.5,1007.2,8.6,SE,24.6,9.8,0.0,No,Yes
2023-04-23,Hubballi,24.1,31.7,27.8,62.4,1006.4,9.5,SW,48.8,4.4,5.1,Yes,Yes
2023-04-24,Mysuru,27.1,36.3,31.4,38.6,1006.7,12.9,NE,51.3,6.1,0.0,No,No
2023-04-25,Mangaluru,28.2,35.1,31.6,53.1,1003.9,15.4,W,44.0,5.6,6.9,Yes,Yes
2023-04-26,Mangaluru,26.3,33.5,30.1,45.0,1004.3,7.1,S,31.2,7.9,0.0,No,No
2023-04-27,Mysuru,24.5,35.2,28.8,44.2,1002.2,19.9,N,39.3,7.2,0.0,No,Yes
2023-04-28,Belagavi,26.2,37.6,30.9,37.3,1009.5,13.8,W,39.6,5.5,0.0,No,No
2023-04-29,Bengaluru,13.2,24.9,19.0,66.7,1010.5,14.4,N,22.7,7.0,0.0,No,No
2023-04-30,Mangaluru,26.9,38.7,31.8,42.3,1003.9,12.2,S,39.8,7.3,0.0,No,No
2023-05-01,Hubballi,26.3,32.7,29.5,55.3,1015.4,12.7,SE,27.0,7.8,0.0,No,Yes
2023-05-02,Belagavi,22.0,32.3,28.0,24.5,1006.2,12.1,NE,44.7,6.0,0.0,No,No
2023-05-03,Hubballi,31.9,40.6,37.0,61.3,1015.5,16.8,W,26.1,8.6,0.0,No,No
2023-05-04,Mangaluru,19.3,32.2,26.1,59.9,1004.7,12.7,NE,64.2,5.5,6.3,Yes,Yes
2023-05-05,Mysuru,21.5,33.6,27.1,48.6,997.8,15.9,S,38.3,6.2,3.5,Yes,No
2023-05-06,Mysuru,31.4,41.4,36.6,44.9,1010.0,11.1,S,34.8,6.1,0.0,No,No
2023-05-07,Hubballi,21.0,31.5,25.2,52.5,1009.3,13.7,E,50.4,4.3,0.0,No,No
2023-05-08,Belagavi,22.3,32.6,26.3,75.4,1008.3,9.7,SW,42.2,6.5,11.6,Yes,Yes
2023-05-09,Mangaluru,23.9,31.3,27.8,26.9,1005.0,17.9,NW,39.9,5.0,0.0,No,No
2023-05-10,Bengaluru,27.0,36.2,31.7,57.6,1008.1,9.7,NE,37.1,7.0,0.7,No,No
2023-05-11,Mysuru,25.4,32.8,29.0,37.4,1005.8,11.8,SW,31.6,8.8,0.0,No,No
2023-05-12,Hubballi,16.6,28.6,22.9,48.3,1006.9,11.9,E,50.4,5.4,0.0,No,Yes
2023-05-13,Mangaluru,19.7,30.5,25.9,45.7,1012.7,11.8,SE,26.2,7.2,0.0,No,No
2023-05-14,Belagavi,19.6,31.2,25.5,43.7,1009.5,16.2,NE,23.5,10.4,0.0,No,Yes
2023-05-15,Bengaluru,24.3,34.0,27.5,48.9,1011.7,12.1,SW,48.3,7.8,0.0,No,Yes
2023-05-16,Bengaluru,26.2,34.1,29.5,35.6,1007.5,19.0,S,38.8,5.8,0.0,No,No
2023-05-17,Mysuru,23.8,36.2,29.3,61.7,1007.0,10.2,S,52.2,5.8,10.6,Yes,Yes
2023-05-18,Bengaluru,14.5,25.1,20.5,28.1,1003.1,14.2,SE,41.1,7.0,0.0,No,No
2023-05-19,Mangaluru,28.6,35.6,31.7,56.2,1007.1,10.5,SW,48.4,6.2,8.8,Yes,Yes
2023-05-20,Mysuru,24.2,33.5,28.4,46.0,992.4,15.3,SW,52.5,7.8,17.2,Yes,Yes
2023-05-21,Mysuru,29.2,37.4,32.8,36.1,1006.1,13.7,N,40.9,,0.0,No,No
2023-05-22,Mysuru,25.0,32.4,28.9,52.8,1008.7,13.2,NW,,9.0,0.0,No,No
2023-05-23,Mangaluru,26.4,34.5,31.4,31.9,1012.0,18.6,E,11.5,9.9,0.0,No,Yes
2023-05-24,Hubballi,25.4,34.8,28.8,51.2,1008.0,11.3,S,74.4,5.2,0.0,No,Yes
2023-05-25,Bengaluru,28.3,38.9,32.2,33.9,1011.1,16.3,SW,38.6,7.9,0.0,No,No
2023-05-26,Bengaluru,23.5,33.6,28.8,56.7,998.6,11.0,W,61.9,5.5,3.3,Yes,Yes
2023-05-27,Hubballi,21.2,29.5,26.2,40.3,1009.3,14.6,NE,35.9,,5.1,Yes,No
2023-05-28,Mysuru,29.1,41.5,35.6,46.2,1001.2,9.4,SW,42.6,5.9,3.4,Yes,Yes
2023-05-29,Belagavi,26.3,36.4,29.9,55.3,1003.7,11.6,NE,40.3,7.6,7.2,Yes,No
2023-05-30,Mangaluru,24.1,32.8,28.6,42.7,1008.9,14.0,NW,79.1,3.7,4.5,Yes,Yes
2023-05-31,Mysuru,14.3,24.9,21.0,51.5,1016.3,21.7,W,49.4,6.9,0.0,No,Yes
2023-06-01,Mysuru,14.7,25.2,20.9,34.3,1011.8,14.9,NE,30.7,9.7,0.0,No,No
2023-06-02,Mysuru,21.7,33.7,27.1,60.3,1010.2,21.2,SE,24.3,6.6,0.0,No,No
2023-06-03,Bengaluru,20.3,31.0,26.4,74.1,,15.5,W,84.2,4.3,12.6,Yes,Yes
2023-06-04,Bengaluru,18.4,28.8,23.2,86.6,1006.7,13.2,N,57.2,4.8,19.4,Yes,Yes
2023-06-05,Belagavi,19.5,29.4,26.1,54.5,1007.6,20.9,NW,57.9,6.3,8.2,Yes,Yes
2023-06-06,Mangaluru,26.4,35.9,31.8,63.1,1012.6,16.6,E,63.1,4.7,6.3,Yes,Yes
2023-06-07,Mysuru,22.3,32.0,28.1,32.5,1003.6,12.4,NE,,10.0,0.0,No,Yes
2023-06-08,Bengaluru,15.0,23.8,20.6,72.1,1013.6,16.9,NE,63.9,4.8,19.5,Yes,Yes
2023-06-09,Hubballi,18.9,28.1,24.6,63.6,1008.8,13.9,NW,41.4,5.8,1.3,Yes,Yes
2023-06-10,Bengaluru,16.1,26.4,21.7,48.7,1014.9,7.2,S,29.6,8.0,8.2,Yes,No
2023-06-11,Mysuru,19.9,28.5,23.2,69.6,1015.7,19.0,NW,70.3,4.5,13.0,Yes,Yes
2023-06-12,Mysuru,17.6,27.2,23.0,52.0,1002.6,19.7,N,43.4,7.7,0.2,No,Yes
2023-06-13,Bengaluru,16.5,27.3,22.6,49.8,1008.2,22.8,S,52.7,6.1,3.5,Yes,Yes
2023-06-14,Hubballi,16.4,25.4,19.4,61.2,1006.9,17.2,NW,55.7,8.3,0.0,No,Yes
2023-06-15,Hubballi,17.2,27.7,23.7,43.0,1002.2,14.6,SE,51.8,5.6,6.7,Yes,Yes
2023-06-16,Mysuru,15.1,25.0,21.9,68.3,1006.2,19.0,SE,29.0,7.5,17.5,Yes,Yes
2023-06-17,Bengaluru,8.8,16.3,12.3,43.6,1023.7,19.2,E,33.7,6.5,0.0,No,No
2023-06-18,Mangaluru,26.9,38.8,32.1,43.9,1014.7,22.4,W,,7.0,0.0,No,No
2023-06-19,Mangaluru,24.6,31.2,28.1,45.9,1021.3,15.7,SE,30.9,7.7,0.0,No,No
2023-06-20,Mysuru,18.0,25.6,22.1,66.1,1016.0,15.3,W,57.9,5.5,9.9,Yes,Yes
2023-06-21,Hubballi,18.0,26.8,23.5,49.9,1008.2,13.2,E,62.8,4.9,15.9,Yes,Yes
2023-06-22,Mangaluru,14.4,23.1,18.6,41.4,1010.1,18.3,S,61.7,4.1,1.6,Yes,Yes
2023-06-23,Bengaluru,25.5,35.6,30.0,50.5,1015.1,10.1,NE,40.1,5.6,8.0,Yes,Yes
2023-06-24,Belagavi,24.7,37.3,30.6,57.7,1014.4,19.5,NE,,5.2,2.0,Yes,Yes
2023-06-25,Belagavi,18.2,29.7,23.5,44.1,1009.4,18.8,W,49.3,7.3,0.2,No,Yes
2023-06-26,Hubballi,21.8,30.9,26.9,44.7,1004.9,18.9,N,52.2,7.3,2.2,Yes,Yes
2023-06-27,Belagavi,19.0,28.9,23.3,84.1,1029.0,17.2,SE,45.5,6.1,10.0,Yes,Yes
2023-06-28,Bengaluru,11.3,22.8,17.2,48.7,1011.9,22.8,N,71.8,2.9,1.2,Yes,Yes
2023-06-29,Mysuru,16.0,24.1,20.7,55.4,1011.1,20.3,N,61.1,4.8,8.6,Yes,Yes
2023-06-30,Mysuru,16.2,27.5,22.8,55.2,1013.4,14.4,NE,61.4,7.4,0.0,No,Yes
2023-07-01,Bengaluru,14.9,24.5,20.3,54.8,1011.7,14.6,SE,65.0,5.8,2.5,Yes,Yes
2023-07-02,Mysuru,15.9,24.7,21.1,67.6,1013.7,13.5,NE,60.0,5.7,2.8,Yes,Yes
2023-07-03,Bengaluru,15.2,24.7,21.4,71.7,1019.6,19.3,W,38.3,8.0,0.8,No,Yes
2023-07-04,Bengaluru,16.4,24.5,21.3,56.9,1012.6,13.2,SW,45.7,8.0,0.0,No,Yes
2023-07-05,Belagavi,17.6,28.2,21.7,46.0,1007.5,21.6,N,18.6,7.1,0.0,No,No
2023-07-06,Belagavi,13.5,21.5,17.2,76.4,1012.6,22.7,NW,61.8,4.4,5.3,Yes,Yes
2023-07-07,Hubballi,13.1,23.4,18.4,60.2,1011.2,13.9,SE,46.6,5.5,0.0,No,No
2023-07-08,Belagavi,11.3,20.2,16.0,82.4,1020.8,16.8,NW,57.4,5.9,0.2,No,Yes
2023-07-09,Mysuru,20.3,28.6,24.9,35.0,1019.6,17.7,SW,57.0,5.4,0.0,No,Yes
2023-07-10,Belagavi,8.0,16.5,12.4,64.5,1014.4,21.3,SW,43.9,7.2,0.0,No,Yes
2023-07-11,Bengaluru,19.6,29.0,25.3,85.4,1007.6,24.2,SW,55.4,4.8,16.6,Yes,Yes
2023-07-12,Belagavi,21.0,32.2,26.1,,1007.9,,W,48.7,7.6,1.1,Yes,Yes
2023-07-13,Mysuru,14.1,25.9,19.2,60.2,1014.2,16.7,NE,21.5,8.1,0.0,No,No
2023-07-14,Hubballi,5.7,14.6,9.9,66.7,1015.9,17.0,E,47.7,6.9,1.0,No,No
2023-07-15,Mangaluru,13.3,25.0,18.7,56.7,1012.5,12.5,SW,10.4,10.6,7.5,Yes,Yes
2023-07-16,Bengaluru,15.2,24.5,19.8,59.9,1012.1,16.3,E,40.2,8.0,11.0,Yes,Yes
2023-07-17,Mysuru,9.8,20.7,15.9,59.9,1011.6,20.0,S,61.8,5.3,3.3,Yes,Yes
2023-07-18,Mysuru,12.6,22.7,17.7,56.6,1014.6,17.3,S,54.4,6.5,0.0,No,No
2023-07-19,Mangaluru,21.6,32.0,25.8,79.2,1002.9,12.3,SE,47.7,8.1,30.7,Yes,Yes
2023-07-20,Hubballi,18.6,28.9,22.2,70.2,1009.4,30.1,S,53.7,6.1,1.2,Yes,Yes
2023-07-21,Bengaluru,9.9,21.7,15.7,67.9,1011.8,19.7,NW,36.0,6.1,1.2,Yes,No
2023-07-22,Hubballi,8.4,19.4,12.9,74.9,1021.1,19.2,W,54.9,6.1,5.1,Yes,Yes
2023-07-23,Mangaluru,14.6,23.4,17.8,62.2,1011.1,14.4,SE,93.8,2.1,14.2,Yes,Yes
2023-07-24,Bengaluru,11.5,24.5,18.1,56.3,1016.2,19.9,N,75.2,0.9,0.0,No,Yes
2023-07-25,Belagavi,16.3,26.1,20.9,58.6,1016.5,18.3,E,49.2,6.5,2.7,Yes,Yes
2023-07-26,Hubballi,10.6,22.7,16.6,66.1,1021.9,11.5,SE,53.9,5.7,0.0,No,Yes
2023-07-27,Belagavi,15.8,26.5,20.7,53.6,1021.8,14.8,W,31.8,8.7,0.0,No,No
2023-07-28,Bengaluru,19.7,32.2,26.2,60.6,1015.3,22.4,W,37.2,6.0,0.0,No,Yes
2023-07-29,Mangaluru,18.5,25.6,21.6,60.6,1013.3,27.0,N,54.7,3.6,3.4,Yes,No
2023-07-30,Belagavi,14.0,21.7,18.1,92.5,1012.5,20.8,E,54.1,5.7,1.1,Yes,No
2023-07-31,Belagavi,12.2,23.0,17.4,34.0,1014.7,23.8,NE,52.2,6.1,0.0,No,No
2023-08-01,Mysuru,12.3,21.5,16.6,65.3,1013.8,18.9,N,74.7,3.9,4.4,Yes,Yes
2023-08-02,Bengaluru,16.6,28.7,22.6,88.4,1018.9,19.2,NW,65.4,4.6,9.0,Yes,Yes
2023-08-03,Mangaluru,9.5,18.8,15.3,69.4,1018.3,24.0,NE,54.3,4.2,12.8,Yes,Yes
2023-08-04,Mysuru,14.7,24.6,17.8,77.2,1019.2,26.4,S,30.7,7.3,0.2,No,No
2023-08-05,Hubballi,12.3,23.6,17.7,69.6,1022.6,25.0,W,64.0,4.2,12.5,Yes,Yes
2023-08-06,Mangaluru,9.1,18.5,15.4,60.6,1025.7,15.6,SE,32.1,8.6,0.0,No,Yes
2023-08-07,Mysuru,7.6,17.1,11.8,41.9,1017.1,19.7,E,35.5,7.5,0.0,No,No
2023-08-08,Hubballi,14.9,22.7,18.5,71.5,1022.1,21.1,W,68.0,4.0,2.3,Yes,Yes
2023-08-09,Mangaluru,10.9,20.9,16.9,59.9,1014.9,19.0,NW,64.4,6.7,0.0,No,No
2023-08-10,Mysuru,12.4,25.6,19.0,59.8,1022.7,21.7,NW,41.9,6.2,0.0,No,No
2023-08-11,Mangaluru,9.1,21.1,14.7,63.6,1022.1,23.5,S,44.3,7.0,0.0,No,No
2023-08-12,Belagavi,15.3,24.7,21.7,90.7,1022.0,24.3,N,50.8,5.6,10.7,Yes,Yes
2023-08-13,Mysuru,6.2,16.9,13.2,98.8,1017.5,27.1,W,,8.1,17.4,Yes,No
2023-08-14,Belagavi,18.4,29.3,23.4,72.8,1013.7,19.1,,44.6,6.4,5.9,Yes,No
2023-08-15,Mysuru,2.7,15.9,9.5,64.8,1010.2,15.0,NE,26.7,7.9,10.9,Yes,Yes
2023-08-16,Belagavi,13.7,24.0,18.1,56.4,1017.0,22.0,NW,57.8,5.0,1.9,Yes,Yes
2023-08-17,Bengaluru,12.2,23.3,18.2,76.4,1025.0,28.1,W,61.5,5.1,11.5,Yes,Yes
2023-08-18,Belagavi,6.4,19.9,13.0,92.3,1015.8,18.7,NE,70.3,5.6,15.1,Yes,Yes
2023-08-19,Bengaluru,12.7,24.0,17.8,68.1,1021.4,23.4,SW,37.9,7.9,0.0,No,No
2023-08-20,Mangaluru,15.6,26.0,21.1,42.7,1021.7,23.5,SE,24.2,8.0,0.0,No,No
2023-08-21,Hubballi,0.2,12.4,7.0,79.5,1016.2,21.6,S,57.6,7.2,8.7,Yes,Yes
2023-08-22,Hubballi,13.8,21.0,17.8,83.4,,20.9,SW,,6.1,12.8,Yes,No
2023-08-23,Hubballi,1.3,12.6,5.8,52.7,1003.2,17.2,E,43.9,5.8,3.7,Yes,Yes
2023-08-24,Bengaluru,5.7,16.2,11.8,74.0,1011.7,11.8,NE,50.3,4.2,2.5,Yes,Yes
2023-08-25,Hubballi,17.7,27.7,22.1,77.5,1013.3,16.6,NW,81.7,2.7,22.1,Yes,Yes
2023-08-26,Hubballi,8.2,18.8,13.2,71.3,1013.8,19.5,N,59.9,5.5,2.7,Yes,Yes
2023-08-27,Belagavi,7.5,13.9,10.7,62.9,1019.6,25.5,S,79.7,4.1,11.3,Yes,Yes
2023-08-28,Hubballi,9.3,18.6,14.5,84.7,1019.5,20.8,E,77.9,5.1,22.5,Yes,Yes
2023-08-29,Bengaluru,18.0,29.1,23.5,67.8,1020.0,19.1,E,77.7,2.2,6.3,Yes,Yes
2023-08-30,Belagavi,4.5,14.5,7.9,55.0,1021.1,17.7,W,30.9,6.9,0.0,No,No
2023-08-31,Bengaluru,6.9,17.0,10.9,48.3,1013.4,23.9,E,53.2,4.2,0.7,No,Yes
2023-09-01,Mysuru,16.3,26.3,21.0,88.2,1012.1,26.8,,53.8,3.9,18.0,Yes,Yes
2023-09-02,Hubballi,16.3,26.3,22.4,80.6,,25.6,SW,32.3,6.6,0.0,No,No
2023-09-03,Bengaluru,11.4,21.3,14.5,74.4,1015.2,23.9,NE,77.2,4.0,14.0,Yes,Yes
2023-09-04,Bengaluru,5.6,14.5,9.9,68.1,1010.5,15.6,SE,47.8,6.9,0.0,No,Yes
2023-09-05,Belagavi,20.1,26.8,23.2,67.2,1023.3,20.1,S,36.0,,6.9,Yes,No
2023-09-06,Mysuru,16.0,24.2,21.1,60.7,1025.4,29.3,NE,43.1,5.4,0.0,No,No
2023-09-07,Mysuru,12.4,24.2,17.4,68.6,1026.3,26.1,W,40.5,4.5,0.0,No,No
2023-09-08,Hubballi,5.3,17.5,11.4,48.4,1019.5,15.5,SE,34.0,7.4,0.0,No,No
2023-09-09,Mangaluru,11.4,18.2,14.4,65.1,1021.7,21.4,E,47.7,,3.5,Yes,No
2023-09-10,Mangaluru,7.8,17.4,13.9,70.3,1025.5,23.1,N,79.1,5.4,19.2,Yes,Yes
2023-09-11,Belagavi,9.2,22.6,15.8,81.4,1015.4,18.7,E,47.6,6.5,11.6,Yes,Yes
2023-09-12,Hubballi,16.0,24.2,20.2,73.7,1024.2,12.5,SE,79.4,3.2,27.2,Yes,Yes
2023-09-13,Belagavi,13.6,22.7,17.9,83.8,1020.1,22.2,NW,71.3,3.3,4.3,Yes,Yes
2023-09-14,Hubballi,7.0,15.5,10.0,90.6,1023.3,18.6,,67.2,2.6,4.8,Yes,Yes
2023-09-15,Mysuru,15.1,23.1,19.8,87.1,1019.7,18.7,N,71.1,2.4,8.5,Yes,Yes
2023-09-16,Mangaluru,10.1,19.9,15.5,80.2,1025.3,20.4,SW,57.3,4.5,6.4,Yes,No
2023-09-17,Bengaluru,13.5,23.8,17.0,74.7,1019.9,21.3,NE,74.2,3.0,4.0,Yes,Yes
2023-09-18,Mangaluru,14.4,25.9,20.1,62.9,1011.4,21.8,NW,58.6,3.9,1.0,Yes,Yes
2023-09-19,Hubballi,5.3,14.2,9.7,83.6,1026.1,,SW,33.5,,4.3,Yes,No
2023-09-20,Mangaluru,8.3,20.2,14.0,94.9,1014.2,21.0,N,67.4,5.0,10.4,Yes,Yes
2023-09-21,Bengaluru,8.0,18.3,12.0,78.9,1025.2,14.9,E,68.3,,1.3,Yes,No
2023-09-22,Mysuru,1.7,11.4,7.8,97.8,1018.5,23.2,S,59.8,7.3,12.9,Yes,Yes
2023-09-23,Mysuru,10.3,20.8,15.5,56.6,1024.8,10.5,NE,49.5,3.8,0.0,No,Yes
2023-09-24,Hubballi,19.0,28.6,24.1,61.0,1024.6,20.8,S,40.2,6.7,1.1,Yes,Yes
2023-09-25,Mangaluru,1.7,11.7,6.7,,1021.1,25.7,W,38.4,6.5,0.0,No,No
2023-09-26,Hubballi,7.5,18.8,13.9,78.1,1021.5,17.7,S,33.0,6.6,0.0,No,Yes
2023-09-27,Mangaluru,11.4,21.6,16.6,90.7,1021.1,,NE,38.2,6.0,9.8,Yes,Yes
2023-09-28,Belagavi,10.9,19.6,14.5,74.8,1008.9,26.6,E,65.0,4.6,17.1,Yes,Yes
2023-09-29,Hubballi,8.0,16.8,13.6,64.6,1019.6,8.8,SW,13.5,8.6,0.2,No,No
2023-09-30,Mangaluru,3.7,12.5,8.8,72.4,1013.4,21.4,W,44.0,5.9,7.2,Yes,Yes
2023-10-01,Belagavi,11.7,20.2,14.9,56.6,1019.9,10.5,SE,36.2,5.4,0.0,No,No
2023-10-02,Hubballi,5.6,17.7,11.0,61.5,1013.3,21.5,E,45.3,4.3,4.4,Yes,Yes
2023-10-03,Mysuru,1.9,11.2,5.2,86.7,1013.1,22.0,SW,31.8,7.0,4.9,Yes,Yes
2023-10-04,Belagavi,12.9,22.7,18.8,85.5,1027.0,12.1,SE,65.2,4.1,7.2,Yes,Yes
2023-10-05,Hubballi,12.2,22.3,17.9,79.3,1024.3,29.7,SE,37.6,6.6,0.0,No,Yes
2023-10-06,Bengaluru,9.3,18.6,14.2,54.3,1019.0,23.1,NE,63.7,4.6,6.2,Yes,No
2023-10-07,Mysuru,9.0,21.0,15.0,70.6,1019.9,18.6,NE,43.9,5.7,2.5,Yes,Yes
2023-10-08,Belagavi,14.2,25.2,18.4,60.2,1017.7,27.8,N,47.6,5.8,4.0,Yes,No
2023-10-09,Mangaluru,10.2,19.4,15.0,89.0,1021.8,,SW,60.6,3.9,0.0,No,Yes
2023-10-10,Bengaluru,14.7,20.8,17.7,67.8,1015.5,17.0,W,55.8,7.2,4.6,Yes,Yes
2023-10-11,Mangaluru,6.0,19.7,12.9,61.7,1023.9,12.7,NW,50.3,4.9,0.0,No,No
2023-10-12,Bengaluru,16.2,25.4,19.4,75.1,1017.6,29.1,S,48.6,5.5,13.8,Yes,Yes
2023-10-13,Hubballi,12.0,21.8,15.5,67.0,1016.8,23.2,S,56.9,4.4,8.1,Yes,Yes
2023-10-14,Hubballi,10.0,18.8,15.0,92.4,1019.0,24.5,S,69.0,3.4,16.9,Yes,Yes
2023-10-15,Mangaluru,4.6,14.7,9.2,65.7,1015.9,23.1,NW,39.8,6.7,0.0,No,Yes
2023-10-16,Mangaluru,10.3,19.3,15.4,57.7,1020.4,24.1,S,54.5,5.3,1.5,Yes,Yes
2023-10-17,Mangaluru,4.6,14.0,11.0,48.6,1016.1,22.1,NW,62.3,4.3,0.0,No,No
2023-10-18,Belagavi,8.2,15.4,11.8,74.0,1021.1,22.9,NW,65.2,4.2,6.6,Yes,Yes
2023-10-19,Mysuru,5.6,17.8,11.1,67.5,1024.8,22.2,N,66.0,3.6,0.2,No,Yes
2023-10-20,Mangaluru,7.1,14.0,10.2,57.1,1015.1,19.3,SE,50.4,6.3,13.6,Yes,Yes
2023-10-21,Hubballi,16.8,28.3,23.0,88.4,1018.0,21.5,N,46.3,8.6,17.6,Yes,Yes
2023-10-22,Hubballi,13.6,26.7,19.8,82.0,1020.9,22.8,SW,45.7,5.1,11.6,Yes,Yes
2023-10-23,Mangaluru,17.7,25.6,22.3,73.6,1016.4,22.1,W,59.2,5.5,0.0,No,Yes
2023-10-24,Mangaluru,6.0,16.0,9.7,90.2,1020.9,15.7,NE,75.2,3.8,20.7,Yes,Yes
2023-10-25,Hubballi,8.7,20.4,15.0,81.7,1021.3,16.2,E,99.5,2.5,19.5,Yes,Yes
2023-10-26,Belagavi,2.9,13.9,9.6,63.8,1023.9,25.9,SE,65.2,5.4,9.9,Yes,Yes
2023-10-27,Bengaluru,8.7,16.5,12.0,61.0,1015.4,20.3,SE,31.9,7.6,0.0,No,No
2023-10-28,Hubballi,5.9,14.3,11.2,83.2,1013.6,23.8,N,46.8,6.1,8.8,Yes,Yes
2023-10-29,Bengaluru,13.1,23.9,19.9,78.0,1016.8,17.1,NE,90.4,1.9,18.1,Yes,Yes
2023-10-30,Mangaluru,7.8,18.1,13.4,75.2,1013.4,15.5,NE,51.9,4.8,0.0,No,No
2023-10-31,Mysuru,13.0,25.2,19.3,62.9,1021.0,18.0,,50.9,5.6,0.0,No,No
2023-11-01,Mangaluru,13.6,21.6,17.5,80.2,1012.4,20.4,SW,42.7,4.9,9.5,Yes,Yes
2023-11-02,Mangaluru,21.0,29.7,24.4,63.7,1029.8,,,74.0,3.1,9.2,Yes,No
2023-11-03,Mangaluru,4.8,15.3,9.3,71.4,1024.5,26.4,SE,61.1,6.2,0.6,No,Yes
2023-11-04,Hubballi,15.8,26.2,20.4,89.9,1018.1,21.9,N,49.3,6.0,9.8,Yes,Yes
2023-11-05,Hubballi,13.9,25.4,20.0,64.4,1022.3,28.5,S,35.9,8.1,0.0,No,Yes
2023-11-06,Mysuru,7.0,16.9,11.6,53.3,1009.7,22.7,NW,50.9,7.5,9.7,Yes,No
2023-11-07,Bengaluru,15.7,25.5,19.6,59.4,1030.4,11.4,SE,49.4,5.7,1.1,Yes,Yes
2023-11-08,Bengaluru,10.5,21.3,17.0,83.8,1014.8,25.2,S,71.0,4.3,18.5,Yes,Yes
2023-11-09,Bengaluru,8.7,19.6,14.8,74.8,1017.1,14.9,E,63.1,4.4,11.0,Yes,Yes
2023-11-10,Mangaluru,6.9,19.4,12.5,70.0,1008.4,21.8,NE,49.0,4.9,16.2,Yes,Yes
2023-11-11,Mysuru,9.2,18.7,13.0,65.3,1020.0,17.7,NW,43.0,5.3,0.0,No,Yes
2023-11-12,Mangaluru,20.4,29.3,24.2,77.1,1012.0,29.3,SE,53.4,6.6,3.5,Yes,Yes
2023-11-13,Mysuru,11.1,21.4,16.1,60.9,1017.9,26.4,E,41.1,6.8,4.2,Yes,No
2023-11-14,Belagavi,14.2,22.7,19.3,,1014.6,17.7,S,52.9,,12.9,Yes,Yes
2023-11-15,Hubballi,9.1,18.5,13.1,61.9,1011.9,20.1,SE,50.0,7.0,0.0,No,No
2023-11-16,Mangaluru,9.8,19.6,13.3,59.8,1013.2,21.5,E,35.4,6.2,0.0,No,Yes
2023-11-17,Belagavi,16.4,25.9,20.8,62.7,1018.3,23.9,SE,59.5,6.0,13.1,Yes,Yes
2023-11-18,Bengaluru,6.5,14.9,11.2,65.7,1010.7,20.5,E,45.7,5.8,6.1,Yes,Yes
2023-11-19,Belagavi,11.8,19.8,15.0,69.4,1013.2,16.2,E,40.1,8.1,7.2,Yes,Yes
2023-11-20,Hubballi,11.7,21.0,16.9,72.6,1020.2,17.4,S,48.8,5.4,0.0,No,Yes
2023-11-21,Hubballi,14.3,21.8,17.3,25.3,1029.8,20.2,NE,38.8,5.5,0.0,No,No
2023-11-22,Hubballi,12.7,20.2,16.3,59.7,1019.1,25.1,N,50.1,4.9,0.0,No,Yes
2023-11-23,Belagavi,15.1,23.0,18.7,64.5,1012.1,21.8,E,57.1,4.3,0.0,No,Yes
2023-11-24,Bengaluru,14.2,26.3,20.0,87.0,1014.8,16.9,NE,73.3,2.9,20.7,Yes,Yes
2023-11-25,Mangaluru,15.3,26.3,20.3,55.8,1016.7,22.5,,66.9,3.7,11.6,Yes,No
2023-11-26,Bengaluru,7.2,18.5,13.5,70.5,1014.7,18.3,N,57.5,6.2,5.1,Yes,Yes
2023-11-27,Mysuru,12.4,22.5,16.4,,1020.8,23.3,S,43.5,8.5,2.9,Yes,Yes
2023-11-28,Mysuru,18.6,29.4,22.4,52.4,1017.3,29.8,SE,41.9,4.9,5.6,Yes,Yes
2023-11-29,Mangaluru,15.2,26.0,21.4,72.6,1020.7,18.2,NE,39.0,8.3,0.0,No,No
2023-11-30,Hubballi,7.6,19.3,12.4,58.1,1014.5,,W,73.7,3.3,6.0,Yes,No
2023-12-01,Mangaluru,15.3,23.4,19.4,61.4,1022.6,16.5,NW,79.4,3.8,15.9,Yes,Yes
2023-12-02,Belagavi,5.6,17.0,10.2,57.6,1015.1,19.0,SE,57.8,3.2,0.0,No,Yes
2023-12-03,Hubballi,13.8,24.9,18.5,58.2,1010.9,19.5,SE,61.2,5.5,0.8,No,Yes
2023-12-04,Mangaluru,20.7,29.8,26.0,99.4,1026.6,18.5,NW,68.5,1.9,19.6,Yes,Yes
2023-12-05,Mangaluru,11.6,19.1,14.7,76.7,1006.5,29.0,N,61.2,5.3,8.7,Yes,Yes
2023-12-06,Belagavi,11.3,21.1,15.3,79.5,1011.8,17.9,SW,32.9,7.6,3.9,Yes,Yes
2023-12-07,Belagavi,16.9,25.6,21.8,72.0,1012.3,21.4,NW,52.7,5.8,0.0,No,Yes
2023-12-08,Bengaluru,7.5,18.1,12.7,46.6,1027.9,11.2,NE,30.4,6.6,0.0,No,No
2023-12-09,Mysuru,12.8,21.6,16.5,70.3,1024.3,20.6,E,57.4,5.9,3.1,Yes,Yes
2023-12-10,Mangaluru,17.8,25.7,21.5,78.2,1022.6,23.4,SW,55.4,5.9,11.4,Yes,Yes
2023-12-11,Bengaluru,10.8,20.9,16.7,54.9,1013.4,16.6,N,76.2,3.4,11.5,Yes,Yes
2023-12-12,Hubballi,12.3,23.5,18.5,76.5,1027.1,8.6,NE,69.3,5.0,10.0,Yes,No
2023-12-13,Hubballi,19.2,26.7,22.5,73.1,1016.7,18.4,E,58.5,5.0,9.3,Yes,Yes
2023-12-14,Mysuru,14.4,25.1,21.3,86.6,1019.6,18.5,W,55.6,6.0,9.4,Yes,Yes
2023-12-15,Hubballi,16.1,27.0,20.9,59.1,1015.6,21.3,NW,73.8,3.7,10.0,Yes,No
2023-12-16,Mysuru,13.2,23.9,18.6,50.7,1014.3,26.3,W,44.8,6.5,0.0,No,No
2023-12-17,Hubballi,16.2,26.3,21.5,59.3,1013.2,16.7,SE,53.7,6.2,0.0,No,No
2023-12-18,Hubballi,15.3,23.4,19.7,80.6,1013.3,14.7,S,57.9,4.7,17.8,Yes,Yes
2023-12-19,Mangaluru,17.0,27.5,22.2,41.2,1017.3,13.4,S,35.4,5.6,0.0,No,No
2023-12-20,Belagavi,13.1,24.0,18.5,38.1,1016.0,18.8,N,40.8,6.9,0.0,No,Yes
2023-12-21,Mangaluru,13.8,24.8,19.9,63.7,1013.9,,SW,,9.7,1.9,Yes,Yes
2023-12-22,Bengaluru,11.1,21.3,16.8,57.1,1021.5,15.6,W,24.6,8.3,0.0,No,No
2023-12-23,Belagavi,15.9,27.2,20.7,,999.0,20.8,E,55.1,5.8,5.2,Yes,Yes
2023-12-24,Mangaluru,14.0,23.6,17.8,73.2,1016.3,19.5,E,77.8,3.5,6.9,Yes,Yes
2023-12-25,Belagavi,13.6,21.1,16.7,55.0,1017.2,17.7,NW,52.2,6.5,2.3,Yes,No
2023-12-26,Belagavi,16.7,27.7,22.3,38.9,1019.3,13.8,NW,29.7,7.3,0.0,No,No
2023-12-27,Belagavi,17.4,26.2,22.3,85.6,1013.1,15.4,S,37.6,6.3,3.0,Yes,Yes
2023-12-28,Hubballi,17.8,27.7,24.7,48.9,1014.4,7.6,,56.3,6.6,0.6,No,No
2023-12-29,Belagavi,16.6,26.4,20.0,47.9,1018.2,18.1,NE,35.6,6.4,0.0,No,Yes
2023-12-30,Hubballi,20.2,29.7,23.5,73.6,1020.6,17.2,NE,64.1,5.7,3.0,Yes,Yes
2023-12-31,Belagavi,20.4,29.7,24.2,55.5,1011.5,17.8,S,53.0,6.9,0.0,No,Yes
2024-01-01,Hubballi,19.4,30.2,23.9,59.0,1014.2,18.9,SE,55.8,6.0,6.0,Yes,Yes
2024-01-02,Belagavi,15.3,25.1,19.0,65.3,1021.2,,SE,51.6,4.2,0.0,No,No
2024-01-03,Bengaluru,18.2,29.5,23.0,72.2,1002.1,16.3,SE,59.6,5.1,6.2,Yes,No
2024-01-04,Mangaluru,19.6,30.6,24.0,55.0,1009.1,16.9,S,45.2,6.0,0.0,No,Yes
2024-01-05,Belagavi,15.7,29.0,22.7,77.0,1019.8,11.0,,46.3,5.6,1.5,Yes,Yes
2024-01-06,Bengaluru,7.6,20.9,14.5,32.8,1017.8,14.1,W,23.7,8.2,0.0,No,No
2024-01-07,Mangaluru,19.1,28.6,23.6,67.3,1014.9,16.6,W,16.2,9.6,6.7,Yes,Yes
2024-01-08,Mysuru,25.8,37.8,31.9,47.9,1009.9,13.4,E,41.4,,0.0,No,No
2024-01-09,Belagavi,17.8,26.1,21.8,74.2,1007.7,19.7,NE,77.5,3.3,13.0,Yes,Yes
2024-01-10,Mysuru,17.2,26.9,20.5,59.1,1009.0,13.5,SW,59.6,4.7,6.1,Yes,Yes
2024-01-11,Mangaluru,21.8,31.4,25.0,49.1,1019.6,16.9,W,48.1,7.4,0.0,No,Yes
2024-01-12,Mangaluru,21.8,28.2,24.9,64.9,1008.6,16.4,NE,39.9,6.4,4.0,Yes,Yes
2024-01-13,Belagavi,22.6,32.9,28.5,67.4,1012.2,18.9,,66.9,2.9,4.1,Yes,Yes
2024-01-14,Bengaluru,14.5,22.6,18.9,64.1,1007.8,19.4,NW,48.9,4.0,14.2,Yes,No
2024-01-15,Belagavi,20.7,30.5,27.0,43.8,1015.7,18.5,NW,66.2,4.9,0.0,No,No
2024-01-16,Bengaluru,20.0,31.2,26.5,50.1,1008.7,7.2,N,30.3,6.6,0.0,No,No
2024-01-17,Belagavi,19.5,29.2,23.7,55.6,1010.8,20.3,NW,,7.8,0.0,No,No
2024-01-18,Bengaluru,21.6,30.2,25.8,54.9,1002.8,21.6,E,34.3,5.5,2.5,Yes,Yes
2024-01-19,Hubballi,24.5,32.9,28.7,64.2,1003.0,13.5,SE,28.4,7.0,1.1,Yes,No
2024-01-20,Bengaluru,23.3,31.6,28.2,30.8,1011.0,16.3,SW,23.2,6.5,0.0,No,No
2024-01-21,Bengaluru,17.2,24.8,20.3,58.7,1004.3,11.7,NE,50.0,6.4,7.8,Yes,Yes
2024-01-22,Mangaluru,25.2,33.1,28.2,51.0,1021.3,7.4,W,34.7,7.9,0.0,No,No
2024-01-23,Mysuru,18.9,29.4,24.8,44.2,1000.4,12.1,W,0.0,10.4,0.0,No,Yes
2024-01-24,Belagavi,19.3,31.2,25.5,45.1,1006.6,12.8,NW,59.1,3.8,0.0,No,No
2024-01-25,Mangaluru,21.8,29.8,25.6,51.2,1010.6,13.5,SE,20.2,,3.5,Yes,No
2024-01-26,Mysuru,19.5,30.7,24.9,10.3,1008.6,11.0,SE,38.0,7.1,0.0,No,No
2024-01-27,Mangaluru,26.5,36.9,30.4,44.9,1004.8,11.8,S,43.4,4.4,9.4,Yes,Yes
2024-01-28,Mangaluru,19.4,30.7,25.4,42.5,1005.4,14.6,S,73.8,3.6,9.7,Yes,Yes
2024-01-29,Belagavi,16.7,25.9,21.3,59.2,1005.2,11.5,E,63.6,6.5,7.6,Yes,Yes
2024-01-30,Hubballi,18.1,28.1,24.4,42.9,1008.6,16.7,NW,34.6,6.9,0.0,No,No
2024-01-31,Mangaluru,20.0,33.5,26.8,49.8,1019.7,17.2,NE,34.4,5.3,0.0,No,No
2024-02-01,Belagavi,25.9,37.1,31.1,70.7,1010.3,23.9,S,75.8,3.0,12.7,Yes,Yes
2024-02-02,Bengaluru,22.1,32.7,28.7,63.9,1015.7,18.8,E,28.4,6.9,0.0,No,Yes
2024-02-03,Mysuru,19.9,26.6,23.0,62.5,1012.2,15.2,N,52.9,8.2,2.4,Yes,Yes
2024-02-04,Belagavi,31.6,39.7,36.5,45.5,1015.2,11.7,SE,41.2,8.6,0.0,No,No
2024-02-05,Hubballi,22.7,31.5,27.7,57.8,995.5,15.3,NE,43.0,7.3,13.8,Yes,Yes
2024-02-06,Belagavi,27.2,37.8,31.9,48.3,1007.9,15.3,NE,49.6,5.5,0.0,No,Yes
2024-02-07,Belagavi,22.0,31.8,26.3,48.5,1015.9,11.9,E,47.3,7.5,0.0,No,No
2024-02-08,Bengaluru,23.2,36.0,29.1,55.6,1006.4,17.0,S,54.1,4.1,6.8,Yes,Yes
2024-02-09,Mysuru,25.2,34.7,30.4,43.3,1018.0,8.2,SE,44.4,7.6,0.0,No,No
2024-02-10,Mysuru,28.7,38.2,32.1,68.2,1016.5,12.8,SE,,6.2,8.7,Yes,Yes
2024-02-11,Hubballi,24.7,35.0,31.5,48.2,1006.7,15.9,,45.7,6.0,4.3,Yes,Yes
2024-02-12,Mysuru,24.3,36.1,30.9,57.3,1006.4,12.5,NE,38.0,8.2,6.6,Yes,No
2024-02-13,Bengaluru,21.8,31.1,26.2,67.2,1003.8,12.7,NW,51.9,5.1,7.4,Yes,Yes
2024-02-14,Hubballi,21.3,31.7,25.3,61.9,1005.7,13.0,SE,39.0,5.2,0.1,No,No
2024-02-15,Bengaluru,23.5,34.8,29.0,32.4,1002.6,10.1,N,26.3,9.0,0.0,No,No
2024-02-16,Bengaluru,28.3,35.3,31.5,54.5,1010.8,18.1,E,41.8,6.4,0.0,No,No
2024-02-17,Belagavi,22.0,33.9,27.0,59.2,1001.3,9.3,N,46.9,6.8,5.3,Yes,Yes
2024-02-18,Belagavi,26.5,38.5,32.2,59.5,1011.5,14.5,S,49.3,8.1,0.7,No,Yes
2024-02-19,Belagavi,29.2,38.3,33.9,35.3,1011.6,14.9,NW,52.9,4.7,0.0,No,No
2024-02-20,Mangaluru,17.6,30.8,24.5,,1000.1,9.4,N,33.8,7.0,0.0,No,No
2024-02-21,Bengaluru,19.0,31.7,24.9,60.2,1016.1,13.4,N,52.0,7.5,0.5,No,No
2024-02-22,Mysuru,21.0,34.3,27.8,39.0,,9.4,S,42.4,7.3,0.0,No,No
2024-02-23,Hubballi,23.0,34.9,29.6,44.4,1011.9,18.6,SW,33.6,6.4,0.0,No,Yes
2024-02-24,Mangaluru,22.9,31.7,26.4,66.7,1004.3,8.4,W,52.8,4.5,13.3,Yes,Yes
2024-02-25,Belagavi,28.3,37.4,34.0,47.1,1011.2,10.3,W,58.9,4.5,10.8,Yes,Yes
2024-02-26,Mangaluru,25.0,34.0,30.3,,1013.6,,SW,43.3,5.5,0.0,No,No
2024-02-27,Mangaluru,25.7,35.8,28.9,36.9,1007.5,7.4,NW,43.1,6.7,0.0,No,No
2024-02-28,Bengaluru,18.8,29.1,23.1,51.3,1017.9,19.1,NW,34.9,7.2,0.0,No,No
2024-02-29,Bengaluru,18.5,26.7,23.6,31.1,1008.1,14.9,E,67.0,4.8,7.1,Yes,Yes
2024-03-01,Mysuru,24.9,35.3,30.1,44.0,1013.5,13.2,W,32.9,6.3,0.0,No,Yes
2024-03-02,Hubballi,14.2,24.9,20.5,50.9,,10.0,SE,20.3,8.2,0.0,No,No
2024-03-03,Hubballi,27.8,37.4,33.1,62.3,,16.2,N,62.8,2.3,0.0,No,Yes
2024-03-04,Belagavi,23.6,33.7,28.5,54.6,999.3,9.2,E,45.1,6.4,14.2,Yes,Yes
2024-03-05,Mysuru,36.2,46.4,42.2,37.9,1009.5,15.7,S,35.6,8.4,0.0,No,No
2024-03-06,Hubballi,33.2,42.5,38.5,60.5,1003.9,9.0,W,41.0,4.9,16.7,Yes,Yes
2024-03-07,Mangaluru,22.0,35.3,28.6,42.7,1003.3,9.9,SW,70.2,4.7,15.0,Yes,Yes
2024-03-08,Mangaluru,22.3,32.1,28.9,31.4,1016.2,15.4,E,42.9,5.7,0.0,No,No
2024-03-09,Hubballi,28.0,38.1,33.4,44.0,1006.4,15.8,SW,50.9,6.7,0.0,No,No
2024-03-10,Mangaluru,31.0,41.3,36.3,63.3,1002.4,,N,52.7,5.8,9.0,Yes,Yes
2024-03-11,Mangaluru,17.2,27.7,23.0,47.9,1005.6,8.1,SE,48.2,6.5,0.0,No,No
2024-03-12,Belagavi,16.5,28.0,22.4,46.0,1000.8,10.5,S,64.4,4.7,2.9,Yes,Yes
2024-03-13,Mangaluru,21.2,30.2,27.1,65.4,1014.5,12.9,S,47.4,7.6,0.0,No,Yes
2024-03-14,Hubballi,26.5,38.5,32.0,28.5,1003.8,8.8,N,14.5,9.2,0.0,No,No
2024-03-15,Bengaluru,25.6,36.7,31.7,30.2,1009.9,17.7,SW,50.1,5.0,0.0,No,Yes
2024-03-16,Mangaluru,30.4,39.2,34.0,26.1,1014.0,2.6,E,42.9,6.5,0.0,No,No
2024-03-17,Hubballi,18.7,29.8,25.0,49.9,1004.7,9.0,SE,46.6,5.7,6.6,Yes,Yes
2024-03-18,Mangaluru,16.3,25.3,20.5,47.4,1009.8,10.1,S,51.0,5.9,3.3,Yes,No
2024-03-19,Mysuru,26.7,37.0,33.3,63.8,1002.0,0.7,N,45.0,5.7,8.3,Yes,No
2024-03-20,Belagavi,23.0,31.6,26.5,48.2,1019.3,6.5,N,44.6,5.5,0.0,No,No
2024-03-21,Bengaluru,18.8,26.5,21.8,40.4,1011.8,14.6,NE,39.2,7.0,0.0,No,No
2024-03-22,Mangaluru,27.4,35.4,30.5,45.2,,12.2,SW,34.2,7.2,0.1,No,Yes
2024-03-23,Hubballi,29.3,36.1,33.1,46.6,1003.2,18.3,NE,61.5,6.2,0.3,No,Yes
2024-03-24,Bengaluru,26.0,33.0,29.4,25.1,1006.5,18.2,E,13.8,8.3,0.0,No,No
2024-03-25,Mangaluru,22.9,34.2,28.1,77.6,1005.3,13.8,W,91.5,0.0,20.5,Yes,Yes
2024-03-26,Mysuru,24.5,34.0,29.3,51.3,1016.8,13.3,N,58.7,4.7,9.3,Yes,Yes
2024-03-27,Hubballi,23.1,34.5,28.5,47.6,1000.9,12.3,NW,17.4,6.6,0.0,No,Yes
2024-03-28,Belagavi,20.8,28.3,24.6,52.4,1007.7,1.4,SW,42.6,6.9,3.0,Yes,Yes
2024-03-29,Mangaluru,21.1,32.9,27.1,53.5,1006.9,6.4,E,43.9,4.3,0.0,No,Yes
2024-03-30,Hubballi,26.6,36.2,32.1,43.3,,12.4,E,48.2,4.8,0.0,No,No
2024-03-31,Mangaluru,27.4,37.1,31.3,37.4,1006.5,14.5,SE,25.1,7.5,0.0,No,No
2024-04-01,Belagavi,26.1,34.0,30.7,52.2,1006.4,13.2,NE,46.4,8.0,0.0,No,Yes
2024-04-02,Mysuru,20.1,30.4,26.0,49.6,1011.4,8.4,E,43.0,5.1,0.0,No,No
2024-04-03,Belagavi,23.5,32.7,29.3,35.3,1010.1,15.8,SE,28.1,,0.0,No,No
2024-04-04,Belagavi,16.0,26.8,21.3,62.1,1009.1,17.9,SE,36.7,7.6,0.3,No,Yes
2024-04-05,Belagavi,23.8,35.3,30.7,48.6,991.8,15.8,SW,58.2,6.9,14.9,Yes,Yes
2024-04-06,Bengaluru,32.1,39.0,35.7,53.8,1008.5,16.0,NE,21.1,9.2,0.0,No,No
2024-04-07,Hubballi,19.1,29.2,24.1,61.8,998.8,9.8,NE,56.9,6.6,7.4,Yes,Yes
2024-04-08,Mangaluru,22.1,30.7,27.6,45.4,1010.3,16.3,N,55.1,6.4,9.7,Yes,Yes
2024-04-09,Mysuru,24.3,37.5,31.2,49.0,1014.4,12.6,E,41.3,5.1,0.0,No,Yes
2024-04-10,Mangaluru,29.7,41.7,34.9,54.9,1002.5,14.1,SE,47.8,6.5,2.9,Yes,No
2024-04-11,Bengaluru,23.3,34.3,28.1,36.6,1005.8,13.5,N,57.1,6.3,0.0,No,No
2024-04-12,Mysuru,20.4,33.9,27.1,46.0,1004.1,11.6,SW,32.8,6.1,0.0,No,Yes
2024-04-13,Bengaluru,16.9,28.5,21.9,46.9,1013.3,8.7,E,34.7,6.4,0.0,No,No
2024-04-14,Mangaluru,23.4,36.8,30.2,33.9,1007.6,11.8,E,31.1,6.4,0.0,No,No
2024-04-15,Mysuru,31.9,41.9,37.9,73.3,1015.8,16.1,N,71.8,4.9,10.5,Yes,Yes
2024-04-16,Mangaluru,27.1,34.7,30.8,28.7,1009.3,10.4,SE,55.8,5.3,0.0,No,Yes
2024-04-17,Hubballi,25.9,35.8,29.6,,1008.5,15.8,N,16.1,8.3,0.0,No,No
2024-04-18,Bengaluru,26.6,35.9,30.9,61.5,1007.6,15.2,E,64.7,3.1,0.2,No,Yes
2024-04-19,Hubballi,26.3,36.3,29.5,54.3,1011.4,11.1,NW,59.0,5.0,7.8,Yes,Yes
2024-04-20,Hubballi,21.1,32.9,26.3,33.5,998.7,17.8,N,61.7,4.2,6.4,Yes,Yes
2024-04-21,Mangaluru,26.4,39.4,32.8,53.2,1007.8,10.9,N,52.1,6.0,0.0,No,Yes
2024-04-22,Mangaluru,25.8,34.7,30.4,63.6,1007.1,,SW,49.8,4.5,8.9,Yes,Yes
2024-04-23,Belagavi,23.9,33.0,29.5,45.8,1011.1,14.1,E,60.5,5.2,10.0,Yes,Yes
2024-04-24,Belagavi,18.5,31.2,25.4,,1006.6,12.3,NE,66.4,3.9,9.9,Yes,No
2024-04-25,Mysuru,30.7,39.3,34.5,25.6,1002.3,8.9,SW,68.9,2.8,0.2,No,No
2024-04-26,Mangaluru,27.5,38.6,31.9,54.8,1007.6,12.1,NW,61.3,3.3,7.3,Yes,Yes
2024-04-27,Bengaluru,23.9,33.4,27.0,60.6,1002.2,11.7,NW,51.5,4.3,9.8,Yes,No
2024-04-28,Mangaluru,29.2,39.8,33.1,57.4,998.0,7.5,W,30.3,7.2,6.5,Yes,No
2024-04-29,Mangaluru,20.9,32.3,27.1,44.3,1011.4,11.7,SE,34.0,7.3,0.0,No,No
2024-04-30,Hubballi,20.2,31.0,25.9,43.4,1010.7,9.4,E,20.8,8.6,0.0,No,No
2024-05-01,Hubballi,19.7,32.3,25.9,,1010.2,15.0,NW,42.7,6.8,0.0,No,Yes
2024-05-02,Belagavi,17.1,26.8,21.8,57.0,1014.4,17.9,SW,61.7,4.0,4.0,Yes,No
2024-05-03,Mysuru,24.7,37.3,30.7,54.5,1004.6,7.9,W,46.8,7.4,0.0,No,No
2024-05-04,Mysuru,16.0,24.5,21.4,59.9,1000.8,19.7,SW,64.3,4.1,2.8,Yes,Yes
2024-05-05,Mangaluru,19.4,28.1,23.7,35.4,1007.7,12.3,NW,44.2,6.9,0.0,No,No
2024-05-06,Bengaluru,15.6,26.6,20.2,45.0,1006.4,9.0,NE,37.0,6.7,0.0,No,No
2024-05-07,Hubballi,22.9,32.0,28.1,36.6,1003.9,16.0,,41.0,7.0,0.0,No,No
2024-05-08,Bengaluru,20.9,32.4,27.8,43.4,1007.8,11.2,N,49.4,5.6,0.0,No,No
2024-05-09,Hubballi,20.3,30.0,27.0,60.4,1005.2,12.7,NE,51.2,6.2,0.0,No,Yes
2024-05-10,Mangaluru,17.1,28.2,24.0,49.7,999.2,11.5,E,47.1,6.1,7.3,Yes,No
2024-05-11,Mysuru,20.4,27.7,23.4,79.8,1006.2,9.9,SW,45.4,7.2,13.3,Yes,Yes
2024-05-12,Mangaluru,24.0,35.8,29.9,51.0,1002.8,16.1,SW,38.9,5.8,5.2,Yes,Yes
2024-05-13,Hubballi,19.2,31.4,25.7,49.6,1009.7,12.1,E,78.7,1.3,14.8,Yes,Yes
2024-05-14,Mysuru,23.2,33.9,29.1,50.3,1005.3,7.6,W,63.6,3.5,8.0,Yes,Yes
2024-05-15,Bengaluru,19.5,30.1,24.2,41.6,,15.6,N,19.5,9.7,0.0,No,Yes
2024-05-16,Bengaluru,22.5,33.1,28.4,48.7,1016.8,8.6,NW,9.0,,0.0,No,No
2024-05-17,Belagavi,28.0,37.5,32.8,63.1,1012.2,8.9,NW,51.4,,13.5,Yes,Yes
2024-05-18,Bengaluru,23.9,35.4,29.8,51.1,1001.2,18.4,W,58.9,3.8,22.2,Yes,Yes
2024-05-19,Belagavi,19.6,31.6,25.7,40.4,1016.5,8.9,SW,33.4,7.3,0.0,No,No
2024-05-20,Mysuru,21.9,34.7,28.3,39.1,1016.9,4.5,NW,55.9,4.1,0.0,No,No
2024-05-21,Mangaluru,20.3,32.2,26.2,44.9,1009.2,16.3,E,43.9,5.3,0.8,No,No
2024-05-22,Mangaluru,23.4,32.8,27.1,51.4,1015.8,12.6,W,43.1,5.9,0.0,No,No
2024-05-23,Mysuru,18.9,30.9,25.6,65.1,,13.0,S,62.4,5.3,16.2,Yes,Yes
2024-05-24,Mysuru,22.3,30.4,26.2,34.9,1000.1,,NE,31.0,8.1,0.0,No,No
2024-05-25,Hubballi,23.1,31.6,27.6,47.3,1005.7,15.0,S,39.6,7.4,0.0,No,No
2024-05-26,Bengaluru,17.9,29.0,22.6,53.1,1018.2,11.1,S,56.3,3.4,0.0,No,No
2024-05-27,Bengaluru,16.6,28.3,22.4,29.6,1002.2,20.1,NE,36.4,7.0,0.0,No,Yes
2024-05-28,Bengaluru,15.0,26.5,20.8,41.8,1009.7,8.4,E,70.4,3.9,6.2,Yes,Yes
2024-05-29,Belagavi,13.0,23.9,19.9,43.9,1010.0,16.1,NE,53.0,3.7,0.0,No,Yes
2024-05-30,Bengaluru,17.5,28.2,21.3,42.7,1007.3,17.0,N,51.5,5.7,0.0,No,Yes
2024-05-31,Hubballi,21.9,30.0,26.7,54.8,1007.8,11.4,S,46.2,5.9,0.0,No,Yes
2024-06-01,Mangaluru,18.5,28.7,22.3,50.8,1010.4,10.5,SW,58.4,5.7,5.6,Yes,Yes
2024-06-02,Mangaluru,22.1,31.7,27.8,46.2,1007.4,18.7,S,38.7,6.9,0.0,No,No
2024-06-03,Belagavi,21.9,30.4,25.8,58.3,1003.1,10.7,W,52.5,5.0,7.5,Yes,No
2024-06-04,Hubballi,11.2,22.4,17.7,74.0,1011.4,12.4,E,40.9,7.7,10.1,Yes,Yes
2024-06-05,Mysuru,21.1,33.7,28.0,73.3,1015.8,18.4,NE,69.9,1.5,13.5,Yes,Yes
2024-06-06,Mangaluru,24.3,33.7,28.5,30.8,1014.9,15.1,SW,41.7,6.5,0.0,No,No
2024-06-07,Hubballi,15.2,24.9,21.2,61.0,1006.6,7.8,W,79.1,1.3,4.5,Yes,Yes
2024-06-08,Mysuru,21.6,29.8,26.7,52.2,1004.5,22.1,NW,81.8,2.1,13.9,Yes,Yes
2024-06-09,Belagavi,17.0,27.4,21.5,56.4,1009.4,13.1,SE,59.0,5.7,11.4,Yes,Yes
2024-06-10,Bengaluru,21.4,30.2,25.2,50.0,1018.8,13.7,NW,46.0,,0.0,No,No
2024-06-11,Hubballi,13.7,24.0,19.6,56.4,,16.4,SW,33.4,5.5,0.0,No,No
2024-06-12,Mangaluru,13.7,21.5,17.3,57.1,1014.6,17.9,E,61.4,7.7,12.4,Yes,Yes
2024-06-13,Belagavi,18.7,29.1,22.9,48.6,1015.7,23.4,E,47.6,4.4,0.0,No,No
2024-06-14,Hubballi,17.1,29.9,23.8,45.0,1013.4,8.9,E,51.1,7.7,0.0,No,No
2024-06-15,Belagavi,17.5,28.8,22.5,50.6,1012.0,19.0,W,71.2,3.9,10.4,Yes,Yes
2024-06-16,Mysuru,12.8,23.1,19.3,59.1,,18.7,NE,36.3,6.3,0.0,No,No
2024-06-17,Hubballi,16.2,28.7,22.3,63.7,1008.9,15.3,E,36.6,7.6,0.0,No,Yes
2024-06-18,Bengaluru,20.3,31.7,24.8,67.0,1004.6,19.1,W,48.3,7.6,12.0,Yes,Yes
2024-06-19,Mysuru,19.5,28.8,23.4,51.1,1015.4,19.7,N,57.8,3.8,0.0,No,No
2024-06-20,Bengaluru,20.8,27.4,24.2,60.7,1018.1,10.6,N,57.6,4.6,0.0,No,No
2024-06-21,Belagavi,13.8,26.4,20.6,69.1,1006.4,23.2,S,39.2,7.7,1.1,Yes,Yes
2024-06-22,Bengaluru,23.6,33.0,27.9,71.8,1016.2,10.0,S,,4.9,5.5,Yes,Yes
2024-06-23,Mysuru,12.6,24.2,18.3,57.3,1020.6,11.8,NE,29.9,8.8,1.2,Yes,No
2024-06-24,Mysuru,18.9,28.6,24.9,55.6,1012.3,15.4,SE,34.7,7.7,6.7,Yes,Yes
2024-06-25,Mysuru,23.7,32.9,27.5,60.8,1008.3,24.2,S,47.6,8.2,14.1,Yes,Yes
2024-06-26,Belagavi,18.8,29.7,24.6,45.0,1013.1,15.4,S,34.7,7.3,0.0,No,No
2024-06-27,Mangaluru,18.7,27.1,21.7,56.7,1009.9,16.6,S,61.0,5.2,7.4,Yes,Yes
2024-06-28,Belagavi,15.6,26.2,20.2,68.3,1009.6,22.5,SW,56.6,5.7,0.0,No,Yes
2024-06-29,Mysuru,22.0,31.5,26.4,67.3,1015.0,15.7,NW,78.4,3.3,9.5,Yes,Yes
2024-06-30,Belagavi,9.7,20.7,16.4,56.6,1004.9,12.2,W,43.9,7.4,15.2,Yes,Yes
2024-07-01,Hubballi,11.1,22.3,18.1,62.7,1005.8,15.4,S,48.3,,2.5,Yes,Yes
2024-07-02,Hubballi,16.1,26.0,20.2,50.5,1013.2,22.6,NW,63.3,5.7,10.7,Yes,Yes
2024-07-03,Mangaluru,21.2,32.3,26.6,69.1,1013.1,17.5,E,51.3,6.9,5.5,Yes,Yes
2024-07-04,Belagavi,17.1,27.7,23.1,59.9,1015.1,25.0,S,71.4,4.6,0.0,No,Yes
2024-07-05,Belagavi,13.8,21.9,17.5,57.8,1022.8,20.3,SW,56.2,5.9,2.5,Yes,Yes
2024-07-06,Hubballi,14.3,25.5,20.0,57.0,1014.1,14.9,NE,12.5,7.7,0.0,No,No
2024-07-07,Mysuru,14.6,22.9,18.7,60.9,1016.6,17.8,SW,67.0,3.8,4.6,Yes,Yes
2024-07-08,Bengaluru,14.5,25.0,18.1,56.5,1008.9,14.2,E,61.3,5.9,12.4,Yes,Yes
2024-07-09,Mysuru,18.4,30.2,24.8,70.1,1017.7,15.0,SW,67.3,,0.0,No,Yes
2024-07-10,Mangaluru,10.2,20.6,15.2,57.7,1011.3,35.7,NW,19.4,6.1,0.0,No,No
2024-07-11,Bengaluru,22.8,30.6,27.0,81.8,1014.4,22.0,E,,5.3,9.5,Yes,Yes
2024-07-12,Mysuru,19.1,29.2,23.8,80.5,1013.6,,NE,48.4,6.0,11.1,Yes,Yes
2024-07-13,Belagavi,20.0,28.9,24.7,52.5,1019.4,15.6,NW,33.4,6.2,0.5,No,No
2024-07-14,Belagavi,12.2,23.1,18.3,64.3,1007.8,24.4,SE,,2.6,15.9,Yes,Yes
2024-07-15,Hubballi,12.9,24.6,19.4,55.9,1003.1,22.6,S,47.2,6.6,0.0,No,Yes
2024-07-16,Belagavi,9.3,19.1,14.2,60.0,1013.5,25.8,N,48.5,7.9,2.4,Yes,No
2024-07-17,Belagavi,13.4,23.9,17.7,88.2,1017.0,25.7,SE,68.6,1.8,18.3,Yes,Yes
2024-07-18,Mangaluru,15.7,25.0,21.6,,1015.5,12.6,S,57.8,5.0,0.0,No,Yes
2024-07-19,Bengaluru,18.1,28.4,24.7,69.0,1021.0,14.1,N,2.6,10.3,0.0,No,No
2024-07-20,Mysuru,11.5,18.6,15.0,71.4,1017.1,14.6,E,43.9,7.3,0.5,No,Yes
2024-07-21,Mysuru,11.6,24.1,17.8,53.1,1012.2,14.9,SW,25.1,8.3,0.0,No,No
2024-07-22,Mangaluru,13.3,22.0,18.5,55.1,1003.5,20.1,E,53.1,7.7,7.6,Yes,Yes
2024-07-23,Bengaluru,6.9,20.3,13.4,51.2,1014.1,16.6,E,41.1,,0.0,No,No
2024-07-24,Belagavi,16.2,28.1,21.2,55.2,1020.5,27.2,S,47.3,7.6,0.0,No,No
2024-07-25,Mangaluru,9.4,22.8,15.8,31.9,1013.5,26.7,NE,6.6,8.7,0.0,No,No
2024-07-26,Belagavi,12.6,24.8,17.8,72.9,1015.7,19.1,E,49.5,5.9,11.6,Yes,Yes
2024-07-27,Mysuru,13.1,20.3,16.7,91.2,1017.7,,W,78.2,2.0,11.1,Yes,Yes
2024-07-28,Mangaluru,12.2,20.8,15.2,68.6,1010.6,25.2,E,73.6,4.9,2.6,Yes,Yes
2024-07-29,Mangaluru,12.7,22.8,18.2,50.0,1018.9,17.5,E,55.8,5.2,0.0,No,No
2024-07-30,Mangaluru,11.9,23.2,17.3,,1024.1,11.4,SW,28.8,8.0,0.0,No,No
2024-07-31,Mysuru,12.7,21.1,16.5,62.0,1015.1,18.6,S,68.7,3.9,23.7,Yes,Yes
2024-08-01,Mysuru,8.6,19.5,15.0,55.5,1010.4,17.0,NW,58.1,5.9,6.0,Yes,Yes
2024-08-02,Hubballi,12.6,25.7,19.0,78.3,1015.8,20.5,N,54.5,,8.5,Yes,Yes
2024-08-03,Mysuru,18.1,29.2,24.3,77.9,1005.1,20.1,SE,25.8,6.7,4.1,Yes,Yes
2024-08-04,Mysuru,11.4,24.1,18.1,54.5,1018.0,20.0,E,61.1,3.8,0.0,No,Yes
2024-08-05,Belagavi,16.4,27.0,21.4,77.3,1018.7,22.0,SE,47.0,6.0,8.2,Yes,Yes
2024-08-06,Mysuru,5.9,17.4,11.8,87.1,1024.9,15.1,NE,65.0,5.4,9.8,Yes,Yes
2024-08-07,Bengaluru,11.2,22.2,17.8,91.8,1015.6,21.6,NE,62.8,7.0,14.6,Yes,Yes
2024-08-08,Belagavi,7.9,16.7,12.7,,1018.7,18.3,W,88.1,3.0,23.5,Yes,Yes
2024-08-09,Hubballi,5.6,17.6,11.1,58.6,1012.5,20.9,NE,46.6,7.3,1.9,Yes,Yes
2024-08-10,Bengaluru,8.9,17.0,13.9,100.0,1015.1,24.0,E,,2.7,8.2,Yes,Yes
2024-08-11,Hubballi,14.6,25.2,21.5,65.5,1009.3,15.4,SE,74.9,6.2,16.4,Yes,Yes
2024-08-12,Mangaluru,15.7,24.0,20.5,62.9,1016.0,19.2,N,,7.4,0.0,No,No
2024-08-13,Mangaluru,13.3,24.3,17.5,74.1,1015.5,19.9,S,66.9,4.4,9.1,Yes,Yes
2024-08-14,Mangaluru,4.8,13.4,10.3,63.4,1018.6,18.4,SE,47.4,5.9,7.7,Yes,Yes
2024-08-15,Mysuru,11.5,18.6,15.6,75.3,1014.1,24.1,S,40.1,5.3,14.9,Yes,Yes
2024-08-16,Mysuru,11.1,21.4,17.5,54.9,1017.7,,W,47.0,5.1,0.0,No,No
2024-08-17,Belagavi,10.3,21.0,16.9,68.1,1015.7,18.4,SE,62.6,7.1,6.8,Yes,Yes
2024-08-18,Bengaluru,4.3,13.9,8.7,86.5,1015.8,17.9,E,79.9,2.2,19.0,Yes,Yes
2024-08-19,Bengaluru,8.0,19.3,12.4,70.6,1017.9,25.1,N,75.4,2.5,0.8,No,Yes
2024-08-20,Mangaluru,12.3,20.5,15.6,73.1,1017.8,18.8,E,49.8,5.0,9.2,Yes,Yes
2024-08-21,Mangaluru,13.9,22.1,18.0,77.3,1021.4,22.7,NE,41.1,5.1,2.9,Yes,No
2024-08-22,Mysuru,3.7,13.2,6.9,85.8,1017.1,28.8,N,54.5,5.5,11.4,Yes,Yes
2024-08-23,Hubballi,9.0,19.5,15.0,52.1,1016.0,20.7,SW,28.1,9.0,0.0,No,No
2024-08-24,Bengaluru,12.4,19.7,16.1,79.1,1016.9,25.5,SW,53.4,4.8,10.2,Yes,Yes
2024-08-25,Bengaluru,15.6,25.1,18.9,69.0,1014.3,27.8,SE,47.5,4.4,8.8,Yes,Yes
2024-08-26,Hubballi,14.5,21.2,18.2,74.4,1016.1,25.2,NW,65.7,4.9,10.2,Yes,Yes
2024-08-27,Bengaluru,13.1,21.5,17.7,85.2,1028.2,21.1,W,26.0,7.8,0.0,No,No
2024-08-28,Bengaluru,7.4,17.6,12.1,58.3,1013.5,23.8,E,37.3,8.1,0.0,No,Yes
2024-08-29,Mysuru,1.0,11.0,7.5,60.6,1016.7,16.1,S,38.4,6.3,0.0,No,No
2024-08-30,Bengaluru,9.4,17.6,13.5,49.7,1016.2,18.2,E,62.7,4.5,0.3,No,Yes
2024-08-31,Mangaluru,13.2,23.6,19.0,66.5,1017.0,18.9,E,34.9,6.9,4.1,Yes,Yes
2024-09-01,Mangaluru,14.0,25.1,20.5,89.1,1016.6,30.4,SE,64.1,4.8,11.1,Yes,Yes
2024-09-02,Belagavi,11.3,24.6,17.7,71.9,1019.7,18.2,SE,51.8,5.2,0.0,No,No
2024-09-03,Mysuru,12.8,22.3,16.6,57.3,1009.8,18.2,NE,63.6,4.0,7.6,Yes,No
2024-09-04,Mysuru,12.2,19.4,16.3,67.7,1023.6,17.3,W,61.0,2.7,0.1,No,Yes
2024-09-05,Mangaluru,9.3,16.4,12.5,55.8,1021.6,23.8,NW,49.1,5.2,1.3,Yes,No
2024-09-06,Mysuru,9.2,19.6,14.1,60.2,1012.3,22.2,N,40.8,7.5,0.0,No,Yes
2024-09-07,Mysuru,16.7,27.1,21.3,78.5,1007.2,26.0,E,28.6,8.6,9.1,Yes,Yes
2024-09-08,Belagavi,5.6,15.3,10.8,59.9,1013.7,24.3,,52.6,,0.0,No,Yes
2024-09-09,Hubballi,16.1,27.4,21.0,87.4,1017.4,16.2,SW,67.9,5.9,14.9,Yes,Yes
2024-09-10,Bengaluru,7.2,20.0,13.2,73.3,1031.6,18.5,SW,30.7,7.4,0.0,No,No
2024-09-11,Belagavi,14.0,25.2,19.7,75.2,1021.4,27.2,SE,36.6,5.3,0.0,No,Yes
2024-09-12,Hubballi,4.0,14.0,8.8,71.0,1009.7,21.0,SE,57.2,3.3,3.5,Yes,Yes
2024-09-13,Bengaluru,13.5,22.7,16.7,83.6,1015.3,26.5,NE,63.5,6.2,9.2,Yes,Yes
2024-09-14,Mangaluru,7.0,17.5,11.4,83.8,,21.2,N,43.7,5.9,13.8,Yes,Yes
2024-09-15,Hubballi,4.3,12.5,8.6,78.5,1020.1,18.0,SW,47.8,4.6,1.4,Yes,No
2024-09-16,Bengaluru,11.7,20.0,15.1,81.3,1012.3,20.6,NE,30.0,4.8,0.0,No,Yes
2024-09-17,Belagavi,14.0,23.0,18.2,72.1,1018.2,18.0,SE,74.5,3.3,10.8,Yes,Yes
2024-09-18,Bengaluru,3.8,17.6,10.8,81.2,1015.3,19.6,W,38.0,7.3,5.4,Yes,No
2024-09-19,Mysuru,1.9,11.6,8.1,70.7,1013.4,22.7,NW,61.4,4.0,5.2,Yes,Yes
2024-09-20,Bengaluru,7.5,20.5,13.7,74.8,1020.2,24.0,NW,54.4,4.2,4.2,Yes,Yes
2024-09-21,Mangaluru,7.4,19.0,13.7,71.5,1022.8,,S,73.0,3.3,13.5,Yes,Yes
2024-09-22,Belagavi,9.8,20.4,16.3,69.4,1023.1,21.9,,40.9,8.1,2.7,Yes,Yes
2024-09-23,Hubballi,13.6,24.3,17.9,66.6,1021.8,19.6,W,52.6,3.9,4.7,Yes,Yes
2024-09-24,Bengaluru,9.5,17.0,13.8,80.5,1016.5,19.4,E,31.7,6.6,0.0,No,Yes
2024-09-25,Belagavi,17.1,25.7,21.5,90.7,1022.6,22.5,SE,32.2,8.8,21.5,Yes,Yes
2024-09-26,Mangaluru,8.6,20.9,14.9,89.0,1020.5,19.8,SE,69.6,4.8,20.1,Yes,Yes
2024-09-27,Hubballi,6.4,18.9,12.6,59.9,1019.7,27.5,NE,22.2,8.4,0.0,No,No
2024-09-28,Bengaluru,4.5,11.2,7.6,90.5,1015.9,26.7,S,57.8,4.4,6.2,Yes,Yes
2024-09-29,Mangaluru,6.2,19.7,13.0,71.2,1016.5,26.7,NE,68.6,4.3,14.6,Yes,Yes
2024-09-30,Mysuru,8.5,15.9,12.7,82.2,1019.4,,W,69.1,3.6,8.7,Yes,Yes
2024-10-01,Belagavi,12.3,22.6,17.8,64.1,1031.2,18.1,S,40.7,5.6,0.0,No,Yes
2024-10-02,Belagavi,10.3,19.2,15.9,76.7,1020.5,22.3,SE,31.9,6.0,0.0,No,No
2024-10-03,Bengaluru,5.8,12.7,9.3,78.7,1015.9,21.4,NW,64.1,5.6,3.2,Yes,Yes
2024-10-04,Mangaluru,8.9,21.4,14.7,57.1,1014.8,19.6,W,68.0,,7.2,Yes,Yes
2024-10-05,Hubballi,11.6,23.3,16.7,82.2,1016.5,17.3,NE,48.0,6.4,13.7,Yes,Yes
2024-10-06,Hubballi,14.7,25.6,20.2,,1029.9,21.8,N,49.4,6.1,9.8,Yes,Yes
2024-10-07,Hubballi,12.8,24.5,17.6,72.8,1017.0,20.3,SW,46.2,6.7,7.6,Yes,Yes
2024-10-08,Hubballi,10.9,22.1,17.1,91.2,1023.5,24.7,NE,70.0,3.9,13.1,Yes,Yes
2024-10-09,Bengaluru,8.8,20.5,14.3,72.5,1017.0,24.6,NE,72.4,3.4,7.7,Yes,Yes
2024-10-10,Bengaluru,11.9,19.1,15.7,85.0,1020.2,26.3,NW,40.4,5.7,6.9,Yes,Yes
2024-10-11,Belagavi,13.1,23.7,19.1,48.1,1022.9,,W,21.8,6.5,0.0,No,No
2024-10-12,Mangaluru,3.8,13.9,8.8,100.0,1016.0,23.5,N,100.0,0.3,27.1,Yes,Yes
2024-10-13,Mysuru,9.7,18.9,12.8,92.6,1015.6,19.0,N,59.4,,21.7,Yes,Yes
2024-10-14,Bengaluru,6.6,15.5,11.1,71.1,1027.1,17.0,E,57.3,3.3,0.5,No,Yes
2024-10-15,Hubballi,11.2,22.7,15.8,50.8,1023.7,20.1,N,35.0,5.4,0.0,No,No
2024-10-16,Mysuru,13.0,25.2,19.2,77.9,,26.1,S,63.5,6.0,7.4,Yes,Yes
2024-10-17,Belagavi,8.0,17.1,12.0,57.0,1022.7,20.3,SW,62.2,5.1,0.5,No,Yes
2024-10-18,Hubballi,0.0,9.1,4.8,79.6,1021.0,28.0,SW,61.3,4.3,7.8,Yes,Yes
2024-10-19,Mangaluru,9.6,18.3,12.8,79.1,1028.8,23.9,E,82.8,5.8,18.0,Yes,Yes
2024-10-20,Mysuru,11.6,23.8,18.1,62.8,1018.9,20.1,S,45.2,4.3,4.0,Yes,Yes
2024-10-21,Belagavi,11.9,22.4,16.7,87.5,1021.5,26.3,W,,6.5,0.9,No,Yes
2024-10-22,Bengaluru,9.9,21.6,16.3,83.6,1011.3,23.4,E,61.9,4.7,22.9,Yes,Yes
2024-10-23,Mangaluru,7.8,18.1,13.5,85.5,1014.4,17.9,W,66.2,5.4,0.0,No,Yes
2024-10-24,Hubballi,5.3,15.8,9.6,73.8,1012.5,29.0,E,58.0,5.3,21.7,Yes,Yes
2024-10-25,Mysuru,10.9,20.8,16.8,56.6,1024.8,22.6,SW,28.4,5.4,0.0,No,No
2024-10-26,Belagavi,6.6,17.0,11.5,85.3,1005.6,21.6,NW,63.8,4.8,15.8,Yes,Yes
2024-10-27,Mysuru,19.2,28.5,23.6,70.2,1016.3,18.0,W,47.5,6.4,3.0,Yes,Yes
2024-10-28,Mangaluru,11.5,23.8,17.2,56.6,1003.3,26.1,S,38.9,4.1,4.0,Yes,Yes
2024-10-29,Bengaluru,6.6,18.0,12.7,89.4,1014.1,23.5,SE,61.2,7.2,14.4,Yes,Yes
2024-10-30,Bengaluru,6.8,19.0,12.6,98.2,1015.8,23.9,SW,49.9,6.2,13.2,Yes,Yes
2024-10-31,Mangaluru,9.9,21.6,14.7,72.4,1025.1,19.3,NW,36.9,7.7,5.8,Yes,Yes
2024-11-01,Hubballi,10.2,17.7,14.2,98.7,1020.1,24.6,SE,25.2,6.5,9.7,Yes,Yes
2024-11-02,Mysuru,13.5,24.9,19.7,73.7,1013.9,24.9,NE,80.7,4.1,8.1,Yes,Yes
2024-11-03,Hubballi,11.7,22.6,16.1,67.9,1023.3,18.5,W,60.5,6.3,7.5,Yes,Yes
2024-11-04,Belagavi,7.0,19.0,12.5,64.8,1018.0,15.4,SE,49.2,6.2,4.3,Yes,Yes
2024-11-05,Hubballi,19.6,26.8,23.1,91.9,,23.4,SW,51.7,5.7,8.0,Yes,Yes
2024-11-06,Mangaluru,9.8,20.7,15.8,62.7,1011.8,14.7,NE,6.9,8.3,0.0,No,No
2024-11-07,Bengaluru,11.9,22.6,18.7,80.7,1012.8,21.6,SE,46.4,5.9,7.2,Yes,Yes
2024-11-08,Mangaluru,8.5,19.9,13.3,65.0,1013.6,19.1,NE,61.7,4.2,4.9,Yes,Yes
2024-11-09,Mangaluru,12.1,20.3,17.3,66.1,1017.9,25.7,NW,65.6,5.2,4.3,Yes,Yes
2024-11-10,Mysuru,10.6,21.0,17.2,83.8,,19.2,NW,68.1,3.3,0.0,No,No
2024-11-11,Mangaluru,2.3,13.1,8.4,66.7,1025.2,25.2,SW,54.0,6.2,0.0,No,Yes
2024-11-12,Belagavi,17.3,28.0,24.2,66.2,1019.4,18.6,NE,71.0,3.1,10.9,Yes,Yes
2024-11-13,Mysuru,17.3,28.2,21.4,,1003.8,24.6,SW,53.9,5.2,14.8,Yes,Yes
2024-11-14,Mysuru,9.8,18.7,14.7,89.9,1018.6,28.8,NW,77.2,4.3,9.1,Yes,No
2024-11-15,Hubballi,7.2,16.4,12.0,78.3,1010.0,16.2,N,50.5,4.9,15.3,Yes,Yes
2024-11-16,Mangaluru,13.0,21.6,17.9,62.5,1012.3,21.6,SW,36.8,7.7,0.0,No,No
2024-11-17,Hubballi,10.3,23.6,16.9,64.0,1013.0,31.4,NE,35.5,7.7,0.0,No,No
2024-11-18,Hubballi,14.3,22.8,18.1,70.9,1013.7,20.6,W,37.4,6.6,15.4,Yes,Yes
2024-11-19,Mysuru,11.0,21.6,17.6,73.6,1010.0,20.5,SW,64.3,6.0,5.0,Yes,Yes
2024-11-20,Hubballi,13.6,22.9,18.9,57.7,1017.8,23.3,NW,36.9,7.0,1.0,Yes,Yes
2024-11-21,Hubballi,17.6,28.1,22.8,78.1,1009.7,20.3,SW,40.7,7.9,2.5,Yes,Yes
2024-11-22,Mysuru,14.7,26.3,19.4,70.2,1018.5,,W,63.8,6.8,7.4,Yes,Yes
2024-11-23,Mysuru,7.9,19.9,13.0,48.4,1027.8,,S,49.3,5.6,0.0,No,No
2024-11-24,Bengaluru,16.6,29.7,22.8,57.6,1009.9,11.9,S,62.5,5.6,0.0,No,No
2024-11-25,Mangaluru,19.0,28.5,24.0,62.5,1015.0,18.2,NE,57.7,4.4,6.9,Yes,Yes
2024-11-26,Bengaluru,24.1,36.8,30.2,67.5,,24.6,S,40.7,5.4,8.2,Yes,Yes
2024-11-27,Mysuru,8.5,18.0,13.2,90.8,1014.7,18.3,SE,62.5,4.6,21.8,Yes,Yes
2024-11-28,Belagavi,15.0,23.8,18.8,70.8,1019.4,16.9,S,55.2,3.8,4.1,Yes,Yes
2024-11-29,Hubballi,4.9,14.7,9.6,57.6,1019.7,23.1,NW,34.2,6.0,7.6,Yes,Yes
2024-11-30,Hubballi,14.3,23.5,20.2,70.1,,16.1,N,36.5,7.7,2.2,Yes,Yes
2024-12-01,Mysuru,9.5,19.7,15.9,63.0,1020.3,14.5,S,40.0,6.1,0.8,No,No
2024-12-02,Hubballi,19.9,32.5,26.0,70.9,1028.5,20.4,SE,83.9,3.9,0.0,No,No
2024-12-03,Bengaluru,10.8,21.9,15.3,73.7,1024.3,18.5,NW,48.3,6.3,0.0,No,Yes
2024-12-04,Hubballi,6.4,15.6,11.8,81.1,1013.0,14.2,SW,75.9,5.9,18.7,Yes,Yes
2024-12-05,Belagavi,12.3,21.0,16.7,66.0,1008.3,21.7,SE,44.4,6.9,3.8,Yes,No
2024-12-06,Mangaluru,5.0,17.2,10.9,85.7,1013.4,20.9,NE,72.6,5.3,17.4,Yes,Yes
2024-12-07,Bengaluru,17.1,25.7,21.9,76.7,1010.6,17.5,E,69.2,4.7,8.5,Yes,Yes
2024-12-08,Mangaluru,4.7,17.3,10.8,57.1,1017.5,17.7,SE,62.1,5.2,2.7,Yes,Yes
2024-12-09,Mangaluru,16.2,25.5,19.3,91.9,1009.2,,NE,67.6,5.8,19.5,Yes,Yes
2024-12-10,Belagavi,6.6,17.2,11.0,69.0,1014.7,23.5,NE,73.3,,3.0,Yes,Yes
2024-12-11,Belagavi,11.6,24.7,18.1,54.9,1019.1,17.5,S,52.6,5.9,2.0,Yes,Yes
2024-12-12,Belagavi,21.8,32.7,26.1,84.5,1014.3,21.2,NW,84.5,3.2,8.2,Yes,Yes
2024-12-13,Belagavi,16.5,27.8,21.1,89.3,1010.0,20.7,S,36.4,7.6,10.9,Yes,Yes
